utt_id,prefix_seconds,clean_dns_overall,clean_dns_overall_full,anchor_dns_overall,anchor_dns_overall_full,arecho_dns_overall,arecho_dns_overall_full,delta_anchor_vs_clean_dns_overall,delta_anchor_vs_clean_dns_overall_full,delta_arecho_vs_clean_dns_overall,delta_arecho_vs_clean_dns_overall_full,clean_dns_p808,clean_dns_p808_full,anchor_dns_p808,anchor_dns_p808_full,arecho_dns_p808,arecho_dns_p808_full,delta_anchor_vs_clean_dns_p808,delta_anchor_vs_clean_dns_p808_full,delta_arecho_vs_clean_dns_p808,delta_arecho_vs_clean_dns_p808_full,clean_utmos,clean_utmos_full,anchor_utmos,anchor_utmos_full,arecho_utmos,arecho_utmos_full,delta_anchor_vs_clean_utmos,delta_anchor_vs_clean_utmos_full,delta_arecho_vs_clean_utmos,delta_arecho_vs_clean_utmos_full,clean_utmosv2,clean_utmosv2_full,anchor_utmosv2,anchor_utmosv2_full,arecho_utmosv2,arecho_utmosv2_full,delta_anchor_vs_clean_utmosv2,delta_anchor_vs_clean_utmosv2_full,delta_arecho_vs_clean_utmosv2,delta_arecho_vs_clean_utmosv2_full,clean_plcmos,clean_plcmos_full,anchor_plcmos,anchor_plcmos_full,arecho_plcmos,arecho_plcmos_full,delta_anchor_vs_clean_plcmos,delta_anchor_vs_clean_plcmos_full,delta_arecho_vs_clean_plcmos,delta_arecho_vs_clean_plcmos_full,clean_nisqa_mos_pred,clean_nisqa_mos_pred_full,anchor_nisqa_mos_pred,anchor_nisqa_mos_pred_full,arecho_nisqa_mos_pred,arecho_nisqa_mos_pred_full,delta_anchor_vs_clean_nisqa_mos_pred,delta_anchor_vs_clean_nisqa_mos_pred_full,delta_arecho_vs_clean_nisqa_mos_pred,delta_arecho_vs_clean_nisqa_mos_pred_full,clean_nisqa_noi_pred,clean_nisqa_noi_pred_full,anchor_nisqa_noi_pred,anchor_nisqa_noi_pred_full,arecho_nisqa_noi_pred,arecho_nisqa_noi_pred_full,delta_anchor_vs_clean_nisqa_noi_pred,delta_anchor_vs_clean_nisqa_noi_pred_full,delta_arecho_vs_clean_nisqa_noi_pred,delta_arecho_vs_clean_nisqa_noi_pred_full,clean_nisqa_dis_pred,clean_nisqa_dis_pred_full,anchor_nisqa_dis_pred,anchor_nisqa_dis_pred_full,arecho_nisqa_dis_pred,arecho_nisqa_dis_pred_full,delta_anchor_vs_clean_nisqa_dis_pred,delta_anchor_vs_clean_nisqa_dis_pred_full,delta_arecho_vs_clean_nisqa_dis_pred,delta_arecho_vs_clean_nisqa_dis_pred_full,clean_se_si_snr,clean_se_si_snr_full,anchor_se_si_snr,anchor_se_si_snr_full,arecho_se_si_snr,arecho_se_si_snr_full,delta_anchor_vs_clean_se_si_snr,delta_anchor_vs_clean_se_si_snr_full,delta_arecho_vs_clean_se_si_snr,delta_arecho_vs_clean_se_si_snr_full,clean_se_sdr,clean_se_sdr_full,anchor_se_sdr,anchor_se_sdr_full,arecho_se_sdr,arecho_se_sdr_full,delta_anchor_vs_clean_se_sdr,delta_anchor_vs_clean_se_sdr_full,delta_arecho_vs_clean_se_sdr,delta_arecho_vs_clean_se_sdr_full,clean_asr_match_error_rate,clean_asr_match_error_rate_full,anchor_asr_match_error_rate,anchor_asr_match_error_rate_full,arecho_asr_match_error_rate,arecho_asr_match_error_rate_full,delta_anchor_vs_clean_asr_match_error_rate,delta_anchor_vs_clean_asr_match_error_rate_full,delta_arecho_vs_clean_asr_match_error_rate,delta_arecho_vs_clean_asr_match_error_rate_full,clean_speech_bert,clean_speech_bert_full,anchor_speech_bert,anchor_speech_bert_full,arecho_speech_bert,arecho_speech_bert_full,delta_anchor_vs_clean_speech_bert,delta_anchor_vs_clean_speech_bert_full,delta_arecho_vs_clean_speech_bert,delta_arecho_vs_clean_speech_bert_full,clean_spk_similarity,clean_spk_similarity_full,anchor_spk_similarity,anchor_spk_similarity_full,arecho_spk_similarity,arecho_spk_similarity_full,delta_anchor_vs_clean_spk_similarity,delta_anchor_vs_clean_spk_similarity_full,delta_arecho_vs_clean_spk_similarity,delta_arecho_vs_clean_spk_similarity_full
fileid_134162__p002000,2,2.2393895125903036,2.2393895125903036,2.532496624886359,2.566990435577794,1.3574698774258431,,0.29310711229605557,0.32760092298749033,-0.8819196351644605,,2.819329261779785,2.819329261779785,3.2423034058995994,3.035421133041382,2.839452436171382,,0.42297414411981427,0.21609187126159668,0.020123174391597054,,1.9382092952728271,1.9382092952728271,2.1796877211835013,1.9622897153877352,1.7314075930530288,,0.24147842591067414,0.024080420114908074,-0.20680170221979832,,2.5239375114440916,2.5239375114440916,2.3220951553329408,2.486354217759098,2.2371546574864523,,-0.20184235611115087,-0.0375832936849938,-0.28678285395763936,,1.4192360480626425,1.4192360480626425,3.612587761400215,3.9737770714434273,2.9756688731422067,,2.1933517133375724,2.554541023380785,1.5564328250795643,,1.727636456489563,1.727636456489563,2.875215337937137,2.163616924400788,1.5732554288274314,,1.1475788814475738,0.43598046791122513,-0.15438102766213158,,2.310302734375,2.310302734375,3.18416780305196,3.5392496212419258,3.3862234799258673,,0.87386506867696,1.2289468868669258,1.0759207455508673,,3.9496028423309326,3.9496028423309326,0.774645984172821,3.8848892349794686,3.1656128354819426,,-3.1749568581581116,-0.06471360735146403,-0.78399000684899,,6.622535705566406,6.622535705566406,23.767339943881975,11.450604438781738,9.527900446849657,,17.14480423831557,4.828068733215332,2.9053647412832504,,6.956070142936499,6.956070142936499,25.202146780101433,13.375461168411661,8.712423712888931,,18.246076637164933,6.4193910254751625,1.7563535699524326,,0.0,0.0,0.0,0.0,0.0,,0.0,0.0,0.0,,0.8500288724899292,0.8500288724899292,0.8611998787845474,0.8168763518333435,0.8661046480558005,,0.011171006294618202,-0.03315252065658569,0.016075775565871253,,0.7443395256996155,0.7443395256996155,0.7203324336603464,0.85493,0.8453808024705174,,-0.024007092039269096,0.11059047430038449,0.10104127677090191,
fileid_210097__p002000,2,,,1.139229178396868,1.1050819589470753,1.4728107445863547,,,,,,,,2.3243172728871726,2.456054449081421,2.241893527019455,,,,,,,,1.3166314708181175,1.318721792784082,1.2423320369548108,,,,,,,,1.7044373755474167,1.6813594341278075,1.7205357574554812,,,,,,,,2.905926442050551,1.133904186884562,1.3676214585821314,,,,,,,,0.7466672486569508,0.9165201783180237,0.6965742455907615,,,,,,,,1.7194236086075565,1.4902901132422757,1.4412141308248283,,,,,,,,2.595855776085911,2.706125951675047,2.600325950657029,,,,,,,,3.53799064954122,1.9207297563552856,1.7227483889664035,,,,,,,,1.1833005682130726,4.873959255461502,4.140567098095246,,,,,,,,0.0,0.0,0.0,,,,,,,,0.7270962193787817,0.6807832717895508,0.6600044022602249,,,,,,,,0.3751673324998603,0.37378006706754846,0.40332496317269073,,,,,
fileid_213522__p002000,2,2.2107810889556703,2.2107810889556703,1.139229178396868,1.0979826890714457,1.6553081517645492,,-1.0715519105588023,-1.1127983998842246,-0.5554729371911211,,2.6830873489379883,2.6830873489379883,2.3243172728871726,2.456054449081421,2.3143744846903176,,-0.3587700760508157,-0.22703289985656738,-0.3687128642476707,,1.4055544137954712,1.4055544137954712,1.332007497189993,1.2619926929473877,1.2865364316955628,,-0.0735469166054783,-0.1435617208480835,-0.11901798209990844,,2.2020707607269285,2.2020707607269285,1.7044373755474167,2.040241865364902,1.7205357574554812,,-0.49763338517951183,-0.1618288953620266,-0.4815350032714474,,2.142056401570638,2.142056401570638,2.905926442050551,1.375575335820516,1.3676214585821314,,0.763870040479913,-0.7664810657501218,-0.7744349429885065,,1.920392394065857,1.920392394065857,1.0790071473064193,1.224821959633425,0.8374568326884962,,-0.8413852467594376,-0.6955704344324318,-1.0829355613773606,,1.5033786296844482,1.5033786296844482,1.3122871266790184,1.2911411667444619,1.4412141308248283,,-0.19109150300542987,-0.21223746293998635,-0.06216449885961994,,4.171450138092041,4.171450138092041,3.0703602038234115,2.706125951675047,3.1656128354819426,,-1.1010899342686296,-1.4653241864169941,-1.0058373026100984,,11.681819915771484,11.681819915771484,5.048855207052576,5.465547561645508,8.038731500326868,,-6.632964708718909,-6.216272354125977,-3.643088415444616,,11.82368449079624,11.82368449079624,3.698935347968489,7.506840487240041,11.525480238086931,,-8.12474914282775,-4.316844003556199,-0.29820425270930784,,0.07547169811320754,0.07547169811320754,0.0,0.0,0.0,,-0.07547169811320754,-0.07547169811320754,-0.07547169811320754,,0.8336160182952881,0.8336160182952881,0.8436501145841606,0.8288424273571336,0.8244241985930018,,0.01003409628887253,-0.004773590938154437,-0.00919181970228633,,0.8263535499572754,0.8263535499572754,0.5200078583146673,0.6127992868423462,0.5942318937385896,,-0.30634569164260805,-0.2135542631149292,-0.23212165621868575,
fileid_231257__p002000,2,,,2.33905517046609,2.1801044883189347,1.8254229189052373,,,,,,,,2.9317514561266305,2.89228892326355,2.7784571173679398,,,,,,,,1.5313415972583266,1.3807680937181037,1.5549622723855165,,,,,,,,2.179533685163322,2.1282028916370437,2.0609634577509865,,,,,,,,3.612587761400215,2.3831069636057656,2.5688801321159884,,,,,,,,1.6865811908101462,1.9918286039168582,1.5732554288274314,,,,,,,,3.18416780305196,2.009313520178737,2.773147483427362,,,,,,,,3.764311608061733,3.1096510887145996,3.1656128354819426,,,,,,,,11.135773340861004,9.351889610290527,9.527900446849657,,,,,,,,11.148725038606292,13.375461168411661,11.525480238086931,,,,,,,,0.0,0.0,0.0,,,,,,,,0.8755262415093111,0.8168763518333435,0.802390929685539,,,,,,,,0.5200078583146673,0.6533812880516052,0.6846697782895651,,,,,
fileid_243432__p002000,2,2.6129405193919375,2.6129405193919375,2.4868633897095065,2.50074513121587,2.51490741576413,,-0.126077129682431,-0.11219538817606756,-0.0980331036278077,,3.1454899311065674,3.1454899311065674,2.9518992211445267,2.89228892326355,3.3930183816626367,,-0.19359070996204064,-0.2532010078430176,0.2475284505560693,,3.201009750366211,3.201009750366211,2.79749743047967,2.5317776203155518,3.151167578965306,,-0.4035123198865409,-0.6692321300506592,-0.04984217140090497,,3.203497123718262,3.203497123718262,2.7695862099827533,2.82315673828125,3.0768062677728123,,-0.4339109137355086,-0.380340385437012,-0.1266908559454496,,2.395634078979492,2.395634078979492,3.612587761400215,2.3831069636057656,3.9040776577021385,,1.2169536824207228,-0.012527115373726527,1.5084435787226464,,2.8249523639678955,2.8249523639678955,2.6053803354860787,2.532307897705629,2.9315143033682576,,-0.21957202848181678,-0.2926444662622667,0.10656193940036207,,1.4231338500976562,1.4231338500976562,2.048991855368557,1.8592240810394287,1.910053672081974,,0.6258580052709006,0.43609023094177246,0.4869198219843178,,4.620725154876709,4.620725154876709,4.0373803851116135,4.300492355622441,4.3614301681518555,,-0.5833447697650955,-0.32023279925426795,-0.2592949867248535,,18.03567886352539,18.03567886352539,14.268370904118175,16.960037231445312,18.989276457024385,,-3.7673079594072156,-1.0756416320800781,0.9535975934989942,,18.090674535354353,18.090674535354353,18.578757744107048,13.375461168411661,19.884354983932738,,0.48808320875269473,-4.715213366942692,1.7936804485783853,,0.0,0.0,0.0,0.0,0.0,,0.0,0.0,0.0,,0.9184480309486389,0.9184480309486389,0.8863765539893185,0.8984962206288992,0.9168841319390569,,-0.032071476959320444,-0.019951810319739693,-0.0015638990095819816,,0.7717872262001038,0.7717872262001038,0.8555067700615696,0.85493,0.8453808024705174,,0.08371954386146585,0.08314277379989621,0.07359357627041363,
fileid_246349__p002000,2,1.0737803556889738,1.0737803556889738,1.139229178396868,1.0658554550657893,1.0723790661630388,,0.0654488227078942,-0.007924900623184516,-0.00140128952593499,,2.260185956954956,2.260185956954956,2.3243172728871726,2.456054449081421,2.1723606055041396,,0.06413131593221655,0.19586849212646484,-0.08782535145081649,,1.3541603088378906,1.3541603088378906,1.3025178148085812,1.3420000076293945,1.2701144151419521,,-0.05164249402930943,-0.012160301208496094,-0.08404589369593851,,1.4375627040863037,1.4375627040863037,1.7044373755474167,1.4510715007781982,1.7205357574554812,,0.266874671461113,0.013508796691894531,0.28297305336917744,,3.2136234919230144,3.2136234919230144,2.4114468622399143,1.375575335820516,1.3676214585821314,,-0.8021766296831001,-1.8380481561024984,-1.846002033340883,,1.0887553691864014,1.0887553691864014,0.37357303607894715,0.9165201783180237,0.6965742455907615,,-0.7151823331074543,-0.17223519086837769,-0.39218112359563984,,1.3497159481048584,1.3497159481048584,1.606235439518848,1.8592240810394287,1.5456904941294567,,0.25651949141398966,0.5095081329345703,0.1959745460245983,,3.0038440227508545,3.0038440227508545,2.309382260563862,2.706125951675047,2.1205695091959944,,-0.6944617621869926,-0.2977180710758076,-0.8832745135548601,,-5.212838649749756,-5.212838649749756,-5.49119660940515,-77.03638458251953,-7.212351354729219,,-0.278357959655394,-71.82354593276978,-1.9995127049794634,,-4.846434718337138,-4.846434718337138,-5.18663387744421,-9.015849860227167,-6.854500871520705,,-0.34019915910707255,-4.169415141890029,-2.0080661531835675,,0.5454545454545454,0.5454545454545454,0.0,0.0,0.0,,-0.5454545454545454,-0.5454545454545454,-0.5454545454545454,,0.5663679242134094,0.5663679242134094,0.5021360021039664,0.47412654254809916,0.5176130523643341,,-0.06423192210944306,-0.09224138166531026,-0.04875487184907534,,0.29588666558265686,0.29588666558265686,0.06023579583050735,0.048750489950180054,0.21585752764140745,,-0.2356508697521495,-0.2471361756324768,-0.08002913794124941,
fileid_29811__p002000,2,1.5577052141777876,1.5577052141777876,1.139229178396868,1.0979826890714457,1.5849459755670299,,-0.41847603578091963,-0.45972252510634193,0.027240761389242252,,2.4639265537261963,2.4639265537261963,2.3243172728871726,2.456054449081421,2.3143744846903176,,-0.1396092808390237,-0.00787210464477539,-0.1495520690358787,,1.3083815574645996,1.3083815574645996,1.332007497189993,1.2619926929473877,1.2865364316955628,,0.023625939725393286,-0.046388864517211914,-0.021845125769036855,,1.6006077766418456,1.6006077766418456,1.7044373755474167,1.6813594341278075,1.7205357574554812,,0.10382959890557109,0.08075165748596191,0.11992798081363554,,1.55203062693278,1.55203062693278,2.905926442050551,1.133904186884562,2.1167192651564815,,1.353895815117771,-0.41812644004821786,0.5646886382237015,,1.2181321382522583,1.2181321382522583,1.0790071473064193,1.1118789911270142,0.9307751843488838,,-0.13912499094583897,-0.10625314712524414,-0.28735695390337446,,1.3028414249420166,1.3028414249420166,1.5383496894893876,1.3980427133031639,1.4412141308248283,,0.23550826454737095,0.09520128836114727,0.1383727058828117,,4.144070625305176,4.144070625305176,3.0703602038234115,2.706125951675047,3.1656128354819426,,-1.0737104214817643,-1.437944673630129,-0.9784577898232332,,7.342425346374512,7.342425346374512,6.740390444376382,1.9207297563552856,4.930917533047227,,-0.6020349019981301,-5.421695590019226,-2.411507813327285,,7.813588255591279,7.813588255591279,3.698935347968489,4.873959255461502,5.959766511590203,,-4.11465290762279,-2.939629000129777,-1.8538217440010758,,0.0,0.0,0.0,0.0,0.0,,0.0,0.0,0.0,,0.7807674407958984,0.7807674407958984,0.7270962193787817,0.7375310034636992,0.7390830727466139,,-0.05367122141711678,-0.043236437332199285,-0.04168436804928455,,0.5568464398384094,0.5568464398384094,0.3751673324998603,0.2892498,0.40332496317269073,,-0.18167910733854914,-0.2675966398384094,-0.1535214766657187,
fileid_306980__p002000,2,1.288291883016466,1.288291883016466,1.139229178396868,1.1119407456883643,1.3574698774258431,,-0.14906270461959803,-0.1763511373281017,0.06917799440937711,,2.532581329345703,2.532581329345703,2.3243172728871726,2.456054449081421,2.241893527019455,,-0.20826405645853052,-0.07652688026428223,-0.29068780232624825,,1.2358733415603638,1.2358733415603638,1.3166314708181175,1.2598223686218262,1.2423320369548108,,0.08075812925775372,0.023949027061462402,0.006458695394446989,,2.2637842178344725,2.2637842178344725,1.7044373755474167,1.6813594341278075,1.7205357574554812,,-0.5593468422870558,-0.582424783706665,-0.5432484603789913,,1.5199055830637613,1.5199055830637613,2.4114468622399143,1.133904186884562,1.733218263047766,,0.891541279176153,-0.38600139617919926,0.2133126799840046,,1.6751192808151245,1.6751192808151245,1.0790071473064193,0.9165201783180237,0.6965742455907615,,-0.5961121335087052,-0.7585991024971008,-0.978545035224363,,1.4060618877410889,1.4060618877410889,1.5383496894893876,1.8592240810394287,1.5456904941294567,,0.13228780174829868,0.45316219329833984,0.13962860638836783,,4.3502726554870605,4.3502726554870605,2.309382260563862,2.706125951675047,2.1205695091959944,,-2.0408903949231987,-1.6441467038120137,-2.229703146291066,,-2.103492259979248,-2.103492259979248,1.0087677302609483,0.874367442475744,1.7227483889664035,,3.1122599902401964,2.977859702454992,3.8262406489456513,,-2.082663593792578,-2.082663593792578,-0.30989134655741646,0.5462464810562774,-0.7119967239552988,,1.7727722472351615,2.6289100748488554,1.370666869837279,,0.1188118811881188,0.1188118811881188,0.0,0.0,0.0,,-0.1188118811881188,-0.1188118811881188,-0.1188118811881188,,0.7412806153297424,0.7412806153297424,0.7270962193787817,0.7375310034636992,0.6600044022602249,,-0.014184395950960771,-0.0037496118660432787,-0.08127621306951749,,0.8758246898651123,0.8758246898651123,0.3751673324998603,0.37378006706754846,0.46247691813721714,,-0.500657357365252,-0.5020446227975639,-0.41334777172789516,
fileid_313537__p002000,2,1.0839238053066884,1.0839238053066884,1.4514493439745877,1.6061153759472475,1.9495668063148022,,0.3675255386678993,0.5221915706405591,0.8656430010081138,,2.6416964530944824,2.6416964530944824,2.561226400984339,2.730695267757737,2.5492957327739303,,-0.08047005211014335,0.08899881466325477,-0.09240072032055213,,1.254059910774231,1.254059910774231,1.332007497189993,1.2770386934280396,1.2865364316955628,,0.07794758641576194,0.022978782653808594,0.0324765209213318,,1.977980089187622,1.977980089187622,2.1746742607599283,2.3363089561462402,1.946901224703195,,0.1966941715723063,0.3583288669586182,-0.031078864484427093,,2.626978063583374,2.626978063583374,2.905926442050551,2.3831069636057656,2.5688801321159884,,0.2789483784671769,-0.24387109997760836,-0.05809793146738551,,1.839508295059204,1.839508295059204,1.6865811908101462,1.5105165243148804,1.5732554288274314,,-0.15292710424905787,-0.32899177074432373,-0.2662528662317727,,1.6268712282180786,1.6268712282180786,1.779678765549717,1.5544850826263428,1.8971680431480866,,0.15280753733163843,-0.07238614559173584,0.270296814930008,,2.664466142654419,2.664466142654419,3.667062759399414,3.8393420770943885,2.1205695091959944,,1.0025966167449951,1.1748759344399695,-0.5438966334584245,,1.0575213432312012,1.0575213432312012,11.135773340861004,10.081348419189453,4.930917533047227,,10.078251997629803,9.023827075958252,3.8733961898160256,,1.1795075295165183,1.1795075295165183,11.803491221074792,9.227086711610253,5.959766511590203,,10.623983691558273,8.047579182093735,4.7802589820736845,,0.04395604395604396,0.04395604395604396,0.0,0.0,0.0,,-0.04395604395604396,-0.04395604395604396,-0.04395604395604396,,0.8549286723136902,0.8549286723136902,0.8755262415093111,0.819348156452179,0.843022027887015,,0.020597569195620946,-0.03558051586151123,-0.011906644426675217,,0.5582812428474426,0.5582812428474426,0.6857106309817976,0.6127992868423462,0.40332496317269073,,0.127429388134355,0.054518043994903564,-0.1549562796747519,
fileid_356984__p002000,2,1.9157534953400528,1.9157534953400528,2.1170152590103855,1.914404993512341,2.7434712627911653,,0.20126176367033266,-0.0013485018277117344,0.8277177674511125,,2.735708236694336,2.735708236694336,2.7201714056083954,2.7214324244533676,2.7784571173679398,,-0.015536831085940506,-0.0142758122409683,0.04274888067360383,,2.0705130100250244,2.0705130100250244,1.3829702225076146,1.3642550520150059,2.1640160203458807,,-0.6875427875174098,-0.7062579580100186,0.09350301032085628,,2.7767474174499513,2.7767474174499513,2.1746742607599283,2.1282028916370437,2.2371546574864523,,-0.602073156690023,-0.6485445258129077,-0.5395927599634991,,2.4817339420318603,2.4817339420318603,2.905926442050551,1.6903308788935343,2.9756688731422067,,0.4241925000186906,-0.791403063138326,0.4939349311103465,,1.9451086521148682,1.9451086521148682,1.6865811908101462,1.1118789911270142,1.5732554288274314,,-0.25852746130472193,-0.833229660987854,-0.37185322328743675,,1.4560906887054443,1.4560906887054443,3.18416780305196,2.009313520178737,2.3097107573206648,,1.7280771143465157,0.5532228314732928,0.8536200686152204,,3.8988211154937744,3.8988211154937744,0.774645984172821,2.706125951675047,3.1656128354819426,,-3.1241751313209534,-1.1926951638187275,-0.7332082800118318,,6.4828901290893555,6.4828901290893555,9.675816769580765,3.1772410735547783,6.189001071883972,,3.192926640491409,-3.305649055534577,-0.2938890572053836,,7.437012838108958,7.437012838108958,4.629099446278083,4.873959255461502,6.232710788945009,,-2.8079133918308754,-2.5630535826474565,-1.2043020491639496,,0.0,0.0,0.0,0.0,0.0,,0.0,0.0,0.0,,0.9202598333358765,0.9202598333358765,0.8611998787845474,0.8168763518333435,0.8661046480558005,,-0.059059954551329064,-0.10338348150253296,-0.05415518528007601,,0.7785623073577881,0.7785623073577881,0.5200078583146673,0.6533812880516052,0.46247691813721714,,-0.25855444904312075,-0.12518101930618286,-0.31608538922057094,
fileid_409272__p002000,2,1.4994212925211585,1.4994212925211585,2.032684310048387,1.9503808520016466,1.9495668063148022,,0.5332630175272286,0.45095955948048805,0.45014551379364365,,2.565260171890259,2.565260171890259,2.9518992211445267,2.8491427898406982,2.7784571173679398,,0.38663904925426795,0.28388261795043945,0.21319694547768098,,1.4557301998138428,1.4557301998138428,1.9741218520934323,1.999329298375598,1.7314075930530288,,0.5183916522795895,0.5435990985617551,0.27567739323918605,,2.533349943161011,2.533349943161011,2.1746742607599283,2.82315673828125,2.2371546574864523,,-0.3586756824010826,0.289806795120239,-0.29619528567455866,,2.5140938917795816,2.5140938917795816,2.905926442050551,2.3831069636057656,2.9756688731422067,,0.3918325502709692,-0.13098692817381608,0.4615749813626251,,2.513054609298706,2.513054609298706,1.6865811908101462,1.9918286039168582,1.5732554288274314,,-0.8264734184885598,-0.5212260053818478,-0.9397991804712746,,1.7132568359375,1.7132568359375,1.8381131772535393,1.8592240810394287,1.5456904941294567,,0.12485634131603929,0.1459672451019287,-0.1675663418080433,,4.350807189941406,4.350807189941406,3.764311608061733,3.8848892349794686,3.871898666443116,,-0.5864955818796731,-0.46591795496193766,-0.47890852349829016,,6.589839458465576,6.589839458465576,11.135773340861004,10.081348419189453,9.527900446849657,,4.545933882395428,3.491508960723877,2.9380609883840805,,6.643724880835256,6.643724880835256,11.148725038606292,13.630811448798719,8.438103315887535,,4.505000157771036,6.987086567963463,1.7943784350522787,,0.0,0.0,0.0,0.0,0.0,,0.0,0.0,0.0,,0.8697222471237183,0.8697222471237183,0.8958807491873163,0.9110316196119929,0.9032353517042107,,0.026158502063598044,0.0413093724882746,0.03351310458049239,,0.7575002908706665,0.7575002908706665,0.8555067700615696,0.85493,0.8453808024705174,,0.0980064791909031,0.09742970912933346,0.08788051159985089,
fileid_421490__p002000,2,1.5115749311923041,1.5115749311923041,1.139229178396868,1.8448062977302477,1.9495668063148022,,-0.37234575279543614,0.3332313665379436,0.43799187512249804,,3.0127363204956055,3.0127363204956055,2.506017919046333,2.456054449081421,2.5492957327739303,,-0.5067184014492723,-0.5566818714141846,-0.4634405877216752,,1.3606401681900024,1.3606401681900024,1.5313415972583266,1.3807680937181037,1.7314075930530288,,0.1707014290683242,0.020127925528101276,0.3707674248630264,,2.416366529464722,2.416366529464722,2.1746742607599283,2.1282028916370437,2.2371546574864523,,-0.24169226870479354,-0.2881636378276782,-0.1792118719782696,,2.9155970732371013,2.9155970732371013,2.905926442050551,2.3831069636057656,2.5688801321159884,,-0.009670631186550427,-0.5324901096313357,-0.34671694112111284,,1.2864640951156616,1.2864640951156616,1.3749671406056507,1.5105165243148804,1.5732554288274314,,0.08850304548998911,0.22405242919921875,0.2867913337117698,,1.4919418096542358,1.4919418096542358,1.7194236086075565,1.6024749279022217,1.5456904941294567,,0.22748179895332066,0.11053311824798584,0.053748684475220854,,4.443548679351807,4.443548679351807,3.667062759399414,3.712425708770752,3.871898666443116,,-0.7764859199523926,-0.7311229705810547,-0.5716500129086906,,10.536569595336914,10.536569595336914,9.675816769580765,9.056218564749727,13.059100162552063,,-0.8607528257561494,-1.4803510305871868,2.5225305672151492,,10.583609833421528,10.583609833421528,6.834070367619018,4.873959255461502,11.525480238086931,,-3.74953946580251,-5.709650577960026,0.9418704046654032,,0.017241379310344827,0.017241379310344827,0.0,0.0,0.0,,-0.017241379310344827,-0.017241379310344827,-0.017241379310344827,,0.8262781500816345,0.8262781500816345,0.8436501145841606,0.7907151579856873,0.802390929685539,,0.017371964502526094,-0.035562992095947266,-0.023887220396095477,,0.793138325214386,0.793138325214386,0.5200078583146673,0.6127992868423462,0.46247691813721714,,-0.27313046689971865,-0.1803390383720398,-0.33066140707716885,
fileid_42892__p002000,2,,,2.633601304863325,2.5893829857921133,2.51490741576413,,,,,,,,3.036951092831102,3.035421133041382,3.3930183816626367,,,,,,,,2.8687779874686736,2.5317776203155518,2.902516322921079,,,,,,,,2.96534251707146,2.82315673828125,2.7595813303108674,,,,,,,,4.22817462783262,2.3831069636057656,3.9040776577021385,,,,,,,,3.513752831033913,3.703178919941543,4.484505173671676,,,,,,,,3.18416780305196,2.5186636447906494,3.2534821004752654,,,,,,,,4.295161913676434,4.300492355622441,4.318810380606287,,,,,,,,14.268370904118175,16.960037231445312,18.989276457024385,,,,,,,,11.148725038606292,13.375461168411661,16.353694378855796,,,,,,,,0.0,0.0,0.0,,,,,,,,0.9313854828895813,0.9459272027015686,0.9168841319390569,,,,,,,,0.8555067700615696,0.9670616984367371,0.958817387824001,,,,,
fileid_461033__p002000,2,2.293138593929188,2.293138593929188,2.532496624886359,2.50074513121587,2.51490741576413,,0.23935803095717123,0.207606537286682,0.22176882183494184,,2.7513718605041504,2.7513718605041504,2.9317514561266305,3.035421133041382,3.007784935843992,,0.18037959562248007,0.28404927253723145,0.2564130753398417,,2.9518320560455322,2.9518320560455322,2.528921655861728,1.8840898275375366,2.1640160203458807,,-0.4229104001838042,-1.0677422285079956,-0.7878160356996515,,2.7611172676086424,2.7611172676086424,2.7695862099827533,2.82315673828125,2.2371546574864523,,0.008468942374110888,0.06203947067260751,-0.5239626101221901,,2.578067143758138,2.578067143758138,3.612587761400215,3.9737770714434273,2.9756688731422067,,1.0345206176420767,1.3957099276852891,0.39760172938406857,,2.4684360027313232,2.4684360027313232,2.875215337937137,2.163616924400788,2.0590989790767074,,0.40677933520581355,-0.3048190783305351,-0.4093370236546159,,2.4683573246002197,2.4683573246002197,2.640939482723374,2.009313520178737,2.773147483427362,,0.17258215812315436,-0.4590438044214826,0.3047901588271422,,4.2046027183532715,4.2046027183532715,3.764311608061733,3.8848892349794686,2.1205695091959944,,-0.44029111029153833,-0.3197134833738029,-2.084033209157277,,9.215495109558105,9.215495109558105,11.135773340861004,9.351889610290527,9.527900446849657,,1.9202782313028983,0.13639450073242188,0.3124053372915512,,9.971096059168191,9.971096059168191,11.148725038606292,13.375461168411661,8.712423712888931,,1.1776289794381007,3.4043651092434697,-1.2586723462792602,,0.0,0.0,0.0,0.0,0.0,,0.0,0.0,0.0,,0.9014385938644409,0.9014385938644409,0.8958807491873163,0.9110316196119929,0.9168841319390569,,-0.005557844677124613,0.009593025747551942,0.015445538074616016,,0.792731523513794,0.792731523513794,0.8453255188034241,0.85493,0.7812010723756452,,0.05259399528963016,0.06219847648620602,-0.011530451138148767,
fileid_464950__p002000,2,1.0693567546125964,1.0693567546125964,1.139229178396868,1.1050819589470753,1.3574698774258431,,0.06987242378427161,0.0357252043344789,0.28811312281324675,,2.366683006286621,2.366683006286621,2.3243172728871726,2.456054449081421,2.241893527019455,,-0.04236573339944849,0.0893714427947998,-0.12478947926716621,,1.365661382675171,1.365661382675171,1.3025178148085812,1.3333686590194702,1.3144711720416824,,-0.0631435678665897,-0.032292723655700684,-0.0511902106334885,,1.76285982131958,1.76285982131958,1.7044373755474167,1.6813594341278075,1.7205357574554812,,-0.05842244577216338,-0.08150038719177255,-0.042324063864098926,,1.5641496896743774,1.5641496896743774,2.905926442050551,2.3831069636057656,1.3676214585821314,,1.3417767523761734,0.8189572739313882,-0.19652823109224604,,1.2400761842727661,1.2400761842727661,1.0790071473064193,1.1118789911270142,0.6965742455907615,,-0.16106903696634678,-0.12819719314575195,-0.5435019386820046,,1.7287274599075317,1.7287274599075317,2.145947439124785,2.009313520178737,1.5456904941294567,,0.4172199792172533,0.28058606027120536,-0.18303696577807504,,2.940533399581909,2.940533399581909,2.309382260563862,2.706125951675047,2.1205695091959944,,-0.6311511390180473,-0.2344074479068623,-0.8199638903859148,,-4.507412910461426,-4.507412910461426,-2.5949078985007414,-77.03638458251953,-5.496098905203333,,1.9125050119606843,-72.5289716720581,-0.9886859947419069,,-4.182808465453601,-4.182808465453601,-5.18663387744421,-9.015849860227167,-2.239942036379712,,-1.0038254119906096,-4.833041394773566,1.9428664290738888,,0.7808219178082192,0.7808219178082192,0.0,0.0,1.0,,-0.7808219178082192,-0.7808219178082192,0.2191780821917808,,0.5487102270126343,0.5487102270126343,0.7270962193787817,0.49971797038991767,0.5176130523643341,,0.17838599236614738,-0.04899225662271661,-0.031097174648300197,,0.15662649273872375,0.15662649273872375,0.12794155558668466,0.048750489950180054,0.21585752764140745,,-0.028684937152039097,-0.1078760027885437,0.059231034902683694,
fileid_501077__p002000,2,1.5198959354004482,1.5198959354004482,2.032684310048387,2.1801044883189347,1.9495668063148022,,0.5127883746479389,0.6602085529184865,0.42967087091435396,,2.8179609775543213,2.8179609775543213,2.7378425569419402,2.89228892326355,2.7784571173679398,,-0.08011842061238106,0.07432794570922852,-0.03950386018638152,,1.8598828315734863,1.8598828315734863,1.5313415972583266,1.3642550520150059,2.1640160203458807,,-0.3285412343151597,-0.4956277795584805,0.30413318877239437,,2.9676137924194337,2.9676137924194337,2.1746742607599283,2.1282028916370437,2.2371546574864523,,-0.7929395316595054,-0.83941090078239,-0.7304591349329814,,3.653907553354899,3.653907553354899,2.905926442050551,2.3831069636057656,2.9756688731422067,,-0.7479811113043482,-1.2708005897491335,-0.6782386802126923,,2.7736213207244873,2.7736213207244873,1.6865811908101462,1.5280352830886845,2.0590989790767074,,-1.087040129914341,-1.2455860376358028,-0.71452234164778,,2.4279654026031494,2.4279654026031494,2.145947439124785,2.009313520178737,1.9814586467053517,,-0.2820179634783644,-0.4186518824244123,-0.44650675589779776,,4.1292948722839355,4.1292948722839355,3.764311608061733,3.712425708770752,4.069854041179979,,-0.3649832642222024,-0.4168691635131836,-0.059440831103956704,,8.632658004760742,8.632658004760742,11.135773340861004,9.351889610290527,13.059100162552063,,2.5031153361002616,0.7192316055297852,4.426442157791321,,8.643025503148445,8.643025503148445,6.834070367619018,4.873959255461502,11.525480238086931,,-1.8089551355294269,-3.7690662476869434,2.882454734938486,,0.0,0.0,0.0,0.0,0.0,,0.0,0.0,0.0,,0.8817347288131714,0.8817347288131714,0.8611998787845474,0.8431961536407471,0.843022027887015,,-0.020534850028623985,-0.038538575172424316,-0.03871270092615642,,0.8044335246086121,0.8044335246086121,0.5200078583146673,0.6533812880516052,0.6846697782895651,,-0.2844256662939447,-0.15105223655700684,-0.11976374631904696,
fileid_519109__p002000,2,1.1880580125738156,1.1880580125738156,1.4514493439745877,1.7017061366343533,1.3574698774258431,,0.2633913314007721,0.5136481240605377,0.16941186485202753,,2.3521854877471924,2.3521854877471924,2.506017919046333,2.456054449081421,2.3143744846903176,,0.15383243129914081,0.10386896133422852,-0.03781100305687479,,1.2276084423065186,1.2276084423065186,1.332007497189993,1.3642550520150059,1.2865364316955628,,0.10439905488347434,0.1366466097084873,0.0589279893890442,,3.10388240814209,3.10388240814209,2.223705668909004,2.1282028916370437,1.7205357574554812,,-0.8801767392330859,-0.9756795165050463,-1.3833466506866088,,2.2396119594573975,2.2396119594573975,2.905926442050551,1.375575335820516,1.8521804563012945,,0.6663144825931533,-0.8640366236368815,-0.3874315031561031,,1.3296464681625366,1.3296464681625366,1.6865811908101462,1.1118789911270142,0.6965742455907615,,0.3569347226476096,-0.21776747703552246,-0.6330722225717751,,1.2425618171691895,1.2425618171691895,1.8381131772535393,1.6024749279022217,1.5456904941294567,,0.5955513600843498,0.3599131107330322,0.30312867696026724,,3.692073106765747,3.692073106765747,3.667062759399414,2.706125951675047,2.1205695091959944,,-0.025010347366333008,-0.9859471550907002,-1.5715035975697527,,-5.387239456176758,-5.387239456176758,9.675816769580765,9.351889610290527,-7.212351354729219,,15.063056225757522,14.739129066467285,-1.8251118985524615,,-5.328410123319233,-5.328410123319233,6.834070367619018,10.119948461086357,-0.7119967239552988,,12.16248049093825,15.44835858440559,4.6164133993639345,,0.017123287671232876,0.017123287671232876,0.0,0.0,0.0,,-0.017123287671232876,-0.017123287671232876,-0.017123287671232876,,0.7591985464096069,0.7591985464096069,0.8436501145841606,0.7907151579856873,0.7390830727466139,,0.08445156817455368,0.03151661157608032,-0.020115473662993044,,0.8714261054992676,0.8714261054992676,0.5200078583146673,0.6533812880516052,0.40332496317269073,,-0.35141824718460024,-0.21804481744766235,-0.46810114232657685,
fileid_528909__p002000,2,1.3891600812129985,1.3891600812129985,1.139229178396868,1.1050819589470753,1.0723790661630388,,-0.2499309028161305,-0.2840781222659232,-0.3167810150499597,,2.7332119941711426,2.7332119941711426,2.3243172728871726,2.456054449081421,2.3143744846903176,,-0.40889472128397,-0.2771575450897217,-0.418837509480825,,1.350345253944397,1.350345253944397,1.3166314708181175,1.2619926929473877,1.2865364316955628,,-0.033713783126279484,-0.08835256099700928,-0.06380882224883422,,2.439226675033569,2.439226675033569,1.7044373755474167,1.6813594341278075,1.946901224703195,,-0.7347892994861525,-0.7578672409057616,-0.4923254503303742,,2.0197125037511188,2.0197125037511188,2.905926442050551,1.6903308788935343,2.1167192651564815,,0.8862139382994321,-0.3293816248575845,0.09700676140536268,,1.3590718507766724,1.3590718507766724,1.0790071473064193,1.1118789911270142,1.193776206079736,,-0.28006470347025303,-0.2471928596496582,-0.16529564469693647,,1.3786005973815918,1.3786005973815918,1.606235439518848,1.8592240810394287,1.5456904941294567,,0.22763484213725627,0.4806234836578369,0.1670898967478649,,2.440483570098877,2.440483570098877,2.58756451721651,2.706125951675047,3.1656128354819426,,0.1470809471176331,0.26564238157616993,0.7251292653830657,,-0.2952486574649811,-0.2952486574649811,-2.5949078985007414,0.874367442475744,-5.496098905203333,,-2.2996592410357604,1.169616099940725,-5.200850247738352,,-0.18338746983359416,-0.18338746983359416,-5.18663387744421,0.5462464810562774,-6.854500871520705,,-5.003246407610616,0.7296339508898715,-6.671113401687111,,0.0,0.0,0.0,0.0,0.0,,0.0,0.0,0.0,,0.8743554949760437,0.8743554949760437,0.7270962193787817,0.6671029645276357,0.7390830727466139,,-0.14725927559726204,-0.20725253044840797,-0.1352724222294298,,0.8034563064575195,0.8034563064575195,0.3751673324998603,0.37378006706754846,0.46247691813721714,,-0.42828897395765925,-0.42967623938997107,-0.3409793883203024,
fileid_532427__p002000,2,1.6115962492187774,1.6115962492187774,1.139229178396868,1.0979826890714457,1.4728107445863547,,-0.47236707082190943,-0.5136135601473317,-0.13878550463242267,,2.039665937423706,2.039665937423706,2.3243172728871726,2.456054449081421,2.1723606055041396,,0.28465133546346655,0.41638851165771484,0.1326946680804335,,1.679596185684204,1.679596185684204,1.3166314708181175,1.3420000076293945,1.3144711720416824,,-0.3629647148660866,-0.33759617805480957,-0.3651250136425217,,1.6174355030059815,1.6174355030059815,1.7044373755474167,1.6813594341278075,0.8459356904029847,,0.08700187254143521,0.06392393112182604,-0.7714998126029968,,1.4735652605692546,1.4735652605692546,2.905926442050551,1.133904186884562,1.2151785576678662,,1.4323611814812962,-0.33966107368469256,-0.25838670290138843,,1.1090437173843384,1.1090437173843384,0.7466672486569508,0.9165201783180237,0.6965742455907615,,-0.3623764687273876,-0.1925235390663147,-0.41246947179357685,,1.3053240776062012,1.3053240776062012,1.0615486574460224,1.4902901132422757,1.2959144948476768,,-0.24377542016017872,0.1849660356360745,-0.009409582758524326,,2.8328816890716553,2.8328816890716553,2.438328418386988,2.706125951675047,2.1205695091959944,,-0.3945532706846673,-0.1267557373966084,-0.7123121798756609,,-2.1381754875183105,-2.1381754875183105,-2.5949078985007414,0.874367442475744,-2.2354083147393653,,-0.4567324109824309,3.0125429299940545,-0.09723282722105475,,-1.97015906310299,-1.97015906310299,-5.18663387744421,-9.015849860227167,-0.7119967239552988,,-3.21647481434122,-7.045690797124177,1.2581623391476913,,0.5434782608695652,0.5434782608695652,0.0,0.0,0.0,,-0.5434782608695652,-0.5434782608695652,-0.5434782608695652,,0.6163802742958069,0.6163802742958069,0.7270962193787817,0.6511549949645996,0.595155013612954,,0.11071594508297478,0.034774720668792725,-0.02122526068285291,,0.25373321771621704,0.25373321771621704,0.12794155558668466,0.048750489950180054,0.21585752764140745,,-0.12579166212953238,-0.204982727766037,-0.03787569007480959,
fileid_549708__p002000,2,1.0833423849900403,1.0833423849900403,1.139229178396868,1.08734989465313,1.3574698774258431,,0.05588679340682767,0.0040075096630896034,0.2741274924358028,,2.296647310256958,2.296647310256958,2.3243172728871726,2.456054449081421,2.068034907421434,,0.027669962630214595,0.1594071388244629,-0.2286124028355241,,1.6669315099716187,1.6669315099716187,1.3166314708181175,1.3420000076293945,1.2701144151419521,,-0.35030003915350116,-0.3249315023422241,-0.39681709482966654,,1.481260395050049,1.481260395050049,1.7044373755474167,1.6813594341278075,1.7205357574554812,,0.22317698049736778,0.2000990390777586,0.23927536240543223,,1.8205495516459147,1.8205495516459147,2.4114468622399143,1.133904186884562,1.3676214585821314,,0.5908973105939996,-0.6866453647613526,-0.45292809306378334,,0.8941184878349304,0.8941184878349304,0.7466672486569508,0.9165201783180237,0.6965742455907615,,-0.14745123917797964,0.02240169048309326,-0.1975442422441689,,1.3886029720306396,1.3886029720306396,1.0615486574460224,1.6024749279022217,1.2959144948476768,,-0.3270543145846172,0.21387195587158203,-0.0926884771829628,,2.92797589302063,2.92797589302063,2.309382260563862,2.706125951675047,2.8586623295243965,,-0.618593632456768,-0.221849941345583,-0.06931356349623341,,-0.8125245571136475,-0.8125245571136475,-5.49119660940515,-1.504611179053067,-1.1347682397049592,,-4.678672052291502,-0.6920866219394195,-0.32224368259131175,,-0.7731301096782833,-0.7731301096782833,-2.5994543496132883,0.5462464810562774,-0.7119967239552988,,-1.8263242399350048,1.3193765907345607,0.061133385722984546,,0.0,0.0,0.0,0.0,0.0,,0.0,0.0,0.0,,0.6636106967926025,0.6636106967926025,0.7270962193787817,0.6511549949645996,0.7390830727466139,,0.06348552258617912,-0.01245570182800293,0.07547237595401135,,0.5766098499298096,0.5766098499298096,0.3751673324998603,0.37378006706754846,0.45785918903638084,,-0.20144251742994929,-0.2028297828622611,-0.11875066089342873,
fileid_566647__p002000,2,2.434214017508178,2.434214017508178,2.4868633897095065,2.50074513121587,1.9495668063148022,,0.05264937220132859,0.06653111370769205,-0.4846472111933757,,3.3821823596954346,3.3821823596954346,3.048080182937254,3.2239513397216797,3.2127089304138856,,-0.33410217675818066,-0.15823101997375488,-0.16947342928154896,,3.0889406204223633,3.0889406204223633,2.8687779874686736,2.5317776203155518,2.737877486700035,,-0.22016263295368965,-0.5571630001068115,-0.3510631337223282,,2.70830078125,2.70830078125,2.7695862099827533,2.486354217759098,2.7595813303108674,,0.06128542873275311,-0.22194656349090236,0.05128054906086721,,4.079794025421142,4.079794025421142,3.612587761400215,3.9737770714434273,3.9288912122029376,,-0.46720626402092735,-0.10601695397771493,-0.15090281321820465,,3.1331357955932617,3.1331357955932617,2.875215337937137,3.003086417554372,2.9315143033682576,,-0.2579204576561249,-0.1300493780388896,-0.20162149222500414,,2.8974740505218506,2.8974740505218506,2.640939482723374,2.009313520178737,2.773147483427362,,-0.2565345677984765,-0.8881605303431135,-0.12432656709448864,,4.5434722900390625,4.5434722900390625,4.0373803851116135,3.8848892349794686,4.175081613073387,,-0.506091904927449,-0.6585830550595939,-0.3683906769656753,,10.903005599975586,10.903005599975586,17.066793487732674,20.020647048950195,20.617788533130323,,6.163787887757088,9.11764144897461,9.714782933154737,,10.938713363403563,10.938713363403563,17.13514428598346,13.375461168411661,19.233737300671013,,6.196430922579898,2.436747805008098,8.29502393726745,,0.0,0.0,0.0,0.0,0.0,,0.0,0.0,0.0,,0.9149917364120483,0.9149917364120483,0.8924334810440799,0.8984962206288992,0.9032353517042107,,-0.022558255367968405,-0.016495515783149117,-0.011756384707837686,,0.8841747641563416,0.8841747641563416,0.8453255188034241,0.85493,0.7812010723756452,,-0.03884924535291745,-0.029244764156341585,-0.10297369178069637,
fileid_571087__p002000,2,2.512376218191459,2.512376218191459,1.961464750681442,1.8448062977302477,1.9495668063148022,,-0.5509114675100169,-0.6675699204612111,-0.5628094118766567,,3.409864664077759,3.409864664077759,2.506017919046333,2.730695267757737,2.4170224853308806,,-0.9038467450314256,-0.6791693963200216,-0.9928421787468782,,2.1285483837127686,2.1285483837127686,1.3829702225076146,1.3642550520150059,1.563584075395362,,-0.745578161205154,-0.7642933316977627,-0.5649643083174065,,2.593095064163208,2.593095064163208,2.1746742607599283,2.1282028916370437,2.2371546574864523,,-0.4184208034032797,-0.4648921725261643,-0.35594040667675575,,3.629856983820597,3.629856983820597,2.905926442050551,1.6903308788935343,1.8521804563012945,,-0.7239305417700463,-1.939526104927063,-1.7776765275193027,,2.330479383468628,2.330479383468628,1.6865811908101462,1.5280352830886845,1.8998678688064636,,-0.6438981926584817,-0.8024441003799434,-0.4306115146621643,,1.9029600620269775,1.9029600620269775,2.145947439124785,2.009313520178737,1.910053672081974,,0.2429873770978075,0.10635345815175956,0.007093610054996535,,4.209768772125244,4.209768772125244,1.6959931390831269,3.8848892349794686,3.871898666443116,,-2.5137756330421173,-0.32487953714577555,-0.33787010568212805,,12.909866333007812,12.909866333007812,11.135773340861004,9.351889610290527,9.527900446849657,,-1.7740929921468087,-3.557976722717285,-3.381965886158156,,12.950487991144847,12.950487991144847,6.834070367619018,4.873959255461502,8.438103315887535,,-6.1164176235258285,-8.076528735683345,-4.512384675257312,,0.0,0.0,0.0,0.0,0.0,,0.0,0.0,0.0,,0.8568639755249023,0.8568639755249023,0.8436501145841606,0.7907151579856873,0.7390830727466139,,-0.013213860940741728,-0.06614881753921509,-0.11778090277828845,,0.9343650937080383,0.9343650937080383,0.5200078583146673,0.6533812880516052,0.46247691813721714,,-0.414357235393371,-0.2809838056564331,-0.4718881755708212,
fileid_571738__p002000,2,,,1.7918044343266315,1.8448062977302477,1.8254229189052373,,,,,,,,2.561226400984339,2.456054449081421,2.3350296020507812,,,,,,,,1.332007497189993,1.3642550520150059,1.4537379677037159,,,,,,,,2.1746742607599283,2.1282028916370437,2.2371546574864523,,,,,,,,2.905926442050551,1.375575335820516,2.1167192651564815,,,,,,,,1.6865811908101462,1.6024618608405792,1.5732554288274314,,,,,,,,2.145947439124785,2.009313520178737,1.9814586467053517,,,,,,,,3.667062759399414,3.712425708770752,3.1656128354819426,,,,,,,,7.377807820178419,5.465547561645508,5.933160753135222,,,,,,,,5.738191310129316,4.873959255461502,5.959766511590203,,,,,,,,0.0,0.0,0.0,,,,,,,,0.8611998787845474,0.8288424273571336,0.802390929685539,,,,,,,,0.6795350418512122,0.6533812880516052,0.40332496317269073,,,,,
fileid_601553__p002000,2,1.1218755001038296,1.1218755001038296,1.139229178396868,1.0979826890714457,1.3574698774258431,,0.017353678293038355,-0.023892811032383943,0.2355943773220135,,2.3663854598999023,2.3663854598999023,2.506017919046333,2.456054449081421,2.3143744846903176,,0.13963245914643085,0.08966898918151855,-0.05201097520958475,,1.3602110147476196,1.3602110147476196,1.3166314708181175,1.2619926929473877,1.2423320369548108,,-0.04357954392950214,-0.09821832180023193,-0.11787897779280887,,2.2110477924346923,2.2110477924346923,1.7044373755474167,1.6813594341278075,1.7205357574554812,,-0.5066104168872756,-0.5296883583068848,-0.49051203497921114,,1.6823810815811158,1.6823810815811158,2.905926442050551,1.6903308788935343,1.733218263047766,,1.223545360469435,0.007949797312418516,0.05083718146665017,,1.0966047048568726,1.0966047048568726,1.0790071473064193,1.1118789911270142,0.6965742455907615,,-0.017597557550453224,0.015274286270141602,-0.400030459266111,,1.277266025543213,1.277266025543213,1.7194236086075565,1.8592240810394287,1.5456904941294567,,0.4421575830643436,0.5819580554962158,0.2684244685862438,,3.7421162128448486,3.7421162128448486,2.8447554614170487,2.706125951675047,3.1656128354819426,,-0.8973607514277999,-1.0359902611698018,-0.576503377362906,,-7.288255214691162,-7.288255214691162,1.0087677302609483,0.874367442475744,-5.496098905203333,,8.297022944952111,8.162622657166906,1.7921563094878294,,-7.167003878666497,-7.167003878666497,-5.18663387744421,-1.7193581228635133,-2.239942036379712,,1.980370001222287,5.447645755802984,4.927061842286785,,0.0,0.0,0.0,0.0,0.0,,0.0,0.0,0.0,,0.6136812567710876,0.6136812567710876,0.7270962193787817,0.7375310034636992,0.595155013612954,,0.11341496260769401,0.1238497466926115,-0.01852624315813367,,0.3853715658187866,0.3853715658187866,0.3751673324998603,0.6533812880516052,0.40332496317269073,,-0.010204233318926337,0.2680097222328186,0.01795339735390411,
fileid_60736__p002000,2,1.1641548989721753,1.1641548989721753,1.139229178396868,1.1050819589470753,1.0723790661630388,,-0.024925720575307286,-0.059072940025099996,-0.09177583280913648,,2.1034369468688965,2.1034369468688965,2.3243172728871726,2.456054449081421,2.068034907421434,,0.22088032601827612,0.3526175022125244,-0.03540203944746256,,1.3502962589263916,1.3502962589263916,1.3025178148085812,1.3420000076293945,1.3144711720416824,,-0.047778444117810404,-0.00829625129699707,-0.0358250868847092,,1.7562806129455566,1.7562806129455566,1.7044373755474167,1.4510715007781982,1.7205357574554812,,-0.051843237398139896,-0.30520911216735835,-0.035744855490075444,,1.3065723419189452,1.3065723419189452,2.4114468622399143,1.133904186884562,1.3676214585821314,,1.1048745203209691,-0.17266815503438315,0.06104911666318613,,0.742527186870575,0.742527186870575,0.7466672486569508,0.9165201783180237,0.6965742455907615,,0.004140061786375826,0.17399299144744873,-0.04595294127981342,,1.3327407836914062,1.3327407836914062,1.0615486574460224,1.4902901132422757,1.2959144948476768,,-0.2711921262453838,0.15754932955086942,-0.036826288843729404,,3.015862464904785,3.015862464904785,2.309382260563862,2.706125951675047,3.1656128354819426,,-0.7064802043409233,-0.3097365132297383,0.14975037057715745,,-0.857950747013092,-0.857950747013092,-5.49119660940515,-77.03638458251953,-2.2354083147393653,,-4.633245862392058,-76.17843383550644,-1.3774575677262733,,-0.7370466675357191,-0.7370466675357191,-5.18663387744421,-9.015849860227167,-0.7119967239552988,,-4.449587209908491,-8.278803192691448,0.025049943580420342,,0.0,0.0,0.0,0.0,0.0,,0.0,0.0,0.0,,0.6598962545394897,0.6598962545394897,0.5647206000056133,0.4796525239944458,0.5376771872780888,,-0.09517565453387644,-0.18024373054504395,-0.12221906726140097,,0.4671688675880432,0.4671688675880432,0.12794155558668466,0.048750489950180054,0.40332496317269073,,-0.3392273120013586,-0.41841837763786316,-0.06384390441535248,
fileid_661212__p002000,2,,,1.139229178396868,1.1050819589470753,1.5849459755670299,,,,,,,,2.506017919046333,2.456054449081421,2.5492957327739303,,,,,,,,1.3025178148085812,1.2427181005477905,1.2865364316955628,,,,,,,,2.223705668909004,2.1282028916370437,1.946901224703195,,,,,,,,2.905926442050551,2.3831069636057656,2.5688801321159884,,,,,,,,1.6865811908101462,1.224821959633425,1.5732554288274314,,,,,,,,1.8381131772535393,1.8592240810394287,1.5456904941294567,,,,,,,,1.6959931390831269,2.706125951675047,3.1656128354819426,,,,,,,,11.135773340861004,10.081348419189453,4.930917533047227,,,,,,,,12.707445682971976,4.148935097412146,5.959766511590203,,,,,,,,0.0,0.0,0.0,,,,,,,,0.8436501145841606,0.819348156452179,0.843022027887015,,,,,,,,0.5200078583146673,0.85493,0.6846697782895651,,,,,
fileid_71251__p002000,2,,,1.558457046195089,1.7017061366343533,2.2348783364986087,,,,,,,,2.506017919046333,2.456054449081421,2.7784571173679398,,,,,,,,1.332007497189993,1.3642550520150059,1.7314075930530288,,,,,,,,1.7044373755474167,2.1282028916370437,2.2371546574864523,,,,,,,,2.905926442050551,1.6903308788935343,2.5688801321159884,,,,,,,,1.0790071473064193,1.1118789911270142,2.9315143033682576,,,,,,,,1.7194236086075565,2.009313520178737,1.910053672081974,,,,,,,,1.5425501846405396,2.706125951675047,4.3614301681518555,,,,,,,,-2.5949078985007414,0.874367442475744,11.18362664601889,,,,,,,,-5.18663387744421,0.5462464810562774,11.525480238086931,,,,,,,,0.0,0.0,0.0,,,,,,,,0.7270962193787817,0.6807832717895508,0.802390929685539,,,,,,,,0.5200078583146673,0.6533812880516052,0.7622562882864343,,,,,
fileid_717410__p002000,2,2.418300232696159,2.418300232696159,1.139229178396868,1.1119407456883643,1.3574698774258431,,-1.2790710542992911,-1.3063594870077948,-1.060830355270316,,2.6119370460510254,2.6119370460510254,2.3243172728871726,2.456054449081421,2.4170224853308806,,-0.2876197731638528,-0.1558825969696045,-0.1949145607201448,,1.237825870513916,1.237825870513916,1.3166314708181175,1.2619926929473877,1.2279622549991531,,0.07880560030420147,0.02416682243347168,-0.009863615514762891,,2.0872854709625246,2.0872854709625246,1.7044373755474167,1.4510715007781982,1.7205357574554812,,-0.3828480954151079,-0.6362139701843263,-0.36674971350704344,,1.329679751396179,1.329679751396179,1.9786189398133611,1.375575335820516,1.8521804563012945,,0.648939188417182,0.045895584424336944,0.5225007049051154,,1.459665298461914,1.459665298461914,1.0790071473064193,0.9165201783180237,1.5732554288274314,,-0.38065815115549473,-0.5431451201438904,0.11359013036551735,,1.55763840675354,1.55763840675354,1.606235439518848,2.009313520178737,1.8971680431480866,,0.048597032765308024,0.45167511342519706,0.3395296363945466,,3.5510671138763428,3.5510671138763428,2.309382260563862,2.706125951675047,3.1656128354819426,,-1.241684853312481,-0.8449411622012959,-0.38545427839440016,,-3.5191166400909424,-3.5191166400909424,-2.5949078985007414,-17.183237719248577,-77.03638458251953,,0.9242087415902009,-13.664121079157635,-73.51726794242859,,-1.7392282759799698,-1.7392282759799698,-5.18663387744421,-9.015849860227167,-21.461951219307892,,-3.4474056014642405,-7.276621584247197,-19.722722943327923,,0.010416666666666666,0.010416666666666666,0.0,0.0,0.0,,-0.010416666666666666,-0.010416666666666666,-0.010416666666666666,,0.6953115463256836,0.6953115463256836,0.7270962193787817,0.5941047072410583,0.5176130523643341,,0.03178467305309807,-0.10120683908462524,-0.1776984939613495,,0.5668582916259766,0.5668582916259766,0.06023579583050735,0.048750489950180054,0.0015187087940074498,,-0.5066224957954693,-0.5181078016757965,-0.5653395828319692,
fileid_717534__p002000,2,2.245952597994932,2.245952597994932,1.7918044343266315,1.6061153759472475,1.9495668063148022,,-0.4541481636683007,-0.6398372220476847,-0.29638579168013,,2.4834299087524414,2.4834299087524414,2.506017919046333,2.456054449081421,2.5492957327739303,,0.02258801029389179,-0.027375459671020508,0.06586582402148888,,1.2741622924804688,1.2741622924804688,1.332007497189993,1.2770386934280396,1.4203569975243993,,0.057845204709524145,0.0028764009475708008,0.1461947050439305,,2.1127967834472656,2.1127967834472656,2.1190476813948296,1.94289536418685,1.946901224703195,,0.006250897947563949,-0.16990141926041558,-0.1658955587440707,,1.8202253659566243,1.8202253659566243,2.905926442050551,1.375575335820516,2.1167192651564815,,1.0857010760939265,-0.44465003013610827,0.29649389919985714,,1.862650752067566,1.862650752067566,1.6865811908101462,1.1118789911270142,1.5732554288274314,,-0.17606956125741968,-0.7507717609405518,-0.2893953232401345,,1.871608018875122,1.871608018875122,1.7194236086075565,1.6024749279022217,1.756829579671224,,-0.15218441026756557,-0.2691330909729004,-0.11477843920389796,,3.682798385620117,3.682798385620117,3.667062759399414,3.3011369705200195,3.5737028107585678,,-0.015735626220703125,-0.38166141510009766,-0.10909557486154942,,13.23574161529541,13.23574161529541,11.135773340861004,10.081348419189453,13.059100162552063,,-2.0999682744344064,-3.154393196105957,-0.17664145274334686,,13.268337034642652,13.268337034642652,11.255276044827134,13.630811448798719,16.353694378855796,,-2.013060989815518,0.3624744141560665,3.0853573442131434,,0.0,0.0,0.0,0.0,0.0,,0.0,0.0,0.0,,0.8292437791824341,0.8292437791824341,0.8436501145841606,0.7907151579856873,0.802390929685539,,0.014406335401726533,-0.038528621196746826,-0.026852849496895037,,0.5632017254829407,0.5632017254829407,0.3751673324998603,0.6127992868423462,0.40332496317269073,,-0.1880343929830804,0.04959756135940552,-0.15987676231024994,
fileid_730312__p002000,2,1.1046280802171418,1.1046280802171418,1.139229178396868,1.1050819589470753,1.3574698774258431,,0.03460109817972623,0.0004538787299335212,0.25284179720870137,,2.7418155670166016,2.7418155670166016,2.506017919046333,2.456054449081421,2.4170224853308806,,-0.23579764797026836,-0.28576111793518066,-0.32479308168572096,,1.2783271074295044,1.2783271074295044,1.3025178148085812,1.2619926929473877,1.2423320369548108,,0.024190707379076803,-0.0163344144821167,-0.035995070474693636,,2.39648642539978,2.39648642539978,1.7044373755474167,2.1282028916370437,1.99354691476707,,-0.6920490498523635,-0.2682835337627365,-0.4029395106327103,,2.390104055404663,2.390104055404663,2.905926442050551,1.6903308788935343,2.1167192651564815,,0.5158223866458878,-0.6997731765111288,-0.27338479024818163,,1.5481680631637573,1.5481680631637573,1.3749671406056507,1.5105165243148804,1.5732554288274314,,-0.1732009225581066,-0.03765153884887695,0.02508736566367409,,1.5480791330337524,1.5480791330337524,1.779678765549717,2.009313520178737,1.910053672081974,,0.2315996325159646,0.46123438714498466,0.36197453904822163,,2.9707720279693604,2.9707720279693604,3.667062759399414,2.706125951675047,3.1656128354819426,,0.6962907314300537,-0.26464607629431347,0.19484080751258226,,7.375226020812988,7.375226020812988,4.520270270994869,1.9207297563552856,4.930917533047227,,-2.854955749818119,-5.454496264457703,-2.4443084877657615,,7.439689966126042,7.439689966126042,3.698935347968489,4.148935097412146,5.4443394023105665,,-3.7407546181575526,-3.290754868713896,-1.9953505638154754,,0.03278688524590164,0.03278688524590164,0.0,0.0,0.0,,-0.03278688524590164,-0.03278688524590164,-0.03278688524590164,,0.7853192090988159,0.7853192090988159,0.7270962193787817,0.7907151579856873,0.7390830727466139,,-0.05822298972003426,0.005395948886871338,-0.04623613635220203,,0.516437292098999,0.516437292098999,0.5200078583146673,0.6533812880516052,0.40332496317269073,,0.0035705662156683138,0.1369439959526062,-0.11311232892630829,
fileid_767807__p002000,2,1.852207143136625,1.852207143136625,1.961464750681442,1.6061153759472475,1.3574698774258431,,0.10925760754481706,-0.24609176718937742,-0.4947372657107818,,2.7680249214172363,2.7680249214172363,2.7378425569419402,2.8491427898406982,2.7784571173679398,,-0.030182364475296097,0.08111786842346191,0.010432195950703438,,1.2432376146316528,1.2432376146316528,1.332007497189993,1.2770386934280396,1.2865364316955628,,0.08876988255834006,0.03380107879638672,0.04329881706390992,,2.3214048862457277,2.3214048862457277,2.1746742607599283,2.1282028916370437,2.0609634577509865,,-0.1467306254857994,-0.19320199460868404,-0.26044142849474117,,2.237368631362915,2.237368631362915,2.905926442050551,1.375575335820516,2.1167192651564815,,0.668557810687636,-0.8617932955423988,-0.1206493662064334,,1.3401843309402466,1.3401843309402466,1.6865811908101462,1.5280352830886845,1.5732554288274314,,0.34639685986989965,0.18785095214843794,0.23307109788718483,,1.9989033937454224,1.9989033937454224,2.395902021821722,2.009313520178737,2.773147483427362,,0.3969986280762998,0.010410126433314737,0.7742440896819396,,3.4455983638763428,3.4455983638763428,3.764311608061733,3.1096510887145996,3.1656128354819426,,0.3187132441853904,-0.33594727516174316,-0.27998552839440016,,7.0123186111450195,7.0123186111450195,5.141692693932468,1.9207297563552856,1.7227483889664035,,-1.8706259172125517,-5.091588854789734,-5.289570222178616,,7.279026223656716,7.279026223656716,3.698935347968489,4.873959255461502,-0.7119967239552988,,-3.580090875688227,-2.4050669681952144,-7.991022947612015,,0.1,0.1,0.0,0.0,0.0,,-0.1,-0.1,-0.1,,0.8092759251594543,0.8092759251594543,0.7270962193787817,0.7375310034636992,0.7390830727466139,,-0.08217970578067268,-0.07174492169575519,-0.07019285241284046,,0.7514731884002686,0.7514731884002686,0.5200078583146673,0.6533812880516052,0.7622562882864343,,-0.23146533008560122,-0.09809190034866333,0.01078309988616577,
fileid_778099__p002000,2,1.8482621685718503,1.8482621685718503,1.139229178396868,1.0658554550657893,1.8254229189052373,,-0.7090329901749823,-0.7824067135060611,-0.022839249666612993,,2.2778358459472656,2.2778358459472656,2.3243172728871726,2.456054449081421,2.3143744846903176,,0.04648142693990698,0.17821860313415527,0.036538638743051965,,1.2810426950454712,1.2810426950454712,1.3025178148085812,1.3642550520150059,1.2279622549991531,,0.021475119763110007,0.08321235696953466,-0.05308044004631807,,1.941919755935669,1.941919755935669,1.7044373755474167,1.6813594341278075,1.7205357574554812,,-0.2374823803882522,-0.2605603218078614,-0.22138399848018775,,2.930554739634196,2.930554739634196,2.905926442050551,1.3103768054740017,1.3676214585821314,,-0.024628297583645153,-1.6201779341601943,-1.5629332810520646,,1.099343180656433,1.099343180656433,0.7466672486569508,0.9165201783180237,0.6965742455907615,,-0.35267593199948233,-0.18282300233840942,-0.4027689350656716,,1.6129515171051025,1.6129515171051025,1.0615486574460224,1.8592240810394287,0.7115598917007446,,-0.5514028596590801,0.24627256393432617,-0.9013916254043579,,3.1911470890045166,3.1911470890045166,2.438328418386988,2.706125951675047,2.8586623295243965,,-0.7528186706175286,-0.4850211373294697,-0.33248475948012013,,-1.0904289484024048,-1.0904289484024048,-5.49119660940515,-77.03638458251953,-2.2354083147393653,,-4.400767661002745,-75.94595563411713,-1.1449793663369605,,-1.0462955376635432,-1.0462955376635432,-5.18663387744421,-9.015849860227167,-2.239942036379712,,-4.1403383397806675,-7.969554322563624,-1.1936464987161686,,0.14130434782608695,0.14130434782608695,0.0,0.0,0.0,,-0.14130434782608695,-0.14130434782608695,-0.14130434782608695,,0.6806662678718567,0.6806662678718567,0.5647206000056133,0.6511549949645996,0.6600044022602249,,-0.11594566786624338,-0.02951127290725708,-0.020661865611631747,,0.586017906665802,0.586017906665802,0.3751673324998603,0.004254660799156798,0.40332496317269073,,-0.21085057416594172,-0.5817632458666452,-0.18269294349311127,
fileid_796495__p002000,2,1.6763109245455923,1.6763109245455923,1.139229178396868,1.1119407456883643,1.3574698774258431,,-0.5370817461487243,-0.564370178857228,-0.31884104711974914,,2.6287217140197754,2.6287217140197754,2.3243172728871726,2.456054449081421,2.3350296020507812,,-0.3044044411326028,-0.1726672649383545,-0.29369211196899414,,1.30419921875,1.30419921875,1.3166314708181175,1.2619926929473877,1.2865364316955628,,0.012432252068117489,-0.042206525802612305,-0.017662787054437246,,2.219864845275879,2.219864845275879,1.7044373755474167,1.6813594341278075,1.7205357574554812,,-0.5154274697284622,-0.5385054111480714,-0.49932908782039775,,3.4893624146779376,3.4893624146779376,2.4114468622399143,1.375575335820516,1.8521804563012945,,-1.0779155524380233,-2.1137870788574213,-1.6371819583766432,,2.110966444015503,2.110966444015503,1.0790071473064193,1.1118789911270142,0.9307751843488838,,-1.0319592967090836,-0.9990874528884888,-1.180191259666619,,1.8307781219482422,1.8307781219482422,1.5383496894893876,1.6024749279022217,1.5456904941294567,,-0.29242843245885464,-0.2283031940460205,-0.2850876278187855,,3.887672185897827,3.887672185897827,3.0703602038234115,2.706125951675047,2.8586623295243965,,-0.8173119820744157,-1.1815462342227803,-1.0290098563734307,,4.460902690887451,4.460902690887451,1.0087677302609483,0.874367442475744,1.7227483889664035,,-3.452134960626503,-3.5865352484117072,-2.738154301921048,,4.537227037225517,4.537227037225517,-0.30989134655741646,4.873959255461502,0.42485352629903494,,-4.847118383782933,0.3367322182359853,-4.112373510926481,,0.0,0.0,0.0,0.0,0.0,,0.0,0.0,0.0,,0.7628560662269592,0.7628560662269592,0.7270962193787817,0.6671029645276357,0.7390830727466139,,-0.03575984684817757,-0.0957531016993235,-0.02377299348034534,,0.5720839500427246,0.5720839500427246,0.3751673324998603,0.37378006706754846,0.40332496317269073,,-0.19691661754286433,-0.19830388297517615,-0.16875898687003388,
fileid_797289__p002000,2,1.8129209754134201,1.8129209754134201,1.558457046195089,1.8448062977302477,1.8254229189052373,,-0.25446392921833105,0.03188532231682761,0.012501943491817213,,2.8793997764587402,2.8793997764587402,2.506017919046333,2.730695267757737,2.7784571173679398,,-0.37338185741240704,-0.14870450870100305,-0.10094265909080047,,1.4083592891693115,1.4083592891693115,1.332007497189993,1.2619926929473877,1.9872068611972304,,-0.07635179197931863,-0.14636659622192383,0.5788475720279189,,2.679707717895508,2.679707717895508,2.1746742607599283,2.149474859237671,2.2371546574864523,,-0.5050334571355797,-0.5302328586578371,-0.44255306040905573,,2.155545457204183,2.155545457204183,2.905926442050551,1.375575335820516,2.1167192651564815,,0.7503809848463678,-0.779970121383667,-0.038826192047701547,,1.64940345287323,1.64940345287323,1.0790071473064193,1.1118789911270142,1.5732554288274314,,-0.5703963055668106,-0.5375244617462158,-0.07614802404579857,,1.8637629747390747,1.8637629747390747,1.6228793694312313,1.5445537567138672,1.5456904941294567,,-0.24088360530784336,-0.3192092180252075,-0.318072480609618,,3.149057149887085,3.149057149887085,2.8447554614170487,3.712425708770752,3.1656128354819426,,-0.30430168847003625,0.563368558883667,0.01655568559485765,,5.786489963531494,5.786489963531494,7.377807820178419,5.465547561645508,4.930917533047227,,1.591317856646925,-0.32094240188598633,-0.8555724304842673,,6.105745281189484,6.105745281189484,5.738191310129316,4.873959255461502,5.959766511590203,,-0.3675539710601683,-1.231786025727982,-0.1459787695992807,,0.0,0.0,0.0,0.0,0.0,,0.0,0.0,0.0,,0.9145199060440063,0.9145199060440063,0.8755262415093111,0.8288424273571336,0.9032353517042107,,-0.038993664534695216,-0.0856774786868727,-0.011284554339795694,,0.8534493446350098,0.8534493446350098,0.7919414926724262,0.85493,0.6846697782895651,,-0.06150785196258357,0.0014806553649902021,-0.16877956634544466,
fileid_806703__p002000,2,1.771238647305787,1.771238647305787,1.558457046195089,1.6167953440183238,1.8254229189052373,,-0.212781601110698,-0.15444330328746325,0.05418427159945027,,2.686206340789795,2.686206340789795,2.3243172728871726,2.456054449081421,2.4170224853308806,,-0.3618890679026223,-0.23015189170837402,-0.2691838554589143,,1.2525877952575684,1.2525877952575684,1.332007497189993,1.2770386934280396,1.5549622723855165,,0.07941970193242454,0.02445089817047119,0.3023744771279482,,3.036758804321289,3.036758804321289,2.1746742607599283,2.040241865364902,1.99354691476707,,-0.8620845435613607,-0.996516938956387,-1.043211889554219,,2.1585904677708943,2.1585904677708943,2.905926442050551,1.375575335820516,2.1167192651564815,,0.7473359742796566,-0.7830151319503782,-0.041871202614412795,,0.9512929320335388,0.9512929320335388,1.0790071473064193,0.9165201783180237,0.9307751843488838,,0.12771421527288052,-0.03477275371551514,-0.020517747684654974,,1.4718194007873535,1.4718194007873535,1.5383496894893876,1.2911411667444619,1.5456904941294567,,0.06653028870203403,-0.18067823404289163,0.07387109334210318,,2.800147771835327,2.800147771835327,2.8447554614170487,2.706125951675047,3.1656128354819426,,0.044607689581721566,-0.09402182016028027,0.36546506364661546,,16.64920997619629,16.64920997619629,1.0087677302609483,0.874367442475744,1.7227483889664035,,-15.64044224593534,-15.774842533720545,-14.926461587229886,,17.09278193593373,17.09278193593373,3.4168524830737987,4.873959255461502,5.4443394023105665,,-13.675929452859931,-12.218822680472227,-11.648442533623163,,0.0058823529411764705,0.0058823529411764705,0.0,0.0,0.0,,-0.0058823529411764705,-0.0058823529411764705,-0.0058823529411764705,,0.8588191270828247,0.8588191270828247,0.8436501145841606,0.8431961536407471,0.8244241985930018,,-0.015169012498664092,-0.015622973442077637,-0.03439492848982295,,0.7130538821220398,0.7130538821220398,0.5200078583146673,0.6533812880516052,0.2752691507339477,,-0.19304602380737246,-0.05967259407043457,-0.4377847313880921,
fileid_808577__p002000,2,1.0850962381557623,1.0850962381557623,1.139229178396868,1.0979826890714457,1.4728107445863547,,0.05413294024110571,0.012886450915683412,0.38771450643059246,,2.46822452545166,2.46822452545166,2.3243172728871726,2.456054449081421,2.3143744846903176,,-0.14390725256448755,-0.012170076370239258,-0.15385004076134257,,1.266854166984558,1.266854166984558,1.3166314708181175,1.2598223686218262,1.3144711720416824,,0.04977730383355938,-0.007031798362731934,0.047617005057124295,,2.032275915145874,2.032275915145874,1.7044373755474167,1.6813594341278075,1.7205357574554812,,-0.3278385395984573,-0.3509164810180665,-0.31174015769039287,,3.953607432047526,3.953607432047526,2.905926442050551,1.6903308788935343,2.1167192651564815,,-1.0476809899969752,-2.263276553153992,-1.8368881668910446,,1.0478050708770752,1.0478050708770752,1.0790071473064193,1.1118789911270142,0.6965742455907615,,0.03120207642934414,0.06407392024993896,-0.35123082528631366,,1.9670442342758179,1.9670442342758179,2.145947439124785,2.009313520178737,2.3097107573206648,,0.17890320484896716,0.04226928590291923,0.3426665230448469,,3.3370649814605713,3.3370649814605713,2.309382260563862,2.706125951675047,2.3953983496470626,,-1.0276827208967094,-0.6309390297855244,-0.9416666318135087,,-4.342148780822754,-4.342148780822754,-2.5949078985007414,0.874367442475744,-2.2354083147393653,,1.7472408823220125,5.216516223298498,2.1067404660833886,,-4.202649483760475,-4.202649483760475,-5.18663387744421,-9.015849860227167,-0.7119967239552988,,-0.9839843936837349,-4.813200376466692,3.4906527598051764,,0.0,0.0,0.0,0.0,0.0,,0.0,0.0,0.0,,0.6090138554573059,0.6090138554573059,0.7270962193787817,0.7375310034636992,0.5376771872780888,,0.11808236392147575,0.12851714800639324,-0.07133666817921713,,0.4866374731063843,0.4866374731063843,0.3751673324998603,0.37378006706754846,0.21585752764140745,,-0.11147014060652399,-0.11285740603883582,-0.27077994546497686,
urgent_test-blind_0001_450__p002000,2,3.10501265690732,3.10501265690732,2.633601304863325,2.5104980333264404,2.7434712627911653,,-0.4714113520439951,-0.5945146235808796,-0.3615413941161547,,3.2755393981933594,3.2755393981933594,3.4638023376464844,3.035421133041382,3.3930183816626367,,0.188262939453125,-0.24011826515197754,0.11747898346927732,,2.0482735633850098,2.0482735633850098,2.1796877211835013,1.999329298375598,1.5549622723855165,,0.13141415779849153,-0.04894426500941185,-0.4933112909994932,,2.510981225967407,2.510981225967407,2.7143846414175377,2.486354217759098,2.2371546574864523,,0.20340341545013052,-0.02462700820830932,-0.2738265684809549,,4.106951268513997,4.106951268513997,3.612587761400215,4.048318806422284,3.9040776577021385,,-0.4943635071137824,-0.05863246209171358,-0.20287361081185873,,3.682706117630005,3.682706117630005,2.875215337937137,2.532307897705629,2.44274962666523,,-0.8074907796928681,-1.150398219924376,-1.239956490964775,,2.57999587059021,2.57999587059021,4.09345537208649,3.9860012531280518,3.6059983466044963,,1.5134595014962802,1.4060053825378418,1.0260024760142863,,4.094772815704346,4.094772815704346,3.764311608061733,3.8848892349794686,2.1205695091959944,,-0.33046120764261255,-0.20988358072487712,-1.9742033065083513,,40.62715530395508,40.62715530395508,41.73924255371094,17.370468139648438,38.344276428222656,,1.1120872497558594,-23.25668716430664,-2.282878875732422,,41.889687288185335,41.889687288185335,42.366300781778975,13.375461168411661,39.81677967661731,,0.47661349359363925,-28.514226119773674,-2.072907611568027,,,,0.0,0.0,0.0,,,,,,,,0.8958807491873163,0.9459272027015686,0.9168841319390569,,,,,,,,0.7919414926724262,0.9060206263253012,0.6846697782895651,,,,,
urgent_test-blind_0092_455__p002000,2,3.452977466122216,3.452977466122216,2.9144293797079417,2.6562451335031274,2.7434712627911653,,-0.5385480864142744,-0.7967323326190887,-0.7095062033310509,,3.124077796936035,3.124077796936035,3.155165635917081,3.035421133041382,3.007784935843992,,0.031087838981045834,-0.08865666389465332,-0.11629286109204306,,2.7788968086242676,2.7788968086242676,2.1796877211835013,1.9622897153877352,1.9096191767229134,,-0.5992090874407663,-0.8166070932365324,-0.8692776319013542,,2.6686219215393066,2.6686219215393066,2.505322941240058,2.1282028916370437,1.946901224703195,,-0.1632989802992486,-0.5404190299022629,-0.7217206968361116,,3.9763306458791097,3.9763306458791097,3.612587761400215,3.9737770714434273,1.733218263047766,,-0.3637428844788948,-0.002553574435682382,-2.2431123828313435,,2.6466543674468994,2.6466543674468994,2.875215337937137,3.003086417554372,2.6926509328635344,,0.22856097049023738,0.3564320501074727,0.045996565416634994,,3.406292200088501,3.406292200088501,3.1657044054513954,2.562039852142334,3.310338367420028,,-0.24058779463710556,-0.844252347946167,-0.09595383266847302,,4.066150188446045,4.066150188446045,3.764311608061733,3.8848892349794686,3.5737028107585678,,-0.30183858038431177,-0.18126095346657634,-0.49244737768747715,,39.978187561035156,39.978187561035156,42.63750076293945,27.29269027709961,43.04574966430664,,2.659313201904297,-12.685497283935547,3.0675621032714844,,43.480439644338496,43.480439644338496,44.8520983684421,44.76826328911652,44.840412359022956,,1.3716587241036038,1.2878236447780225,1.35997271468446,,,,0.0,0.0,0.0,,,,,,0.8833835124969482,0.8833835124969482,0.8339530495275934,0.8288424273571336,0.802390929685539,,-0.04943046296935483,-0.054541085139814593,-0.0809925828114092,,0.49355587,0.49355587,0.12794155558668466,0.6533812880516052,0.21585752764140745,,-0.3656143144133154,0.15982541805160522,-0.2776983423585926,
urgent_test-blind_0098_447__p002000,2,3.489025646887784,3.489025646887784,3.402553986202744,3.4701656673819166,3.0587917036867385,,-0.08647166068503997,-0.018859979505867486,-0.4302339432010456,,3.913747787475586,3.913747787475586,4.092316354613706,3.9014344215393066,3.693037991542893,,0.17856856713811986,-0.012313365936279297,-0.2207097959326929,,3.692322015762329,3.692322015762329,3.6123836988426112,3.3736504675394077,3.3286957884409336,,-0.07993831691971787,-0.31867154822292143,-0.3636262273213955,,3.5654321193695067,3.5654321193695067,3.565088093615919,3.5533453947090243,2.7595813303108674,,-0.00034402575358782883,-0.012086724660482329,-0.8058507890586393,,4.456088066101074,4.456088066101074,4.497222592840233,3.9670161406199136,4.428869763084524,,0.04113452673915852,-0.48907192548116063,-0.02721830301655004,,4.7604780197143555,4.7604780197143555,4.890166926096721,5.016104916492144,4.584327113676262,,0.1296889063823654,0.2556268967777884,-0.17615090603809325,,4.48667049407959,4.48667049407959,4.7164740562438965,4.566967964172363,4.607645464709485,,0.22980356216430664,0.08029747009277344,0.12097497062989504,,4.785078525543213,4.785078525543213,4.836176033479622,4.913525581359863,4.830354044236333,,0.05109750793640888,0.1284470558166504,0.04527551869311974,,41.85674285888672,41.85674285888672,42.316993713378906,42.37028503417969,42.46058654785156,,0.4602508544921875,0.5135421752929688,0.6038436889648438,,43.1078623731245,43.1078623731245,43.791269785517834,44.00420015714539,44.14965460744504,,0.6834074123933362,0.8963377840208935,1.0417922343205461,,,,0.0,0.0,0.0,,,,,,0.9633904695510864,0.9633904695510864,0.9411847373567911,0.9459272027015686,0.9546775951921701,,-0.022205732194295336,-0.017463266849517822,-0.008712874358916323,,0.95281905,0.95281905,0.8598875627251314,0.6533812880516052,0.9031822060131303,,-0.09293148727486855,-0.2994377619483948,-0.04963684398686974,
urgent_test-blind_0105_511__p002000,2,2.7451776300090747,2.7451776300090747,2.5217681890362464,2.042412944065817,2.7434712627911653,,-0.22340944097282822,-0.7027646859432575,-0.0017063672179093992,,3.5656545162200928,3.5656545162200928,2.9317514561266305,3.035421133041382,3.007784935843992,,-0.6339030600934623,-0.5302333831787109,-0.5578695803761007,,1.9423896074295044,1.9423896074295044,1.3829702225076146,1.3807680937181037,1.5549622723855165,,-0.5594193849218898,-0.5616215137114007,-0.38742733504398785,,2.7268166542053223,2.7268166542053223,2.179533685163322,2.1282028916370437,1.7205357574554812,,-0.5472829690420005,-0.5986137625682786,-1.0062808967498411,,3.0444907983144125,3.0444907983144125,2.905926442050551,2.3831069636057656,2.1167192651564815,,-0.13856435626386165,-0.6613838347086469,-0.927771533157931,,2.337932825088501,2.337932825088501,1.6865811908101462,1.9918286039168582,1.8998678688064636,,-0.6513516342783547,-0.34610422117164275,-0.43806495628203734,,3.634558916091919,3.634558916091919,3.18416780305196,3.9860012531280518,3.3862234799258673,,-0.45039111303995893,0.3514423370361328,-0.2483354361660517,,3.1267101764678955,3.1267101764678955,0.774645984172821,2.94353985786438,2.1205695091959944,,-2.3520641922950745,-0.18317031860351562,-1.006140667271901,,9.401217460632324,9.401217460632324,2.6694834395106053,1.9207297563552856,9.527900446849657,,-6.731734021121719,-7.480487704277039,0.12668298621733243,,9.891770928038182,9.891770928038182,-21.461951219307892,9.035438096368653,8.712423712888931,,-31.353722147346076,-0.8563328316695298,-1.1793472151492512,,,,0.0,0.0,0.0,,,,,,0.8751540184020996,0.8751540184020996,0.8436501145841606,0.8168763518333435,0.843022027887015,,-0.031503903817938994,-0.058277666568756104,-0.03213199051508464,,0.6811022,0.6811022,0.12794155558668466,0.522931,0.46247691813721714,,-0.5531606444133154,-0.15817119999999996,-0.21862528186278285,
urgent_test-blind_0105_noisy_source__p002000,2,1.9163753783501354,1.9163753783501354,1.7918044343266315,1.7017061366343533,1.8254229189052373,,-0.12457094402350388,-0.21466924171578206,-0.09095245944489805,,2.734964609146118,2.734964609146118,2.506017919046333,2.456054449081421,2.7784571173679398,,-0.22894669009978497,-0.27891016006469727,0.0434925082218216,,1.2481281757354736,1.2481281757354736,1.2462396621704102,1.2427181005477905,1.2279622549991531,,-0.0018885135650634766,-0.0054100751876831055,-0.02016592073632051,,2.2755386352539064,2.2755386352539064,1.7044373755474167,1.6813594341278075,1.7205357574554812,,-0.5711012597064897,-0.5941792011260989,-0.5550028777984253,,2.728150161107381,2.728150161107381,2.905926442050551,1.4573862942347087,1.733218263047766,,0.17777628094316977,-1.2707638668726724,-0.9949318980596151,,1.007347822189331,1.007347822189331,1.0790071473064193,1.1118789911270142,0.9307751843488838,,0.07165932511708828,0.1045311689376831,-0.07657263784044721,,1.9721567630767822,1.9721567630767822,2.145947439124785,2.009313520178737,2.3097107573206648,,0.1737906760480028,0.037156757101954874,0.33755399424388255,,1.788815975189209,1.788815975189209,1.6959931390831269,2.706125951675047,2.1205695091959944,,-0.09282283610608211,0.9173099764858379,0.3317535340067854,,12.547149658203125,12.547149658203125,3.53799064954122,1.9207297563552856,1.7227483889664035,,-9.009159008661905,-10.62641990184784,-10.824401269236722,,12.58330801101572,12.58330801101572,-5.18663387744421,4.873959255461502,-0.7119967239552988,,-17.769941888459932,-7.709348755554219,-13.295304734971019,,,,0.0,0.0,0.0,,,,,,0.8479591012001038,0.8479591012001038,0.7270962193787817,0.7375310034636992,0.7390830727466139,,-0.1208628818213221,-0.1104280977364046,-0.10887602845348987,,0.6937813,0.6937813,0.12794155558668466,0.37378006706754846,0.21585752764140745,,-0.5658397444133154,-0.3200012329324516,-0.4779237723585926,
urgent_test-blind_0107_443__p002000,2,2.3692184013289976,2.3692184013289976,2.5217681890362464,2.332197092064295,1.8254229189052373,,0.1525497877072488,-0.037021309264702484,-0.5437954824237603,,3.5988101959228516,3.5988101959228516,3.2423034058995994,2.89228892326355,2.7784571173679398,,-0.35650679002325214,-0.7065212726593018,-0.8203530785549118,,1.3159056901931763,1.3159056901931763,1.332007497189993,1.2770386934280396,1.2423320369548108,,0.016101806996816626,-0.03886699676513672,-0.07357365323836551,,2.4921066761016846,2.4921066761016846,2.179533685163322,2.1282028916370437,1.7205357574554812,,-0.31257299093836277,-0.3639037844646409,-0.7715709186462034,,3.699474398295085,3.699474398295085,2.905926442050551,2.3831069636057656,2.9756688731422067,,-0.793547956244534,-1.3163674346893193,-0.7238055251528781,,2.1392171382904053,2.1392171382904053,2.875215337937137,2.0853068828582764,1.5732554288274314,,0.7359981996467315,-0.053910255432128906,-0.5659617094629739,,1.9742553234100342,1.9742553234100342,3.18416780305196,3.5392496212419258,3.2534821004752654,,1.2099124796419258,1.5649942978318916,1.2792267770652312,,2.5440549850463867,2.5440549850463867,1.6959931390831269,1.9989220722612127,3.1656128354819426,,-0.8480618459632598,-0.5451329127851741,0.6215578504355559,,3.584428310394287,3.584428310394287,-11.666141655550424,-17.183237719248577,9.527900446849657,,-15.250569965944711,-20.767666029642864,5.9434721364553695,,3.7593457304433056,3.7593457304433056,-21.461951219307892,-9.015849860227167,5.4443394023105665,,-25.2212969497512,-12.775195590670473,1.684993671867261,,,,0.0,0.0,0.0,,,,,,,,0.7270962193787817,0.6807832717895508,0.7390830727466139,,,,,,,,0.12794155558668466,0.6533812880516052,0.46247691813721714,,,,,
urgent_test-blind_0107_492__p002000,2,2.1468551970218774,2.1468551970218774,2.1170152590103855,2.1801044883189347,1.8254229189052373,,-0.029839938011491984,0.033249291297057226,-0.3214322781166401,,3.751909017562866,3.751909017562866,2.9317514561266305,2.89228892326355,2.7784571173679398,,-0.8201575614362357,-0.8596200942993164,-0.9734519001949264,,1.3290026187896729,1.3290026187896729,1.332007497189993,1.2770386934280396,1.2423320369548108,,0.0030048784003200435,-0.0519639253616333,-0.08667058183486209,,3.038153123855591,3.038153123855591,2.1746742607599283,2.1282028916370437,1.7205357574554812,,-0.8634788630956627,-0.9099502322185473,-1.3176173664001098,,4.240140660603841,4.240140660603841,2.905926442050551,1.6903308788935343,2.9756688731422067,,-1.3342142185532904,-2.549809781710307,-1.2644717874616345,,1.6616426706314087,1.6616426706314087,2.875215337937137,1.5280352830886845,1.8998678688064636,,1.213572667305728,-0.13360738754272417,0.23822519817505494,,3.103548765182495,3.103548765182495,3.18416780305196,3.5392496212419258,3.2534821004752654,,0.0806190378694649,0.43570085605943065,0.1499333352927703,,2.049862861633301,2.049862861633301,1.5425501846405396,2.706125951675047,3.1656128354819426,,-0.5073126769927612,0.6562630900417461,1.1157499738486418,,13.418169021606445,13.418169021606445,11.135773340861004,-17.183237719248577,25.31194503048816,,-2.2823956807454415,-30.601406740855023,11.893776008881716,,13.600857477455381,13.600857477455381,-6.862093534709692,-9.015849860227167,11.525480238086931,,-20.462951012165075,-22.61670733768255,-2.07537723936845,,,,0.0,0.0,0.0,,,,,,,,0.7270962193787817,0.6807832717895508,0.7390830727466139,,,,,,,,0.12794155558668466,0.6533812880516052,0.46247691813721714,,,,,
urgent_test-blind_0127_420__p002000,2,3.21364275280194,3.21364275280194,3.187178875049633,3.1530025159952157,2.7434712627911653,,-0.026463877752306963,-0.06064023680672426,-0.47017149001077474,,2.870783567428589,2.870783567428589,3.3993454036942445,3.2823985800685653,3.2127089304138856,,0.5285618362656557,0.41161501263997646,0.34192536298529674,,2.823162317276001,2.823162317276001,2.528921655861728,2.5317776203155518,2.5060901957822126,,-0.29424066141427296,-0.2913846969604492,-0.3170721214937884,,2.9368284225463865,2.9368284225463865,2.7695862099827533,2.82315673828125,2.2371546574864523,,-0.16724221256363325,-0.11367168426513663,-0.6996737650599343,,3.541312249501546,3.541312249501546,4.22817462783262,3.9737770714434273,3.9040776577021385,,0.6868623783310737,0.4324648219418812,0.36276540820059244,,2.6496379375457764,2.6496379375457764,3.735857051539134,3.864074945449829,3.612003642871197,,1.0862191139933577,1.2144370079040527,0.9623657053254204,,2.5438458919525146,2.5438458919525146,4.477402284920934,4.566967964172363,4.25769880785042,,1.933556392968419,2.0231220722198486,1.7138529158979052,,2.6996824741363525,2.6996824741363525,0.774645984172821,1.389709711074829,4.318810380606287,,-1.9250364899635315,-1.3099727630615234,1.6191279064699344,,42.98355484008789,42.98355484008789,43.04574966430664,42.84180450439453,43.24878692626953,,0.06219482421875,-0.14175033569335938,0.2652320861816406,,44.80689451496957,44.80689451496957,44.8520983684421,44.76826328911652,44.840412359022956,,0.045203853472528976,-0.03863122585305234,0.033517844053385204,,,,0.0,0.0,0.0,,,,,,0.8473860025405884,0.8473860025405884,0.8755262415093111,0.8288424273571336,0.802390929685539,,0.028140238968722753,-0.01854357518345473,-0.044995072855049334,,0.35940242,0.35940242,0.4107864313575637,0.7538637195725038,0.46247691813721714,,0.05138401135756371,0.39446129957250375,0.10307449813721714,
urgent_test-blind_0127_436__p002000,2,3.118267903026979,3.118267903026979,2.532496624886359,3.0109477259358424,2.51490741576413,,-0.5857712781406197,-0.1073201770911365,-0.6033604872628491,,2.888216972351074,2.888216972351074,3.036951092831102,2.89228892326355,3.2127089304138856,,0.14873412048002788,0.004071950912475586,0.3244919580628114,,2.64492130279541,2.64492130279541,1.5313415972583266,1.999329298375598,2.1640160203458807,,-1.1135797055370835,-0.6455920044198122,-0.48090528244952946,,2.9302031993865967,2.9302031993865967,2.179533685163322,2.1282028916370437,2.2371546574864523,,-0.7506695142232749,-0.802000307749553,-0.6930485419001444,,3.302490965525309,3.302490965525309,3.612587761400215,2.3831069636057656,3.6664542737575263,,0.3100967958749057,-0.9193840019195436,0.3639633082322171,,3.5692031383514404,3.5692031383514404,2.875215337937137,2.0853068828582764,2.9315143033682576,,-0.6939878004143036,-1.483896255493164,-0.6376888349831829,,4.181960582733154,4.181960582733154,3.7479782233755277,3.9860012531280518,4.25769880785042,,-0.43398235935762663,-0.19595932960510254,0.07573822511726558,,4.171104907989502,4.171104907989502,0.774645984172821,1.389709711074829,3.871898666443116,,-3.396458923816681,-2.781395196914673,-0.29920624154638586,,36.885780334472656,36.885780334472656,43.04574966430664,17.370468139648438,43.04574966430664,,6.159969329833984,-19.51531219482422,6.159969329833984,,39.704739673743155,39.704739673743155,44.8520983684421,44.76826328911652,44.840412359022956,,5.147358694698944,5.063523615373363,5.1356726852798005,,,,0.0,0.0,0.0,,,,,,0.818841278553009,0.818841278553009,0.8339530495275934,0.7907151579856873,0.802390929685539,,0.015111770974584382,-0.028126120567321777,-0.016450348867469988,,0.33379662,0.33379662,0.12794155558668466,0.7538637195725038,0.40332496317269073,,-0.20585506441331533,0.42006709957250377,0.06952834317269074,
urgent_test-blind_0127_446__p002000,2,3.2035283574474893,3.2035283574474893,2.9144293797079417,3.0109477259358424,2.7434712627911653,,-0.2890989777395476,-0.19258063151164695,-0.46005709465632405,,3.2069664001464844,3.2069664001464844,3.036951092831102,3.035421133041382,3.1538420135237604,,-0.17001530731538228,-0.17154526710510254,-0.05312438662272401,,2.7982959747314453,2.7982959747314453,2.1796877211835013,2.0108823776245117,2.1640160203458807,,-0.618608253547944,-0.7874135971069336,-0.6342799543855646,,2.879547357559204,2.879547357559204,2.285062718104167,2.1282028916370437,2.2371546574864523,,-0.5944846394550369,-0.7513444659221604,-0.6423927000727518,,3.035473378499349,3.035473378499349,3.612587761400215,3.9737770714434273,3.9040776577021385,,0.577114382900866,0.9383036929440784,0.8686042792027897,,3.5054304599761963,3.5054304599761963,2.875215337937137,3.003086417554372,2.9315143033682576,,-0.6302151220390595,-0.5023440424218242,-0.5739161566079387,,3.484758138656616,3.484758138656616,3.7479782233755277,3.9860012531280518,3.5000575565430054,,0.26322008471891145,0.5012431144714355,0.015299417886389222,,3.9597322940826416,3.9597322940826416,0.774645984172821,1.389709711074829,4.175081613073387,,-3.1850863099098206,-2.5700225830078125,0.2153493189907456,,42.69489669799805,42.69489669799805,43.04574966430664,42.84180450439453,42.75306701660156,,0.35085296630859375,0.14690780639648438,0.058170318603515625,,44.85681202625329,44.85681202625329,44.8520983684421,44.76826328911652,44.840412359022956,,-0.004713657811187488,-0.08854873713676881,-0.01639966723033126,,,,0.0,0.0,0.0,,,,,,0.8134921789169312,0.8134921789169312,0.8339530495275934,0.8288424273571336,0.843022027887015,,0.020460870610662263,0.015350248440202496,0.029529848970083816,,0.4805406,0.4805406,0.12794155558668466,0.7538637195725038,0.46247691813721714,,-0.35259904441331535,0.27332311957250377,-0.018063681862782843,
urgent_test-blind_0127_460__p002000,2,3.1546729140700474,3.1546729140700474,2.9144293797079417,3.0109477259358424,2.7434712627911653,,-0.24024353436210566,-0.14372518813420498,-0.4112016512788821,,3.1260883808135986,3.1260883808135986,3.036951092831102,3.035421133041382,3.2127089304138856,,-0.08913728798249654,-0.0906672477722168,0.08662054960028698,,2.2519562244415283,2.2519562244415283,2.1796877211835013,1.999329298375598,2.1640160203458807,,-0.07226850325802703,-0.2526269260659304,-0.08794020409564762,,2.797594928741455,2.797594928741455,2.285062718104167,2.1282028916370437,2.2371546574864523,,-0.5125322106372878,-0.6693920371044113,-0.5604402712550027,,2.161412318547567,2.161412318547567,3.612587761400215,2.3831069636057656,3.9040776577021385,,1.451175442852648,0.2216946450581987,1.7426653391545717,,3.671663522720337,3.671663522720337,2.875215337937137,3.864074945449829,3.612003642871197,,-0.7964481847832001,0.1924114227294922,-0.05965987984914012,,4.167666912078857,4.167666912078857,4.20379814756922,4.4993720054626465,4.25769880785042,,0.03613123549036246,0.33170509338378906,0.09003189577156245,,3.7172839641571045,3.7172839641571045,0.774645984172821,1.389709711074829,4.04098235555442,,-2.9426379799842834,-2.3275742530822754,0.3236983913973157,,23.82988929748535,23.82988929748535,43.04574966430664,42.84180450439453,43.04574966430664,,19.21586036682129,19.01191520690918,19.21586036682129,,24.014547148071802,24.014547148071802,44.8520983684421,44.76826328911652,44.840412359022956,,20.837551220370298,20.753716141044716,20.825865210951154,,,,0.0,0.0,0.0,,,,,,0.8069193363189697,0.8069193363189697,0.8339530495275934,0.8288424273571336,0.802390929685539,,0.02703371320862369,0.021923091038163922,-0.004528406633430682,,0.26261187,0.26261187,0.12794155558668466,0.7538637195725038,0.46247691813721714,,-0.13467031441331537,0.49125184957250373,0.19986504813721712,
urgent_test-blind_0127_508__p002000,2,3.0115423936321934,3.0115423936321934,3.187178875049633,3.0109477259358424,2.7434712627911653,,0.1756364814174396,-0.0005946676963510811,-0.2680711308410282,,2.974292755126953,2.974292755126953,3.3993454036942445,3.035421133041382,3.2127089304138856,,0.4250526485672914,0.06112837791442871,0.23841617528693249,,2.89540433883667,2.89540433883667,2.1796877211835013,1.999329298375598,2.3262872030457338,,-0.7157166176531686,-0.896075040461072,-0.5691171357909361,,2.459210157394409,2.459210157394409,2.285062718104167,2.1282028916370437,2.2371546574864523,,-0.174147439290242,-0.3310072657573655,-0.22205549990795692,,2.8049030780792235,2.8049030780792235,3.612587761400215,3.9737770714434273,3.9040776577021385,,0.8076846833209914,1.1688739933642038,1.099174579622915,,3.042848825454712,3.042848825454712,2.875215337937137,3.003086417554372,2.9315143033682576,,-0.16763348751757512,-0.0397624079003398,-0.11133452208645434,,3.2615010738372803,3.2615010738372803,4.20379814756922,3.9860012531280518,3.6343171912503527,,0.9422970737319396,0.7245001792907715,0.3728161174130724,,3.692181348800659,3.692181348800659,0.774645984172821,1.389709711074829,3.928551262162297,,-2.917535364627838,-2.30247163772583,0.2363699133616377,,42.656551361083984,42.656551361083984,42.316993713378906,42.84180450439453,43.04574966430664,,-0.3395576477050781,0.18525314331054688,0.38919830322265625,,44.51592490416165,44.51592490416165,44.8520983684421,44.76826328911652,44.840412359022956,,0.33617346428044925,0.25233838495486793,0.3244874548613055,,,,0.0,0.0,0.0,,,,,,0.8037999272346497,0.8037999272346497,0.8532589994759924,0.8168763518333435,0.843022027887015,,0.049459072241342716,0.013076424598693848,0.03922210065236531,,0.4567976,0.4567976,0.12794155558668466,0.7538637195725038,0.46247691813721714,,-0.3288560444133154,0.29706611957250373,0.005679318137217115,
urgent_test-blind_0134_469__p002000,2,3.24024513660032,3.24024513660032,3.187178875049633,3.0109477259358424,2.7434712627911653,,-0.053066261550687166,-0.22929741066447784,-0.49677387380915494,,4.047950267791748,4.047950267791748,4.092316354613706,3.786478042602539,3.8671293000140823,,0.04436608682195775,-0.261472225189209,-0.18082096777766576,,3.2126102447509766,3.2126102447509766,2.8687779874686736,3.3736504675394077,2.697259107268,,-0.34383225728230293,0.1610402227884311,-0.5153511374829765,,3.2132840156555176,3.2132840156555176,2.96534251707146,2.82315673828125,2.7595813303108674,,-0.24794149858405756,-0.39012727737426767,-0.4537026853446502,,4.307279332478841,4.307279332478841,4.497222592840233,3.9144745031992594,4.2766554302639435,,0.18994326036139153,-0.3928048292795818,-0.030623902214897747,,4.3606791496276855,4.3606791496276855,4.640487311834312,3.003086417554372,4.484505173671676,,0.27980816220662685,-1.3575927320733134,0.12382602404399012,,3.902803897857666,3.902803897857666,4.477402284920934,4.566967964172363,4.25769880785042,,0.5745983870632676,0.6641640663146973,0.35489490999275386,,4.544225692749023,4.544225692749023,4.630159099417996,4.515913963317871,4.830354044236333,,0.08593340666897298,-0.028311729431152344,0.2861283514873092,,32.704856872558594,32.704856872558594,41.73924255371094,20.020647048950195,13.059100162552063,,9.034385681152344,-12.684209823608398,-19.64575671000653,,32.87489515391751,32.87489515391751,42.366300781778975,19.959982656587627,39.81677967661731,,9.491405627861468,-12.91491249732988,6.941884522699802,,,,0.0,0.0,0.0,,,,,,,,0.9313854828895813,0.9459272027015686,0.9647253785267411,,,,,,,,0.9644771232662431,0.9953312352618022,0.9421174420889122,,,,,
urgent_test-blind_0134_489__p002000,2,3.2737666136989283,3.2737666136989283,3.187178875049633,3.0109477259358424,2.7434712627911653,,-0.08658773864929525,-0.26281888776308593,-0.530295350907763,,4.091583251953125,4.091583251953125,4.092316354613706,3.7481110095977783,4.132681272116052,,0.0007331026605807978,-0.3434722423553467,0.041098020162927185,,3.287929058074951,3.287929058074951,3.1971346671322745,3.3736504675394077,2.5060901957822126,,-0.09079439094267672,0.0857214094644565,-0.7818388622927386,,3.19101881980896,3.19101881980896,2.96534251707146,3.1549996376037597,2.7595813303108674,,-0.22567630273749995,-0.036019182205200284,-0.4314374894980926,,4.490196704864502,4.490196704864502,4.497222592840233,3.9144745031992594,4.2766554302639435,,0.007025887975730782,-0.5757222016652426,-0.2135412746005585,,4.556861877441406,4.556861877441406,4.640487311834312,3.864074945449829,4.584327113676262,,0.08362543439290615,-0.6927869319915771,0.027465236234855972,,4.380147457122803,4.380147457122803,4.477402284920934,4.566967964172363,4.25769880785042,,0.09725482779813088,0.18682050704956055,-0.12244864927238286,,4.645318031311035,4.645318031311035,4.630159099417996,4.515913963317871,4.830354044236333,,-0.01515893189303874,-0.12940406799316406,0.18503601292529748,,39.27565002441406,39.27565002441406,41.73924255371094,20.020647048950195,13.059100162552063,,2.463592529296875,-19.255002975463867,-26.216549861862,,39.94288553645853,39.94288553645853,42.366300781778975,19.959982656587627,39.81677967661731,,2.4234152453204416,-19.982902879870906,-0.1261058598412248,,,,0.0,0.0,0.0,,,,,,,,0.957467080120102,0.9459272027015686,0.9647253785267411,,,,,,,,0.9644771232662431,0.9953312352618022,0.958817387824001,,,,,
urgent_test-blind_0151_421__p002000,2,3.456523209590862,3.456523209590862,3.266863423412649,3.0109477259358424,2.7434712627911653,,-0.189659786178213,-0.4455754836550194,-0.7130519467996965,,4.0628862380981445,4.0628862380981445,4.092316354613706,3.9014344215393066,3.693037991542893,,0.029430116515561267,-0.1614518165588379,-0.3698482465552515,,3.370500326156616,3.370500326156616,3.6123836988426112,3.3736504675394077,2.5060901957822126,,0.24188337268599502,0.0031501413827914604,-0.8644101303744036,,3.381769895553589,3.381769895553589,3.6653030223157037,3.421864988717688,2.2371546574864523,,0.28353312676211484,0.040095093164099094,-1.1446152380671366,,4.283200105031331,4.283200105031331,4.497222592840233,3.9144745031992594,3.6732178850825052,,0.21402248780890165,-0.3687256018320717,-0.6099822199488258,,4.254997253417969,4.254997253417969,4.640487311834312,3.864074945449829,2.9315143033682576,,0.38549005841634365,-0.39092230796813965,-1.3234829500497112,,4.236358165740967,4.236358165740967,4.477402284920934,4.566967964172363,4.25769880785042,,0.24104411917996682,0.3306097984313965,0.02134064210945308,,4.569975852966309,4.569975852966309,4.756508281432002,4.515913963317871,3.871898666443116,,0.18653242846569373,-0.0540618896484375,-0.6980771865231925,,40.754642486572266,40.754642486572266,41.73924255371094,20.020647048950195,38.344276428222656,,0.9846000671386719,-20.73399543762207,-2.4103660583496094,,42.22900865362103,42.22900865362103,42.366300781778975,19.959982656587627,39.81677967661731,,0.13729212815794511,-22.269025997033403,-2.4122289770037213,,,,0.0,0.0,0.0,,,,,,0.9445558190345764,0.9445558190345764,0.9566694577056242,0.9459272027015686,0.9647253785267411,,0.012113638671047755,0.0013713836669921875,0.0201695594921647,,0.91051924,0.91051924,0.9644771232662431,0.9060206263253012,0.9031822060131303,,0.05395788326624318,-0.004498613674698726,-0.00733703398686969,
urgent_test-blind_0151_424__p002000,2,3.557411943389417,3.557411943389417,3.187178875049633,3.0109477259358424,2.7434712627911653,,-0.37023306833978387,-0.5464642174535745,-0.8139406805982516,,4.037471771240234,4.037471771240234,3.4638023376464844,3.6021947860717773,3.693037991542893,,-0.57366943359375,-0.43527698516845703,-0.34443377969734135,,3.4241175651550293,3.4241175651550293,3.1971346671322745,3.3736504675394077,2.5060901957822126,,-0.22698289802275484,-0.050467097615621626,-0.9180273693728167,,3.464243268966675,3.464243268966675,3.6653030223157037,3.421864988717688,2.7595813303108674,,0.2010597533490288,-0.04237828024898693,-0.7046619386558075,,4.597098636627197,4.597098636627197,4.497222592840233,3.9144745031992594,3.6732178850825052,,-0.09987604378696435,-0.6826241334279377,-0.9238807515446918,,3.226903200149536,3.226903200149536,4.640487311834312,3.864074945449829,2.9315143033682576,,1.4135841116847763,0.637171745300293,-0.29538889678127855,,3.9955477714538574,3.9955477714538574,4.477402284920934,4.515665054321289,4.25769880785042,,0.4818545134670762,0.5201172828674316,0.26215103639656245,,3.0589606761932373,3.0589606761932373,4.630159099417996,4.300492355622441,3.871898666443116,,1.571198423224759,1.2415316794292037,0.8129379902498788,,40.97580337524414,40.97580337524414,41.73924255371094,20.020647048950195,38.344276428222656,,0.7634391784667969,-20.955156326293945,-2.6315269470214844,,41.97417418151125,41.97417418151125,42.366300781778975,22.153136366544626,39.81677967661731,,0.39212660026772284,-19.821037814966626,-2.1573945048939436,,,,0.0,0.0,0.0,,,,,,0.953363299369812,0.953363299369812,0.9313854828895813,0.9459272027015686,0.9647253785267411,,-0.021977816480230672,-0.007436096668243408,0.011362079156929106,,0.93871975,0.93871975,0.9644771232662431,0.85493,0.9031822060131303,,0.025757373266243166,-0.08378975,-0.0355375439868697,
urgent_test-blind_0174_519__p002000,2,3.240362009768179,3.240362009768179,2.8956088595582337,3.0109477259358424,2.7434712627911653,,-0.34475315020994524,-0.22941428383233653,-0.49689074697701363,,3.1823482513427734,3.1823482513427734,3.4638023376464844,3.336047758539039,3.3930183816626367,,0.28145408630371094,0.15369950719626546,0.21067013031986326,,2.144885301589966,2.144885301589966,2.1796877211835013,1.8312695773251075,1.7314075930530288,,0.03480241959353547,-0.3136157242648583,-0.413477708536937,,2.261024284362793,2.261024284362793,2.7695862099827533,2.82315673828125,2.2371546574864523,,0.5085619256199605,0.5621324539184571,-0.023869626876340533,,3.1259226322174074,3.1259226322174074,3.612587761400215,3.9144745031992594,3.9040776577021385,,0.48666512918280747,0.788551870981852,0.7781550254847311,,2.63500714302063,2.63500714302063,2.875215337937137,3.003086417554372,2.9315143033682576,,0.2402081949165069,0.36807927453374223,0.2965071603476277,,3.3413689136505127,3.3413689136505127,3.8184972268989283,3.9860012531280518,3.6059983466044963,,0.47712831324841565,0.6446323394775391,0.26462943295398356,,3.737732172012329,3.737732172012329,0.774645984172821,1.9989220722612127,3.871898666443116,,-2.963086187839508,-1.7388100997511164,0.134166494430787,,40.79176330566406,40.79176330566406,40.293331146240234,13.303008079528809,13.059100162552063,,-0.4984321594238281,-27.488755226135254,-27.732663143112,,41.53307191609686,41.53307191609686,40.156060977297116,38.28654816687972,11.525480238086931,,-1.3770109387997422,-3.2465237492171397,-30.007591678009927,,,,0.0,0.0,0.0,,,,,,,,0.8958807491873163,0.8908126174685467,0.843022027887015,,,,,,,,0.7919414926724262,0.6533812880516052,0.7812010723756452,,,,,
urgent_test-blind_0174_521__p002000,2,3.0918176421794867,3.0918176421794867,2.633601304863325,3.0109477259358424,2.7434712627911653,,-0.45821633731616185,-0.08086991624364437,-0.34834637938832147,,3.5954506397247314,3.5954506397247314,3.4638023376464844,3.2823985800685653,3.444607953948668,,-0.13164830207824707,-0.3130520596561661,-0.1508426857760634,,1.9639945030212402,1.9639945030212402,2.1796877211835013,1.999329298375598,2.1640160203458807,,0.21569321816226106,0.035334795354357684,0.20002151732464046,,3.4746535778045655,3.4746535778045655,2.7143846414175377,2.82315673828125,2.2371546574864523,,-0.7602689363870279,-0.6514968395233156,-1.2374989203181133,,4.356499163309733,4.356499163309733,4.22817462783262,3.614718146496508,3.9288912122029376,,-0.12832453547711342,-0.7417810168132251,-0.4276079511067956,,4.046643257141113,4.046643257141113,3.409874677658081,3.003086417554372,2.9315143033682576,,-0.6367685794830322,-1.0435568395867412,-1.1151289537728557,,4.193636417388916,4.193636417388916,3.8184972268989283,3.9860012531280518,4.25769880785042,,-0.3751391904899877,-0.20763516426086426,0.06406239046150386,,4.506512641906738,4.506512641906738,0.774645984172821,3.8848892349794686,4.528436867587538,,-3.7318666577339172,-0.6216234069272697,0.02192422568079966,,36.6663818359375,36.6663818359375,41.73924255371094,17.370468139648438,13.059100162552063,,5.0728607177734375,-19.295913696289062,-23.607281673385437,,36.67031768363578,36.67031768363578,42.366300781778975,16.429102280995643,11.525480238086931,,5.695983098143195,-20.241215402640137,-25.14483744554885,,,,0.0,0.0,0.0,,,,,,,,0.8958807491873163,0.8984962206288992,0.9168841319390569,,,,,,,,0.7919414926724262,0.85493,0.7812010723756452,,,,,
urgent_test-blind_0205_422__p002000,2,3.1981054884564615,3.1981054884564615,2.532496624886359,3.0109477259358424,2.51490741576413,,-0.6656088635701023,-0.1871577625206191,-0.6831980726923317,,3.2352871894836426,3.2352871894836426,3.036951092831102,3.035421133041382,2.839452436171382,,-0.19833609665254048,-0.19986605644226074,-0.39583475331226037,,2.785989284515381,2.785989284515381,2.1796877211835013,1.999329298375598,2.1640160203458807,,-0.6063015633318796,-0.7866599861397829,-0.6219732641695002,,2.5533329010009767,2.5533329010009767,2.285062718104167,2.1282028916370437,2.302188400283875,,-0.2682701828968095,-0.42513000936393297,-0.2511445007171016,,3.522472604115804,3.522472604115804,3.612587761400215,2.3831069636057656,2.1167192651564815,,0.09011515728441077,-1.1393656405100385,-1.4057533389593226,,3.076366662979126,3.076366662979126,2.875215337937137,3.003086417554372,2.9315143033682576,,-0.20115132504198918,-0.07328024542475386,-0.1448523596108684,,2.141923666000366,2.141923666000366,3.18416780305196,2.009313520178737,2.3097107573206648,,1.0422441370515938,-0.1326101458216291,0.16778709132029856,,3.840453863143921,3.840453863143921,3.764311608061733,3.8848892349794686,3.5737028107585678,,-0.07614225508218775,0.04443537183554769,-0.2667510523853531,,30.236225128173828,30.236225128173828,11.135773340861004,11.450604438781738,18.989276457024385,,-19.100451787312824,-18.78562068939209,-11.246948671149443,,31.163685291320014,31.163685291320014,11.148725038606292,13.375461168411661,19.233737300671013,,-20.01496025271372,-17.788224122908353,-11.929947990649001,,,,0.0,0.0,0.0,,,,,,,,0.8339530495275934,0.8168763518333435,0.802390929685539,,,,,,,,0.4107864313575637,0.6533812880516052,0.46247691813721714,,,,,
urgent_test-blind_0219_470__p002000,2,3.2686884429955816,3.2686884429955816,3.402553986202744,3.1530025159952157,3.2865507248906676,,0.13386554320716249,-0.11568592700036584,0.017862281895085985,,4.039506912231445,4.039506912231445,4.092316354613706,3.9014344215393066,3.693037991542893,,0.052809442382260485,-0.13807249069213867,-0.3464689206885523,,3.7702507972717285,3.7702507972717285,3.7765905110232802,3.3736504675394077,3.706664647443228,,0.006339713751551734,-0.39660032973232084,-0.06358614982850064,,3.8422536849975586,3.8422536849975586,3.6653030223157037,3.4658153126038704,3.818478139433037,,-0.1769506626818549,-0.37643837239368816,-0.02377554556452166,,4.4925738652547205,4.4925738652547205,4.497222592840233,3.9144745031992594,4.428869763084524,,0.004648727585512269,-0.5780993620554611,-0.06370410217019629,,4.659541130065918,4.659541130065918,4.890166926096721,5.016104916492144,4.584327113676262,,0.2306257960308029,0.3565637864262259,-0.07521401638965575,,4.394890785217285,4.394890785217285,4.477402284920934,4.566967964172363,4.607645464709485,,0.08251149970364846,0.17207717895507812,0.21275467949219973,,4.6477484703063965,4.6477484703063965,4.836176033479622,4.913525581359863,4.830354044236333,,0.1884275631732253,0.2657771110534668,0.18260557392993615,,41.535438537597656,41.535438537597656,41.73924255371094,42.37028503417969,42.46058654785156,,0.20380401611328125,0.8348464965820312,0.9251480102539062,,42.95484359022026,42.95484359022026,43.791269785517834,44.00420015714539,43.94723624135117,,0.8364261952975767,1.049356566925134,0.9923926511309134,,,,0.0,0.0,0.0,,,,,,0.9490718245506287,0.9490718245506287,0.9313854828895813,0.9459272027015686,0.9168841319390569,,-0.017686341661047322,-0.0031446218490600586,-0.03218769261157173,,0.9355472,0.9355472,0.9228545798355318,0.85493,0.9031822060131303,,-0.01269262016446826,-0.08061720000000006,-0.03236499398686976,
urgent_test-blind_0219_500__p002000,2,3.0782712622002846,3.0782712622002846,3.187178875049633,3.0109477259358424,3.0587917036867385,,0.10890761284934847,-0.06732353626444221,-0.019479558513546102,,3.6428706645965576,3.6428706645965576,3.4638023376464844,3.035421133041382,3.444607953948668,,-0.17906832695007324,-0.6074495315551758,-0.19826271064788958,,3.024064779281616,3.024064779281616,2.528921655861728,2.4810056686401367,2.9320456665682504,,-0.4951431234198882,-0.5430591106414795,-0.09201911271336582,,3.2863936901092528,3.2863936901092528,2.7695862099827533,2.486354217759098,2.7595813303108674,,-0.5168074801264995,-0.8000394723501549,-0.5268123597983854,,4.217613220214844,4.217613220214844,4.22817462783262,2.3831069636057656,3.892414185129495,,0.01056140761777602,-1.8345062566090782,-0.32519903508534886,,4.06156587600708,4.06156587600708,4.090921924774905,3.864074945449829,4.484505173671676,,0.02935604876782527,-0.19749093055725098,0.4229392976645956,,4.639946460723877,4.639946460723877,4.20379814756922,3.9426928629358127,4.25769880785042,,-0.4361483131546571,-0.6972535977880643,-0.3822476528734571,,4.4906768798828125,4.4906768798828125,0.774645984172821,4.711663246154785,3.871898666443116,,-3.7160308957099915,0.22098636627197266,-0.6187782134396964,,40.485897064208984,40.485897064208984,42.316993713378906,42.84180450439453,42.46058654785156,,1.8310966491699219,2.355907440185547,1.9746894836425781,,43.38665399323109,43.38665399323109,44.8520983684421,44.76826328911652,44.14965460744504,,1.465444375211007,1.3816092958854256,0.7630006142139507,,,,0.0,0.0,0.0,,,,,,0.8352794051170349,0.8352794051170349,0.8755262415093111,0.8288424273571336,0.843022027887015,,0.04024683639227622,-0.006436977759901263,0.0077426227699800565,,0.81698173,0.81698173,0.4107864313575637,0.6533812880516052,0.7812010723756452,,-0.40619529864243625,-0.16360044194839474,-0.035780657624354784,
urgent_test-blind_0219_506__p002000,2,2.9812267404171746,2.9812267404171746,2.9144293797079417,3.0109477259358424,3.0587917036867385,,-0.06679736070923292,0.029720985518667753,0.07756496326956386,,3.388226270675659,3.388226270675659,3.3993454036942445,3.035421133041382,3.3930183816626367,,0.011119133018585359,-0.35280513763427734,0.004792110986977516,,3.2243762016296387,3.2243762016296387,2.528921655861728,2.4810056686401367,2.9320456665682504,,-0.6954545457679107,-0.743370532989502,-0.2923305350613883,,3.2634222507476807,3.2634222507476807,2.7695862099827533,2.486354217759098,2.7595813303108674,,-0.4938360407649274,-0.7770680329885828,-0.5038409204368133,,3.479435936609904,3.479435936609904,3.9039716659300776,3.9737770714434273,2.1167192651564815,,0.4245357293201737,0.4943411348335234,-1.3627166714534225,,2.556001901626587,2.556001901626587,2.875215337937137,3.003086417554372,2.9315143033682576,,0.3192134363105499,0.4470845159277852,0.37551240174167066,,3.9783709049224854,3.9783709049224854,3.7479782233755277,3.5392496212419258,3.6059983466044963,,-0.2303926815469577,-0.4391212836805596,-0.3723725583179891,,2.608675479888916,2.608675479888916,0.774645984172821,4.2735209465026855,3.5737028107585678,,-1.834029495716095,1.6648454666137695,0.9650273308696518,,38.302040100097656,38.302040100097656,41.73924255371094,17.370468139648438,38.344276428222656,,3.4372024536132812,-20.93157196044922,0.042236328125,,39.63005240932854,39.63005240932854,44.8520983684421,38.28654816687972,39.81677967661731,,5.222045959113558,-1.343504242448823,0.18672726728876654,,,,0.0,0.0,0.0,,,,,,0.8713386058807373,0.8713386058807373,0.8755262415093111,0.8431961536407471,0.802390929685539,,0.004187635628573827,-0.028142452239990234,-0.06894767619519826,,0.8804146,0.8804146,0.4107864313575637,0.6533812880516052,0.7812010723756452,,-0.46962816864243634,-0.22703331194839482,-0.09921352762435487,
urgent_test-blind_0265_414__p002000,2,3.3328198962765283,3.3328198962765283,2.532496624886359,2.5104980333264404,1.3574698774258431,,-0.8003232713901691,-0.8223218629500879,-1.9753500188506852,,3.0430450439453125,3.0430450439453125,3.2423034058995994,3.035421133041382,2.7784571173679398,,0.19925836195428692,-0.007623910903930664,-0.26458792657737273,,2.1982100009918213,2.1982100009918213,1.3829702225076146,1.3642550520150059,1.2865364316955628,,-0.8152397784842067,-0.8339549489768154,-0.9116735692962585,,2.538225793838501,2.538225793838501,2.3220951553329408,2.1282028916370437,2.0609634577509865,,-0.21613063850556014,-0.4100229022014572,-0.47726233608751434,,2.254822603861491,2.254822603861491,3.612587761400215,1.7995043436686198,1.733218263047766,,1.357765157538724,-0.45531826019287114,-0.521604340813725,,2.2242486476898193,2.2242486476898193,1.6865811908101462,2.0853068828582764,1.5732554288274314,,-0.5376674568796731,-0.13894176483154297,-0.6509932188623879,,2.865241289138794,2.865241289138794,3.18416780305196,2.5186636447906494,1.910053672081974,,0.31892651391316607,-0.34657764434814453,-0.9551876170568199,,3.7310049533843994,3.7310049533843994,1.799605076571545,1.9989220722612127,2.1205695091959944,,-1.9313998768128544,-1.7320828811231868,-1.610435444188405,,36.69290542602539,36.69290542602539,5.218179266136812,-77.03638458251953,-7.212351354729219,,-31.47472615988858,-113.72929000854492,-43.90525678075461,,37.15555474036456,37.15555474036456,11.148725038606292,-9.015849860227167,-0.7119967239552988,,-26.006829701758264,-46.17140460059173,-37.86755146431986,,,,0.0,0.0,0.0,,,,,,,,0.7270962193787817,0.6995345562337393,0.5376771872780888,,,,,,,,0.12794155558668466,0.004254660799156798,0.46247691813721714,,,,,
urgent_test-blind_0265_429__p002000,2,3.085001931074154,3.085001931074154,2.032684310048387,1.7017061366343533,1.3574698774258431,,-1.0523176210257668,-1.3832957944398006,-1.7275320536483108,,3.385375738143921,3.385375738143921,2.561226400984339,2.456054449081421,2.5492957327739303,,-0.8241493371595818,-0.9293212890625,-0.8360800053699906,,2.4898757934570312,2.4898757934570312,1.332007497189993,1.3642550520150059,1.2865364316955628,,-1.1578682962670384,-1.1256207414420254,-1.2033393617614685,,2.3717129230499268,2.3717129230499268,1.7044373755474167,2.1282028916370437,2.0609634577509865,,-0.6672755475025101,-0.24351003141288308,-0.3107494652989402,,3.9876611550649006,3.9876611550649006,2.905926442050551,2.3831069636057656,2.1167192651564815,,-1.0817347130143498,-1.604554191459135,-1.8709418899084191,,3.7706797122955322,3.7706797122955322,1.0790071473064193,1.1118789911270142,1.5732554288274314,,-2.691672564989113,-2.658800721168518,-2.197424283468101,,3.7868688106536865,3.7868688106536865,2.145947439124785,2.009313520178737,1.910053672081974,,-1.6409213715289015,-1.7775552904749494,-1.8768151385717124,,4.21420955657959,4.21420955657959,1.799605076571545,2.706125951675047,3.1656128354819426,,-2.4146044800080446,-1.508083604904543,-1.0485967210976472,,35.913421630859375,35.913421630859375,-11.666141655550424,-17.183237719248577,4.930917533047227,,-47.5795632864098,-53.096659350107956,-30.982504097812146,,36.373649380688,36.373649380688,-6.862093534709692,-9.015849860227167,8.712423712888931,,-43.235742915397694,-45.38949924091517,-27.66122566779907,,,,0.0,0.0,0.0,,,,,,,,0.7270962193787817,0.5406367778778076,0.7390830727466139,,,,,,,,0.12794155558668466,0.004254660799156798,0.46247691813721714,,,,,
urgent_test-blind_0265_474__p002000,2,3.1006534387793314,3.1006534387793314,1.558457046195089,1.1993589674538816,1.3574698774258431,,-1.5421963925842423,-1.9012944713254498,-1.7431835613534883,,3.1844990253448486,3.1844990253448486,2.3243172728871726,2.456054449081421,2.3143744846903176,,-0.860181752457676,-0.7284445762634277,-0.870124540654531,,2.465869903564453,2.465869903564453,1.332007497189993,1.3642550520150059,1.3144711720416824,,-1.1338624063744602,-1.1016148515494473,-1.1513987315227707,,3.1338769435882567,3.1338769435882567,1.7044373755474167,1.6316936016082764,1.7205357574554812,,-1.42943956804084,-1.5021833419799804,-1.4133411861327756,,3.679235410690308,3.679235410690308,2.905926442050551,1.3513040467917201,2.1167192651564815,,-0.773308968639757,-2.3279313638985877,-1.5625161455338263,,3.1670687198638916,3.1670687198638916,1.0790071473064193,0.9165201783180237,1.5732554288274314,,-2.0880615725574723,-2.250548541545868,-1.5938132910364602,,2.5479652881622314,2.5479652881622314,1.779678765549717,1.7043399810791016,1.5456904941294567,,-0.7682865226125144,-0.8436253070831299,-1.0022747940327748,,4.2053070068359375,4.2053070068359375,2.309382260563862,2.706125951675047,3.1656128354819426,,-1.8959247462720756,-1.4991810551608906,-1.039694171353995,,19.682100296020508,19.682100296020508,-2.5949078985007414,-17.183237719248577,-7.212351354729219,,-22.27700819452125,-36.86533801526909,-26.894451650749726,,19.777820759356164,19.777820759356164,-5.18663387744421,4.873959255461502,-6.854500871520705,,-24.964454636800376,-14.903861503894662,-26.63232163087687,,,,0.0,0.0,0.0,,,,,,,,0.7270962193787817,0.6995345562337393,0.6905761009239288,,,,,,,,0.12794155558668466,0.004254660799156798,0.2752691507339477,,,,,
urgent_test-blind_0271_440__p002000,2,2.480689104330497,2.480689104330497,2.4868633897095065,2.5893829857921133,1.9495668063148022,,0.0061742853790094365,0.10869388146161629,-0.5311222980156949,,3.759594202041626,3.759594202041626,3.3993454036942445,3.349735975265503,3.693037991542893,,-0.36024879834738144,-0.40985822677612305,-0.06655621049873295,,2.325991630554199,2.325991630554199,2.5115185013736583,2.4810056686401367,1.5549622723855165,,0.18552687081945907,0.1550140380859375,-0.7710293581686827,,3.0152968883514406,3.0152968883514406,2.7695862099827533,2.82315673828125,2.2371546574864523,,-0.24571067836868732,-0.1921401500701907,-0.7781422308649883,,3.895772854487101,3.895772854487101,3.612587761400215,1.6903308788935343,3.6732178850825052,,-0.2831850930868862,-2.205441975593567,-0.22255496940459585,,3.9383938312530518,3.9383938312530518,2.875215337937137,3.003086417554372,2.9315143033682576,,-1.063178493315915,-0.9353074136986796,-1.0068795278847942,,3.9385831356048584,3.9385831356048584,4.09345537208649,3.9860012531280518,4.25769880785042,,0.15487223648163173,0.04741811752319336,0.3191156722455615,,4.45115852355957,4.45115852355957,3.764311608061733,3.8848892349794686,2.3953983496470626,,-0.6868469154978372,-0.5662692885801017,-2.0557601739125078,,15.470643043518066,15.470643043518066,17.066793487732674,14.87355550896212,13.059100162552063,,1.596150444214608,-0.5970875345559463,-2.411542880966003,,15.509278723296983,15.509278723296983,19.34404457206174,13.375461168411661,11.525480238086931,,3.834765848764757,-2.133817554885322,-3.983798485210052,,,,0.0,0.0,0.0,,,,,,,,0.9313854828895813,0.9459272027015686,0.9546775951921701,,,,,,,,0.9644771232662431,0.85493,0.8453808024705174,,,,,
urgent_test-blind_0271_491__p002000,2,2.296661484478626,2.296661484478626,2.532496624886359,2.5893829857921133,1.9495668063148022,,0.23583514040773323,0.2927215013134874,-0.3470946781638238,,3.7961065769195557,3.7961065769195557,3.4638023376464844,3.5265117093741174,3.444607953948668,,-0.3323042392730713,-0.26959486754543827,-0.35149862297088763,,2.361806869506836,2.361806869506836,2.5115185013736583,2.4810056686401367,1.6968800980881993,,0.14971163186682235,0.11919879913330078,-0.6649267714186367,,2.665484094619751,2.665484094619751,2.7695862099827533,2.82315673828125,2.2371546574864523,,0.1041021153630024,0.15767264366149902,-0.42832943713329863,,3.8041788895924884,3.8041788895924884,3.612587761400215,2.8489343961079916,3.6664542737575263,,-0.19159112819227353,-0.9552444934844968,-0.1377246158349621,,4.352018356323242,4.352018356323242,2.875215337937137,3.003086417554372,2.9315143033682576,,-1.4768030183861054,-1.34893193876887,-1.4205040529549846,,4.275694370269775,4.275694370269775,4.321376662656485,3.9860012531280518,4.25769880785042,,0.04568229238670973,-0.28969311714172363,-0.017995562419355515,,4.562520980834961,4.562520980834961,4.0373803851116135,3.8848892349794686,2.3953983496470626,,-0.5251405957233475,-0.6776317458554924,-2.1671226311878984,,15.038396835327148,15.038396835327148,25.09438239714228,20.020647048950195,13.059100162552063,,10.055985561815131,4.982250213623047,-1.9792966727750851,,15.077361965403675,15.077361965403675,42.366300781778975,19.959982656587627,11.525480238086931,,27.2889388163753,4.882620691183952,-3.5518817273167436,,,,0.0,0.0,0.0,,,,,,,,0.9313854828895813,0.9459272027015686,0.9546775951921701,,,,,,,,0.9644771232662431,0.9060206263253012,0.8453808024705174,,,,,
urgent_test-blind_0271_493__p002000,2,2.3767245399487686,2.3767245399487686,2.4868633897095065,2.5893829857921133,1.9495668063148022,,0.11013884976073784,0.2126584458433447,-0.4271577336339665,,3.8219211101531982,3.8219211101531982,3.3993454036942445,3.336047758539039,3.448299817292087,,-0.4225757064589537,-0.48587335161415934,-0.37362129286111134,,2.3210887908935547,2.3210887908935547,2.5115185013736583,2.4810056686401367,1.6968800980881993,,0.1904297104801036,0.15991687774658203,-0.6242086928053554,,2.8249193668365478,2.8249193668365478,2.7695862099827533,2.82315673828125,2.2371546574864523,,-0.055333156853794474,-0.0017626285552978516,-0.5877647093500955,,3.7724759101867678,3.7724759101867678,3.612587761400215,1.6903308788935343,3.6664542737575263,,-0.15988814878655289,-2.0821450312932335,-0.10602163642924145,,4.078852653503418,4.078852653503418,3.513752831033913,3.003086417554372,2.9315143033682576,,-0.565099822469505,-1.0757662359490459,-1.1473383501351604,,3.925842046737671,3.925842046737671,4.09345537208649,3.9426928629358127,4.25769880785042,,0.16761332534881923,0.01685081619814177,0.331856761112749,,4.468961238861084,4.468961238861084,3.764311608061733,3.8848892349794686,2.3953983496470626,,-0.7046496307993508,-0.5840720038816154,-2.0735628892140214,,15.216927528381348,15.216927528381348,17.066793487732674,20.020647048950195,13.059100162552063,,1.8498659593513267,4.803719520568848,-2.1578273658292844,,15.256606818497097,15.256606818497097,19.34404457206174,19.959982656587627,11.525480238086931,,4.087437753564643,4.70337583809053,-3.731126580410166,,,,0.0,0.0,0.0,,,,,,,,0.9313854828895813,0.9459272027015686,0.9546775951921701,,,,,,,,0.9644771232662431,0.85493,0.7812010723756452,,,,,
urgent_test-blind_0271_496__p002000,2,2.568197307849996,2.568197307849996,2.4868633897095065,2.5893829857921133,1.9495668063148022,,-0.08133391814048929,0.021185677942117564,-0.6186305015351936,,3.937650203704834,3.937650203704834,3.3993454036942445,3.349735975265503,3.693037991542893,,-0.5383048000105894,-0.587914228439331,-0.24461221216194096,,2.3742852210998535,2.3742852210998535,2.5115185013736583,2.4810056686401367,1.5549622723855165,,0.13723328027380477,0.1067204475402832,-0.819322948714337,,2.7059756755828857,2.7059756755828857,2.7143846414175377,2.82315673828125,2.2371546574864523,,0.008408965834652005,0.11718106269836426,-0.4688210180964334,,3.875424273808797,3.875424273808797,3.612587761400215,3.9737770714434273,3.6732178850825052,,-0.2628365124085823,0.09835279763463012,-0.20220638872629193,,4.128847599029541,4.128847599029541,3.513752831033913,3.003086417554372,2.9315143033682576,,-0.615094767995628,-1.125761181475169,-1.1973332956612834,,4.052155494689941,4.052155494689941,4.321376662656485,3.9860012531280518,4.25769880785042,,0.2692211679665437,-0.06615424156188965,0.20554331316047847,,4.52467155456543,4.52467155456543,4.0373803851116135,3.8848892349794686,2.3953983496470626,,-0.48729116945381623,-0.6397823195859611,-2.129273204918367,,16.39070701599121,16.39070701599121,17.066793487732674,20.020647048950195,13.059100162552063,,0.6760864717414634,3.6299400329589844,-3.3316068534391476,,16.41284181719803,16.41284181719803,19.34404457206174,16.88826209535969,11.525480238086931,,2.931202754863712,0.47542027816166055,-4.887361579111097,,,,0.0,0.0,0.0,,,,,,,,0.9313854828895813,0.9459272027015686,0.9546775951921701,,,,,,,,0.9644771232662431,0.85493,0.8453808024705174,,,,,
urgent_test-blind_0357_450__p002000,2,3.1618160912435327,3.1618160912435327,2.954026639966116,3.0109477259358424,2.7434712627911653,,-0.20778945127741677,-0.15086836530769032,-0.4183448284523674,,3.9876720905303955,3.9876720905303955,3.2423034058995994,3.035421133041382,3.3930183816626367,,-0.7453686846307961,-0.9522509574890137,-0.5946537088677588,,3.9101338386535645,3.9101338386535645,2.528921655861728,2.549746277820633,2.5060901957822126,,-1.3812121827918364,-1.3603875608329314,-1.4040436428713519,,3.7049102783203125,3.7049102783203125,2.6324652723519195,2.82315673828125,2.302188400283875,,-1.072445005968393,-0.8817535400390626,-1.4027218780364374,,4.1999813715616865,4.1999813715616865,4.22817462783262,3.9144745031992594,3.9040776577021385,,0.028193256270933276,-0.2855068683624271,-0.29590371385954795,,4.384734153747559,4.384734153747559,2.875215337937137,3.864074945449829,3.612003642871197,,-1.5095188158104218,-0.5206592082977295,-0.7727305108763618,,4.283722400665283,4.283722400665283,4.136313346495111,3.9860012531280518,4.25769880785042,,-0.14740905417017203,-0.29772114753723145,-0.026023592814863328,,4.703320503234863,4.703320503234863,0.774645984172821,3.8848892349794686,4.318810380606287,,-3.9286745190620422,-0.8184312682553947,-0.3845101226285763,,41.944976806640625,41.944976806640625,43.23786163330078,20.020647048950195,43.04574966430664,,1.2928848266601562,-21.92432975769043,1.1007728576660156,,43.124462677059554,43.124462677059554,44.8520983684421,44.76826328911652,44.840412359022956,,1.7276356913825452,1.643800612056964,1.7159496819634015,,,,0.0,0.0,0.0,,,,,,0.9572120308876038,0.9572120308876038,0.8958807491873163,0.9110316196119929,0.843022027887015,,-0.061331281700287454,-0.0461804112756109,-0.11419000300058879,,0.67232037,0.67232037,0.12794155558668466,0.6533812880516052,0.6846697782895651,,-0.5443788144133154,-0.018939081948394776,0.0123494082895651,
urgent_test-blind_0357_514__p002000,2,3.283317532670558,3.283317532670558,3.187178875049633,3.0109477259358424,2.51490741576413,,-0.0961386576209251,-0.2723698067347158,-0.7684101169064284,,3.952981948852539,3.952981948852539,3.2423034058995994,3.2823985800685653,3.3930183816626367,,-0.7106785429529396,-0.6705833687839737,-0.5599635671899024,,3.8603172302246094,3.8603172302246094,2.528921655861728,2.2696233054241506,2.5060901957822126,,-1.3313955743628814,-1.5906939248004588,-1.3542270344423968,,3.598017120361328,3.598017120361328,2.6324652723519195,2.82315673828125,2.2371546574864523,,-0.9655518480094085,-0.7748603820800781,-1.3608624628748758,,4.464044761657715,4.464044761657715,4.22817462783262,3.9737770714434273,3.9040776577021385,,-0.23587013382509525,-0.49026769021428773,-0.5599671039555765,,4.741749286651611,4.741749286651611,3.513752831033913,3.864074945449829,3.612003642871197,,-1.2279964556176983,-0.8776743412017822,-1.1297456437804145,,4.489813327789307,4.489813327789307,4.364291323236673,4.566967964172363,4.25769880785042,,-0.12552200455263396,0.07715463638305664,-0.23211451993888677,,4.820243835449219,4.820243835449219,0.774645984172821,4.4204607009887695,4.528436867587538,,-4.045597851276398,-0.3997831344604492,-0.2918069678616808,,42.09333419799805,42.09333419799805,43.23786163330078,42.84180450439453,43.04574966430664,,1.1445274353027344,0.7484703063964844,0.9524154663085938,,43.195876645749294,43.195876645749294,44.8520983684421,44.76826328911652,44.840412359022956,,1.6562217226928055,1.5723866433672242,1.6445357132736618,,,,0.0,0.0,0.0,,,,,,0.9625653028488159,0.9625653028488159,0.8611998787845474,0.8288424273571336,0.843022027887015,,-0.10136542406426852,-0.13372287549168227,-0.11954327496180095,,0.7233534,0.7233534,0.12794155558668466,0.7538637195725038,0.6846697782895651,,-0.5954118444133154,0.03051031957250372,-0.038683621710434934,
urgent_test-blind_0404_524__p002000,2,2.741473863476532,2.741473863476532,2.532496624886359,2.50074513121587,2.7434712627911653,,-0.20897723859017292,-0.24072873226066216,0.0019973993146331637,,3.011516809463501,3.011516809463501,3.2423034058995994,3.035421133041382,3.007784935843992,,0.23078659643609845,0.02390432357788086,-0.0037318736195088853,,1.246060848236084,1.246060848236084,1.332007497189993,1.2770386934280396,1.2701144151419521,,0.08594664895390891,0.030977845191955566,0.02405356690586813,,2.4228506565093992,2.4228506565093992,2.179533685163322,2.1282028916370437,2.2371546574864523,,-0.24331697134607744,-0.29464776487235556,-0.18569599902294698,,2.8797664483388266,2.8797664483388266,3.612587761400215,2.3831069636057656,2.9756688731422067,,0.7328213130613883,-0.496659484733061,0.09590242480338018,,1.790828824043274,1.790828824043274,2.875215337937137,1.9918286039168582,2.0590989790767074,,1.0843865138938629,0.2009997798735843,0.26827015503343343,,3.7462291717529297,3.7462291717529297,3.7479782233755277,3.9860012531280518,3.2534821004752654,,0.0017490516225979746,0.23977208137512207,-0.49274707127766426,,3.6382930278778076,3.6382930278778076,0.774645984172821,2.706125951675047,3.1656128354819426,,-2.8636470437049866,-0.9321670762027607,-0.472680192395865,,33.27824401855469,33.27824401855469,39.603267669677734,9.976408958435059,9.527900446849657,,6.325023651123047,-23.30183506011963,-23.75034357170503,,35.51578781261653,35.51578781261653,42.366300781778975,35.4257667017665,8.712423712888931,,6.850512969162445,-0.0900211108500315,-26.8033640997276,,,,0.0,0.0,0.0,,,,,,0.7658926248550415,0.7658926248550415,0.8755262415093111,0.819348156452179,0.9032353517042107,,0.10963361665426963,0.05345553159713745,0.13734272684916915,,0.6668381,0.6668381,0.7203324336603464,0.85493,0.6846697782895651,,0.053494333660346394,0.18809189999999998,0.01783167828956511,
urgent_test-blind_0414_410__p002000,2,2.8805213036973334,2.8805213036973334,2.5217681890362464,2.332197092064295,2.7434712627911653,,-0.35875311466108695,-0.5483242116330382,-0.13705004090616812,,3.327308177947998,3.327308177947998,3.2423034058995994,2.89228892326355,3.2127089304138856,,-0.08500477204839862,-0.43501925468444824,-0.11459924753411244,,1.353843092918396,1.353843092918396,1.332007497189993,1.2770386934280396,1.4537379677037159,,-0.0218355957284031,-0.07680439949035645,0.09989487478531989,,2.397614622116089,2.397614622116089,2.179533685163322,2.1282028916370437,2.2371546574864523,,-0.21808093695276698,-0.2694117304790451,-0.16045996462963652,,3.2321498870849608,3.2321498870849608,3.612587761400215,2.3831069636057656,3.6664542737575263,,0.3804378743152541,-0.8490429234791952,0.43430438667256555,,2.375277519226074,2.375277519226074,2.875215337937137,1.9918286039168582,2.9315143033682576,,0.4999378187110626,-0.383448915309216,0.5562367841421834,,2.7738966941833496,2.7738966941833496,3.18416780305196,2.432377576828003,2.773147483427362,,0.4102711088686104,-0.3415191173553467,-0.0007492107559876615,,3.1241769790649414,3.1241769790649414,0.774645984172821,3.8393420770943885,3.871898666443116,,-2.3495309948921204,0.715165098029447,0.7477216873781747,,21.65683364868164,21.65683364868164,25.09438239714228,9.976408958435059,13.059100162552063,,3.437548748460639,-11.680424690246582,-8.597733486129577,,21.702885937603238,21.702885937603238,40.156060977297116,13.375461168411661,19.233737300671013,,18.45317503969388,-8.327424769191577,-2.469148636932225,,,,0.0,0.0,0.0,,,,,,,,0.8339530495275934,0.8168763518333435,0.802390929685539,,,,,,,,0.4107864313575637,0.6533812880516052,0.7812010723756452,,,,,
urgent_test-blind_0417_452__p002000,2,3.1480307139953747,3.1480307139953747,2.9144293797079417,3.0109477259358424,2.7434712627911653,,-0.23360133428743302,-0.13708298805953234,-0.40455945120420944,,3.7704520225524902,3.7704520225524902,3.3993454036942445,3.349735975265503,3.2127089304138856,,-0.3711066188582457,-0.4207160472869873,-0.5577430921386046,,3.69865083694458,3.69865083694458,2.4434543632599244,2.4810056686401367,2.5060901957822126,,-1.2551964736846557,-1.2176451683044434,-1.1925606411623675,,3.0763810157775877,3.0763810157775877,2.3220951553329408,2.486354217759098,2.302188400283875,,-0.754285860444647,-0.5900267980184899,-0.7741926154937127,,4.112440713246664,4.112440713246664,3.612587761400215,2.3831069636057656,2.1167192651564815,,-0.49985295184644896,-1.7293337496408983,-1.9957214480901824,,3.9244329929351807,3.9244329929351807,3.513752831033913,3.864074945449829,2.9315143033682576,,-0.41068016190126766,-0.06035804748535156,-0.9929186895669231,,4.128316402435303,4.128316402435303,3.9595354465116936,3.5392496212419258,4.25769880785042,,-0.1687809559236091,-0.589066781193377,0.12938240541511714,,4.561330795288086,4.561330795288086,0.774645984172821,3.8848892349794686,1.5452926206780246,,-3.786684811115265,-0.6764415603086174,-3.0160381746100615,,28.283823013305664,28.283823013305664,41.73924255371094,17.370468139648438,37.95504160195468,,13.455419540405273,-10.913354873657227,9.671218588649019,,28.991909941445456,28.991909941445456,44.8520983684421,19.959982656587627,39.81677967661731,,15.860188426996643,-9.03192728485783,10.824869735171852,,,,0.0,0.0,0.0,,,,,,0.9495146870613098,0.9495146870613098,0.8755262415093111,0.857771098613739,0.9032353517042107,,-0.07398844555199868,-0.0917435884475708,-0.04627933535709916,,0.9367454,0.9367454,0.7203324336603464,0.85493,0.6846697782895651,,-0.21641296633965357,-0.08181539999999998,-0.25207562171043485,
urgent_test-blind_0425_414__p002000,2,3.221880809094966,3.221880809094966,2.532496624886359,2.50074513121587,2.7434712627911653,,-0.689384184208607,-0.7211356778790963,-0.47840954630380095,,3.557377338409424,3.557377338409424,2.972852457958053,3.035421133041382,3.007784935843992,,-0.584524880451371,-0.521956205368042,-0.5495924025654317,,2.819143295288086,2.819143295288086,1.5313415972583266,1.6184558868408203,2.1640160203458807,,-1.2878016980297593,-1.2006874084472656,-0.6551272749422052,,2.6170843124389647,2.6170843124389647,2.179533685163322,2.1282028916370437,1.946901224703195,,-0.43755062727564287,-0.488881420801921,-0.6701830877357697,,3.916906213760376,3.916906213760376,3.612587761400215,2.3831069636057656,2.1167192651564815,,-0.3043184523601612,-1.5337992501546105,-1.8001869486038946,,3.008366584777832,3.008366584777832,2.875215337937137,1.9918286039168582,1.8998678688064636,,-0.13315124684069524,-1.0165379808609738,-1.1084987159713684,,4.069700241088867,4.069700241088867,3.7479782233755277,3.5392496212419258,3.2534821004752654,,-0.3217220177133395,-0.5304506198469414,-0.8162181406136018,,4.133059024810791,4.133059024810791,0.774645984172821,1.9989220722612127,3.1656128354819426,,-3.35841304063797,-2.1341369525495786,-0.9674461893288484,,14.871169090270996,14.871169090270996,41.73924255371094,20.020647048950195,13.059100162552063,,26.86807346343994,5.149477958679199,-1.8120689277189328,,15.719811779483475,15.719811779483475,44.8520983684421,19.959982656587627,11.525480238086931,,29.132286588958625,4.240170877104152,-4.194331541396544,,,,0.0,0.0,0.0,,,,,,0.9347600340843201,0.9347600340843201,0.8532589994759924,0.819348156452179,0.843022027887015,,-0.0815010346083277,-0.11541187763214111,-0.0917380061973051,,0.8970297,0.8970297,0.30180983227419567,0.6533812880516052,0.2752691507339477,,-0.5952198677258044,-0.24364841194839482,-0.6217605492660523,
urgent_test-blind_0425_487__p002000,2,3.2612695324126473,3.2612695324126473,3.187178875049633,3.1530025159952157,3.2865507248906676,,-0.07409065736301423,-0.10826701641743153,0.025281192478020298,,3.3592476844787598,3.3592476844787598,3.4638023376464844,3.6021947860717773,3.444607953948668,,0.10455465316772461,0.24294710159301758,0.08536026946990827,,3.6973373889923096,3.6973373889923096,3.1971346671322745,3.3736504675394077,3.557745835867273,,-0.5002027218600351,-0.3236869214529019,-0.13959155312503668,,3.6157622814178465,3.6157622814178465,2.96534251707146,2.82315673828125,2.7433993513804364,,-0.6504197643463865,-0.7926055431365966,-0.8723629300374101,,4.126873143513998,4.126873143513998,4.497222592840233,3.9670161406199136,4.428869763084524,,0.3703494493262349,-0.15985700289408422,0.30199661957052637,,3.89877986907959,3.89877986907959,4.090921924774905,3.864074945449829,4.584327113676262,,0.1921420556953155,-0.03470492362976074,0.6855472445966724,,4.28718900680542,4.28718900680542,4.364291323236673,4.566967964172363,4.381644404078104,,0.07710231643125276,0.27977895736694336,0.09445539727268404,,4.2292046546936035,4.2292046546936035,4.619546763868217,4.711663246154785,4.830354044236333,,0.39034210917461376,0.48245859146118164,0.6011493895427291,,31.875696182250977,31.875696182250977,42.316993713378906,42.37028503417969,42.46058654785156,,10.44129753112793,10.494588851928711,10.584890365600586,,35.07985650594422,35.07985650594422,43.791269785517834,44.00420015714539,43.94723624135117,,8.711413279573613,8.92434365120117,8.86737973540695,,,,0.0,0.0,0.0,,,,,,0.9717195630073547,0.9717195630073547,0.9313854828895813,0.9459272027015686,0.9168841319390569,,-0.040334080117773397,-0.025792360305786133,-0.0548354310682978,,0.9269652,0.9269652,0.8598875627251314,0.7538637195725038,0.7812010723756452,,-0.0670776372748686,-0.1731014804274963,-0.14576412762435487,
urgent_test-blind_0495_421__p002000,2,3.487289917578425,3.487289917578425,3.187178875049633,3.249502302100756,3.2505456946717883,,-0.30011104252879184,-0.2377876154776688,-0.23674422290663655,,3.85894513130188,3.85894513130188,3.4638023376464844,3.6021947860717773,3.444607953948668,,-0.3951427936553955,-0.25675034523010254,-0.41433717735321185,,4.079599380493164,4.079599380493164,3.6123836988426112,3.3736504675394077,2.9320456665682504,,-0.4672156816505528,-0.7059489129537564,-1.1475537139249137,,3.058075714111328,3.058075714111328,3.6653030223157037,3.117723274230957,3.0768062677728123,,0.6072273082043758,0.059647560119628906,0.01873055366148435,,4.603015963236491,4.603015963236491,4.497222592840233,3.9670161406199136,4.428869763084524,,-0.10579337039625791,-0.6359998226165771,-0.17414620015196647,,4.914367198944092,4.914367198944092,4.656946182250977,4.575345039367676,4.484505173671676,,-0.25742101669311523,-0.339022159576416,-0.4298620252724161,,4.531277179718018,4.531277179718018,4.387541816895267,4.566967964172363,4.381644404078104,,-0.1437353628227509,0.0356907844543457,-0.14963277563991362,,4.881980895996094,4.881980895996094,4.836176033479622,4.913525581359863,4.830354044236333,,-0.04580486251647198,0.03154468536376953,-0.051626851759761117,,42.53419876098633,42.53419876098633,42.316993713378906,42.37028503417969,42.46058654785156,,-0.21720504760742188,-0.16391372680664062,-0.07361221313476562,,44.25439447781323,44.25439447781323,43.791269785517834,44.00420015714539,43.94723624135117,,-0.4631246922953949,-0.25019432066783764,-0.3071582364620582,,,,0.0,0.0,0.0,,,,,,0.9729281067848206,0.9729281067848206,0.9411847373567911,0.9459272027015686,0.9168841319390569,,-0.031743369428029466,-0.027000904083251953,-0.05604397484576362,,0.99298984,0.99298984,0.9228545798355318,0.6533812880516052,0.8453808024705174,,-0.07013526016446825,-0.3396085519483948,-0.14760903752948262,
urgent_test-blind_0518_505__p002000,2,3.0983593579065984,3.0983593579065984,2.9144293797079417,3.0109477259358424,2.7434712627911653,,-0.18392997819865675,-0.08741163197075608,-0.3548880951154332,,3.695359230041504,3.695359230041504,3.3993454036942445,3.2823985800685653,3.4102895259857178,,-0.29601382634725937,-0.4129606499729386,-0.28506970405578613,,1.3083751201629639,1.3083751201629639,1.5313415972583266,1.3807680937181037,1.5549622723855165,,0.22296647709536277,0.07239297355513985,0.24658715222255267,,3.3649956226348876,3.3649956226348876,2.7695862099827533,2.82315673828125,2.2371546574864523,,-0.5954094126521343,-0.5418388843536377,-1.1278409651484353,,3.172576967875163,3.172576967875163,3.612587761400215,3.9737770714434273,3.9040776577021385,,0.4400107935250519,0.8012001035682643,0.7315006898269756,,2.637941598892212,2.637941598892212,2.875215337937137,3.003086417554372,2.9315143033682576,,0.23727373904492488,0.3651448186621602,0.29357270447604566,,3.567462682723999,3.567462682723999,3.9595354465116936,3.9860012531280518,3.6059983466044963,,0.3920727637876946,0.41853857040405273,0.03853566388049723,,2.6847550868988037,2.6847550868988037,3.764311608061733,3.8848892349794686,3.1656128354819426,,1.0795565211629294,1.2001341480806649,0.4808577485831389,,41.11411666870117,41.11411666870117,41.73924255371094,17.921680450439453,38.344276428222656,,0.6251258850097656,-23.19243621826172,-2.7698402404785156,,42.07790580301227,42.07790580301227,42.366300781778975,35.4257667017665,42.22886501482761,,0.2883949787667035,-6.652139101245773,0.15095921181534067,,,,0.0,0.0,0.0,,,,,,,,0.8958807491873163,0.8984962206288992,0.9546775951921701,,,,,,,,0.8772602619895016,0.6533812880516052,0.9031822060131303,,,,,
urgent_test-blind_0542_450__p002000,2,3.129605026527223,3.129605026527223,3.187178875049633,3.0109477259358424,3.148608149700061,,0.05757384852241021,-0.11865730059138047,0.019003123172838254,,3.3012208938598633,3.3012208938598633,4.092316354613706,3.9447972774505615,3.8671293000140823,,0.7910954607538425,0.6435763835906982,0.565908406154219,,3.2689266204833984,3.2689266204833984,3.1971346671322745,3.3736504675394077,3.151167578965306,,-0.07179195335112398,0.10472384705600923,-0.11775904151809247,,2.4486820220947267,2.4486820220947267,2.96534251707146,2.82315673828125,2.7433993513804364,,0.5166604949767333,0.37447471618652317,0.2947173292857097,,4.176564153035482,4.176564153035482,4.497222592840233,3.9144745031992594,4.2766554302639435,,0.32065843980475073,-0.2620896498362226,0.10009127722846145,,3.8847179412841797,3.8847179412841797,4.4568971984357715,2.994049072265625,4.484505173671676,,0.5721792571515918,-0.8906688690185547,0.599787232387496,,4.255857944488525,4.255857944488525,4.477402284920934,4.566967964172363,4.25769880785042,,0.22154434043240823,0.3111100196838379,0.0018408633618944847,,4.463560104370117,4.463560104370117,4.630159099417996,4.515913963317871,4.830354044236333,,0.16659899504787923,0.052353858947753906,0.36679393986621545,,42.79228591918945,42.79228591918945,41.73924255371094,20.020647048950195,38.344276428222656,,-1.0530433654785156,-22.771638870239258,-4.448009490966797,,44.25895575173483,44.25895575173483,42.366300781778975,41.990012498672755,42.22886501482761,,-1.8926549699558564,-2.2689432530620763,-2.030090736907219,,,,0.0,0.0,0.0,,,,,,,,0.957467080120102,0.9459272027015686,0.9647253785267411,,,,,,,,0.9644771232662431,0.9953312352618022,0.958817387824001,,,,,
urgent_test-blind_0542_496__p002000,2,3.0161967316362928,3.0161967316362928,3.187178875049633,3.0109477259358424,3.148608149700061,,0.17098214341334028,-0.005249005700450393,0.13241141806376833,,3.3110122680664062,3.3110122680664062,3.847205618777907,3.5265117093741174,3.693037991542893,,0.5361933507115006,0.21549944130771115,0.3820257234764868,,2.990710973739624,2.990710973739624,2.8687779874686736,2.499022598726204,2.9320456665682504,,-0.1219329862709504,-0.4916883750134202,-0.05866530717137364,,2.968119812011719,2.968119812011719,2.96534251707146,2.82315673828125,2.7433993513804364,,-0.002777294940258912,-0.14496307373046902,-0.22472046063128248,,3.3860816319783527,3.3860816319783527,4.22817462783262,3.9670161406199136,4.2766554302639435,,0.8420929958542671,0.5809345086415609,0.8905737982855908,,3.439758539199829,3.439758539199829,4.090921924774905,3.003086417554372,4.484505173671676,,0.6511633855750762,-0.436672121645457,1.0447466344718466,,3.0996170043945312,3.0996170043945312,4.321376662656485,3.5392496212419258,4.25769880785042,,1.2217596582619539,0.4396326168473945,1.1580818034558886,,4.470490455627441,4.470490455627441,4.619546763868217,3.8848892349794686,4.830354044236333,,0.14905630824077587,-0.5856012206479728,0.3598635886088912,,42.14393615722656,42.14393615722656,41.73924255371094,20.020647048950195,38.344276428222656,,-0.404693603515625,-22.123289108276367,-3.7996597290039062,,43.81706621650943,43.81706621650943,42.366300781778975,19.959982656587627,42.22886501482761,,-1.4507654347304566,-23.857083559921804,-1.5882012016818194,,,,0.0,0.0,0.0,,,,,,,,0.9313854828895813,0.9459272027015686,0.9647253785267411,,,,,,,,0.9644771232662431,0.9670616984367371,0.958817387824001,,,,,
urgent_test-blind_0542_501__p002000,2,3.249566789777305,3.249566789777305,3.187178875049633,3.0109477259358424,3.1154742440839707,,-0.06238791472767202,-0.2386190638414627,-0.1340925456933344,,3.3711776733398438,3.3711776733398438,4.092316354613706,3.6021947860717773,3.8671293000140823,,0.721138681273862,0.2310171127319336,0.49595162667423853,,3.1716718673706055,3.1716718673706055,3.1971346671322745,3.3736504675394077,2.9320456665682504,,0.025462799761668986,0.2019786001688022,-0.23962620080235508,,2.5694863319396974,2.5694863319396974,2.96534251707146,2.82315673828125,2.7433993513804364,,0.3958561851317626,0.25367040634155247,0.173913019440739,,3.5208849906921387,3.5208849906921387,4.497222592840233,2.2072702112925584,4.2766554302639435,,0.9763376021480941,-1.3136147793995803,0.7557704395718048,,4.19724178314209,4.19724178314209,4.4568971984357715,3.864074945449829,4.484505173671676,,0.25965541529368164,-0.33316683769226074,0.2872633905295858,,4.29250431060791,4.29250431060791,4.477402284920934,4.390754222869873,4.25769880785042,,0.18489797431302346,0.09824991226196289,-0.03480550275749028,,4.44634485244751,4.44634485244751,4.756508281432002,4.515913963317871,4.830354044236333,,0.31016342898449256,0.06956911087036133,0.38400919178882287,,42.56212615966797,42.56212615966797,41.73924255371094,20.020647048950195,38.344276428222656,,-0.8228836059570312,-22.541479110717773,-4.2178497314453125,,44.205714832801554,44.205714832801554,42.366300781778975,21.436966499267562,42.22886501482761,,-1.8394140510225796,-22.768748333533992,-1.9768498179739424,,,,0.0,0.0,0.0,,,,,,,,0.9566694577056242,0.9459272027015686,0.9869922753797475,,,,,,,,0.9644771232662431,0.9953312352618022,0.958817387824001,,,,,
urgent_test-blind_0569_421__p002000,2,2.8724972990426845,2.8724972990426845,2.532496624886359,3.0109477259358424,2.7434712627911653,,-0.3400006741563253,0.1384504268931579,-0.1290260362515192,,3.919872522354126,3.919872522354126,3.3993454036942445,3.035421133041382,2.839452436171382,,-0.5205271186598814,-0.8844513893127441,-1.0804200861827438,,3.165087938308716,3.165087938308716,2.1796877211835013,2.4810056686401367,1.9096191767229134,,-0.9854002171252145,-0.6840822696685791,-1.2554687615858025,,3.177331829071045,3.177331829071045,2.285062718104167,2.1282028916370437,2.2371546574864523,,-0.8922691109668777,-1.0491289374340012,-0.9401771715845926,,4.386404863993326,4.386404863993326,3.612587761400215,2.3831069636057656,2.9756688731422067,,-0.7738171025931115,-2.003297900387561,-1.4107359908511197,,3.712566614151001,3.712566614151001,3.513752831033913,3.003086417554372,1.5732554288274314,,-0.19881378311708797,-0.7094801965966289,-2.1393111853235696,,4.103484630584717,4.103484630584717,3.9595354465116936,3.9860012531280518,3.2534821004752654,,-0.14394918407302315,-0.11748337745666504,-0.8500025301094514,,4.23374080657959,4.23374080657959,3.764311608061733,3.8848892349794686,2.1205695091959944,,-0.4694291985178567,-0.34885157160012126,-2.1131712973835954,,41.46957778930664,41.46957778930664,43.04574966430664,17.370468139648438,38.344276428222656,,1.576171875,-24.099109649658203,-3.1253013610839844,,43.05012153149198,43.05012153149198,44.8520983684421,44.76826328911652,39.81677967661731,,1.801976836950118,1.7181417576245366,-3.2333418548746735,,,,0.0,0.0,0.0,,,,,,0.9218729138374329,0.9218729138374329,0.8755262415093111,0.8168763518333435,0.802390929685539,,-0.04634667232812173,-0.10499656200408936,-0.11948198415189382,,0.8727207,0.8727207,0.12794155558668466,0.7538637195725038,0.46247691813721714,,-0.7447791444133154,-0.11885698042749626,-0.4102437818627829,
urgent_test-blind_0569_522__p002000,2,3.0763658151931903,3.0763658151931903,2.954026639966116,3.0109477259358424,2.51490741576413,,-0.12233917522707438,-0.06541808925734793,-0.5614583994290605,,4.074113368988037,4.074113368988037,3.2528662202827423,3.336047758539039,3.007784935843992,,-0.8212471487052948,-0.7380656104489982,-1.066328433144045,,3.7815990447998047,3.7815990447998047,2.8687779874686736,2.8743040561676025,2.5060901957822126,,-0.9128210573311311,-0.9072949886322021,-1.275508849017592,,2.710928440093994,2.710928440093994,2.7143846414175377,2.82315673828125,2.2371546574864523,,0.0034562013235435174,0.11222829818725577,-0.4737737826075419,,4.539055379231771,4.539055379231771,4.22817462783262,2.226241366068522,2.9756688731422067,,-0.31088075139915095,-2.3128140131632486,-1.563386506089564,,4.377577781677246,4.377577781677246,3.513752831033913,3.864074945449829,2.9315143033682576,,-0.8638249506433331,-0.513502836227417,-1.4460634783089885,,4.23884391784668,4.23884391784668,3.7479782233755277,3.9860012531280518,3.2534821004752654,,-0.490865694471152,-0.25284266471862793,-0.9853618173714143,,4.486608028411865,4.486608028411865,3.764311608061733,4.4204607009887695,3.871898666443116,,-0.7222964203501321,-0.0661473274230957,-0.6147093619687491,,40.8733024597168,40.8733024597168,43.23786163330078,20.020647048950195,37.8531608581543,,2.3645591735839844,-20.8526554107666,-3.0201416015625,,42.82339907684271,42.82339907684271,44.8520983684421,19.959982656587627,43.82666147389919,,2.0286992915993878,-22.863416420255085,1.0032623970564813,,,,0.0,0.0,0.0,,,,,,0.9408627152442932,0.9408627152442932,0.8958807491873163,0.9459272027015686,0.9168841319390569,,-0.04498196605697691,0.005064487457275391,-0.02397858330523628,,0.9306919,0.9306919,0.8453255188034241,0.9060206263253012,0.7812010723756452,,-0.08536638119657591,-0.02467127367469879,-0.14949082762435484,
urgent_test-blind_0643_417__p002000,2,3.225900304300783,3.225900304300783,3.187178875049633,3.1530025159952157,2.7434712627911653,,-0.038721429251149964,-0.07289778830556726,-0.48242904150961774,,3.9201765060424805,3.9201765060424805,3.4638023376464844,3.5265117093741174,3.444607953948668,,-0.4563741683959961,-0.39366479666836307,-0.47556855209381244,,2.565340995788574,2.565340995788574,3.1971346671322745,2.8743040561676025,2.5060901957822126,,0.6317936713437002,0.3089630603790283,-0.059250800006361626,,3.2706062316894533,3.2706062316894533,2.96534251707146,2.82315673828125,2.7433993513804364,,-0.3052637146179933,-0.4474494934082034,-0.5272068803090169,,4.488185437520345,4.488185437520345,4.468770009159563,3.9670161406199136,4.428869763084524,,-0.019415428360781917,-0.5211692969004313,-0.05931567443582075,,3.3621277809143066,3.3621277809143066,4.090921924774905,3.864074945449829,3.612003642871197,,0.7287941438605987,0.5019471645355225,0.24987586195689016,,3.930649757385254,3.930649757385254,3.9595354465116936,3.9860012531280518,3.6343171912503527,,0.02888568912643974,0.05535149574279785,-0.2963325661349012,,3.0536410808563232,3.0536410808563232,4.619546763868217,4.711663246154785,3.928551262162297,,1.565905683011894,1.658022165298462,0.8749101813059736,,42.05992126464844,42.05992126464844,42.316993713378906,42.84180450439453,42.46058654785156,,0.25707244873046875,0.7818832397460938,0.400665283203125,,43.81668708754573,43.81668708754573,43.791269785517834,44.00420015714539,43.94723624135117,,-0.025417302027896937,0.1875130695996603,0.13054915380543974,,,,0.0,0.0,0.0,,,,,,0.9012786746025085,0.9012786746025085,0.8958807491873163,0.8984962206288992,0.9168841319390569,,-0.0053979254151922396,-0.0027824539736093223,0.01560545733654839,,0.94782025,0.94782025,0.8598875627251314,0.7538637195725038,0.8453808024705174,,-0.08793268727486858,-0.19395653042749628,-0.10243944752948264,
urgent_test-blind_0643_440__p002000,2,3.2686813171967204,3.2686813171967204,3.187178875049633,3.249502302100756,2.7434712627911653,,-0.08150244214708735,-0.019179015095964314,-0.5252100544055551,,3.819361448287964,3.819361448287964,3.847205618777907,3.786478042602539,3.444607953948668,,0.027844170489943032,-0.032883405685424805,-0.37475349433929583,,2.783496379852295,2.783496379852295,3.1971346671322745,2.8743040561676025,2.5060901957822126,,0.41363828727997953,0.09080767631530762,-0.27740618407008233,,3.5710769176483153,3.5710769176483153,2.96534251707146,2.82315673828125,2.7433993513804364,,-0.6057344005768552,-0.7479201793670653,-0.8276775662678788,,4.711662292480469,4.711662292480469,4.497222592840233,3.9670161406199136,4.2766554302639435,,-0.21443969964023601,-0.7446461518605552,-0.4350068622165253,,4.607471942901611,4.607471942901611,4.4568971984357715,5.016104916492144,2.9315143033682576,,-0.15057474446583985,0.4086329735905325,-1.6759576395333537,,4.430139541625977,4.430139541625977,4.387541816895267,4.566967964172363,4.25769880785042,,-0.042597724730709885,0.13682842254638672,-0.1724407337755567,,4.649076461791992,4.649076461791992,4.8216062683656995,4.913525581359863,3.871898666443116,,0.1725298065737073,0.2644491195678711,-0.7771777953488761,,42.27307891845703,42.27307891845703,42.316993713378906,42.37028503417969,42.46058654785156,,0.043914794921875,0.09720611572265625,0.18750762939453125,,44.004676802777745,44.004676802777745,43.791269785517834,44.00420015714539,43.94723624135117,,-0.21340701725991096,-0.0004766456323537227,-0.05744056142657428,,,,0.0,0.0,0.0,,,,,,0.9189391136169434,0.9189391136169434,0.8958807491873163,0.9459272027015686,0.9168841319390569,,-0.023058364429627054,0.026988089084625244,-0.002054981677886425,,0.942789,0.942789,0.8598875627251314,0.85493,0.8453808024705174,,-0.08290143727486854,-0.08785900000000002,-0.0974081975294826,
urgent_test-blind_0643_451__p002000,2,3.1814640812761876,3.1814640812761876,3.187178875049633,3.1530025159952157,2.7434712627911653,,0.005714793773445415,-0.02846156528097188,-0.43799281848502236,,3.7825164794921875,3.7825164794921875,3.3993454036942445,3.5265117093741174,3.444607953948668,,-0.38317107579794296,-0.2560047701180701,-0.33790852554351947,,2.468722343444824,2.468722343444824,2.528921655861728,2.4810056686401367,2.3262872030457338,,0.060199312416903794,0.0122833251953125,-0.14243514039909044,,2.9599668979644775,2.9599668979644775,2.96534251707146,2.82315673828125,2.2371546574864523,,0.005375619106982477,-0.13681015968322763,-0.7228122404780253,,4.627402019500733,4.627402019500733,4.22817462783262,3.9670161406199136,4.2766554302639435,,-0.39922739166811283,-0.660385878880819,-0.35074658923678914,,2.565190315246582,2.565190315246582,4.090921924774905,3.864074945449829,2.9315143033682576,,1.5257316095283233,1.298884630203247,0.36632398812167555,,3.827784299850464,3.827784299850464,4.20379814756922,3.9860012531280518,4.25769880785042,,0.376013847718756,0.1582169532775879,0.429914507999956,,2.5402204990386963,2.5402204990386963,4.619546763868217,4.711663246154785,3.871898666443116,,2.079326264829521,2.171442747116089,1.3316781674044198,,42.186553955078125,42.186553955078125,42.316993713378906,42.37028503417969,42.46058654785156,,0.13043975830078125,0.1837310791015625,0.2740325927734375,,43.396250272711356,43.396250272711356,43.791269785517834,44.00420015714539,43.94723624135117,,0.39501951280647774,0.607949884434035,0.5509859686398144,,,,0.0,0.0,0.0,,,,,,0.9008837938308716,0.9008837938308716,0.8958807491873163,0.8984962206288992,0.8661046480558005,,-0.005003044643555277,-0.0023875732019723594,-0.03477914577507113,,0.66128033,0.66128033,0.8598875627251314,0.85493,0.7812010723756452,,0.19860723272513148,0.19364967,0.1199207423756452,
urgent_test-blind_0643_454__p002000,2,3.225900304300783,3.225900304300783,3.187178875049633,3.1530025159952157,2.7434712627911653,,-0.038721429251149964,-0.07289778830556726,-0.48242904150961774,,3.9201765060424805,3.9201765060424805,3.4638023376464844,3.5265117093741174,3.444607953948668,,-0.4563741683959961,-0.39366479666836307,-0.47556855209381244,,2.565340995788574,2.565340995788574,3.1971346671322745,2.8743040561676025,2.5060901957822126,,0.6317936713437002,0.3089630603790283,-0.059250800006361626,,3.5786428928375242,3.5786428928375242,2.96534251707146,2.82315673828125,2.7433993513804364,,-0.6133003757660642,-0.7554861545562743,-0.8352435414570878,,4.483902072906494,4.483902072906494,4.468770009159563,3.9670161406199136,4.428869763084524,,-0.015132063746930768,-0.5168859322865802,-0.055032309821969605,,3.3621277809143066,3.3621277809143066,4.090921924774905,3.864074945449829,3.612003642871197,,0.7287941438605987,0.5019471645355225,0.24987586195689016,,3.930649757385254,3.930649757385254,3.9595354465116936,3.9860012531280518,3.6343171912503527,,0.02888568912643974,0.05535149574279785,-0.2963325661349012,,3.0536410808563232,3.0536410808563232,4.619546763868217,4.711663246154785,3.928551262162297,,1.565905683011894,1.658022165298462,0.8749101813059736,,42.06825256347656,42.06825256347656,42.316993713378906,42.84180450439453,42.46058654785156,,0.24874114990234375,0.7735519409179688,0.392333984375,,43.81668679224867,43.81668679224867,43.791269785517834,44.00420015714539,43.94723624135117,,-0.02541700673083369,0.18751336489672354,0.130549449102503,,,,0.0,0.0,0.0,,,,,,0.9012786746025085,0.9012786746025085,0.8958807491873163,0.8984962206288992,0.9168841319390569,,-0.0053979254151922396,-0.0027824539736093223,0.01560545733654839,,0.94782025,0.94782025,0.8598875627251314,0.7538637195725038,0.8453808024705174,,-0.08793268727486858,-0.19395653042749628,-0.10243944752948264,
urgent_test-blind_0716_483__p002000,2,3.2719389475421363,3.2719389475421363,3.187178875049633,3.1530025159952157,3.0791734536114252,,-0.08476007249250328,-0.11893643154692057,-0.19276549393071107,,3.8971800804138184,3.8971800804138184,4.092316354613706,3.9014344215393066,3.8671293000140823,,0.19513627419988744,0.004254341125488281,-0.030050780399736077,,3.595379114151001,3.595379114151001,3.6123836988426112,3.3736504675394077,3.706664647443228,,0.01700458469161026,-0.2217286466115933,0.1112855332922269,,3.598528242111206,3.598528242111206,2.96534251707146,3.1549996376037597,3.540596853777107,,-0.6331857250397461,-0.44352860450744647,-0.057931388334099054,,4.155323155721029,4.155323155721029,4.497222592840233,3.9144745031992594,4.526431086360211,,0.3418994371192037,-0.24084865252176968,0.371107930639182,,4.914485931396484,4.914485931396484,4.890166926096721,4.575345039367676,4.584327113676262,,-0.024319005299763496,-0.3391408920288086,-0.33015881772022215,,4.631887912750244,4.631887912750244,4.58849601860506,4.515665054321289,4.607645464709485,,-0.043391894145184295,-0.11622285842895508,-0.024242448040759257,,4.883089542388916,4.883089542388916,4.836176033479622,4.711663246154785,4.830354044236333,,-0.046913508909294244,-0.17142629623413086,-0.05273549815258338,,41.944976806640625,41.944976806640625,42.316993713378906,42.37028503417969,42.46058654785156,,0.37201690673828125,0.4253082275390625,0.5156097412109375,,43.32621641013374,43.32621641013374,43.791269785517834,44.00420015714539,43.94723624135117,,0.46505337538409464,0.6779837470116519,0.6210198312174313,,,,0.0,0.0,0.0,,,,,,0.9329379200935364,0.9329379200935364,0.9566694577056242,0.9459272027015686,0.9647253785267411,,0.023731537612087794,0.012989282608032227,0.03178745843320474,,0.9015488,0.9015488,0.9228545798355318,0.9670616984367371,0.9950345898249063,,0.021305779835531724,0.06551289843673702,0.0934857898249063,
urgent_test-blind_0747_417__p002000,2,2.7241558594513307,2.7241558594513307,2.9144293797079417,3.0109477259358424,2.7434712627911653,,0.19027352025661104,0.2867918664845117,0.019315403339834614,,3.438380002975464,3.438380002975464,3.3993454036942445,3.035421133041382,2.839452436171382,,-0.03903459928121933,-0.40295886993408203,-0.5989275668040817,,2.772001028060913,2.772001028060913,2.1796877211835013,1.9622897153877352,1.5549622723855165,,-0.5923133068774118,-0.8097113126731779,-1.2170387556753965,,3.2152458667755126,3.2152458667755126,2.285062718104167,2.1282028916370437,1.946901224703195,,-0.9301831486713454,-1.087042975138469,-1.2683446420723177,,3.033578093846639,3.033578093846639,3.612587761400215,2.3831069636057656,2.9756688731422067,,0.5790096675535761,-0.6504711302408732,-0.05790922070443205,,3.041447877883911,3.041447877883911,3.513752831033913,3.864074945449829,2.9315143033682576,,0.47230495315000187,0.822627067565918,-0.10993357451565355,,3.1418731212615967,3.1418731212615967,3.7479782233755277,3.5392496212419258,3.6343171912503527,,0.606105102113931,0.3973764999803291,0.492444069988756,,3.1853740215301514,3.1853740215301514,3.764311608061733,4.2735209465026855,3.1656128354819426,,0.5789375865315818,1.0881469249725342,-0.019761186048208756,,42.34355926513672,42.34355926513672,42.316993713378906,42.84180450439453,43.24878692626953,,-0.0265655517578125,0.4982452392578125,0.9052276611328125,,43.54376336364882,43.54376336364882,44.8520983684421,44.76826328911652,43.82666147389919,,1.3083350047932782,1.224499925467697,0.2828981102503718,,,,0.0,0.0,0.0,,,,,,0.9068677425384521,0.9068677425384521,0.8339530495275934,0.8168763518333435,0.7390830727466139,,-0.07291469301085873,-0.08999139070510864,-0.16778466979183826,,0.7421794,0.7421794,0.12794155558668466,0.7538637195725038,0.46247691813721714,,-0.6142378444133154,0.01168431957250371,-0.2797024818627829,
urgent_test-blind_0747_457__p002000,2,2.6814363543482735,2.6814363543482735,2.9144293797079417,3.0109477259358424,2.7434712627911653,,0.23299302535966815,0.3295113715875688,0.06203490844289172,,3.004215955734253,3.004215955734253,3.3993454036942445,3.035421133041382,2.839452436171382,,0.3951294479599916,0.031205177307128906,-0.16476351956287072,,2.527923107147217,2.527923107147217,2.1796877211835013,1.999329298375598,1.4537379677037159,,-0.3482353859637155,-0.5285938087716189,-1.074185139443501,,2.946695852279663,2.946695852279663,2.285062718104167,2.1282028916370437,1.7205357574554812,,-0.6616331341754957,-0.8184929606426192,-1.2261600948241818,,3.809426689147949,3.809426689147949,3.612587761400215,1.7995043436686198,2.1167192651564815,,-0.19683892774773426,-2.009922345479329,-1.6927074239914677,,2.657327890396118,2.657327890396118,2.875215337937137,3.003086417554372,1.5732554288274314,,0.21788744754101863,0.34575852715825395,-1.0840724615686868,,3.240196466445923,3.240196466445923,4.011245566678334,3.5392496212419258,3.310338367420028,,0.7710491002324114,0.2990531547960029,0.07014190097410511,,2.961148738861084,2.961148738861084,1.9930391512721417,1.389709711074829,2.1205695091959944,,-0.9681095875889423,-1.5714390277862549,-0.8405792296650896,,33.42396545410156,33.42396545410156,43.04574966430664,17.370468139648438,25.31194503048816,,9.621784210205078,-16.053497314453125,-8.112020423613401,,37.15099411267679,37.15099411267679,44.8520983684421,44.76826328911652,39.81677967661731,,7.701104255765308,7.617269176439727,2.665785563940517,,,,0.0,0.0,0.0,,,,,,0.911128580570221,0.911128580570221,0.8339530495275934,0.8168763518333435,0.7390830727466139,,-0.07717553104262753,-0.09425222873687744,-0.17204550782360706,,0.805389,0.805389,0.12794155558668466,0.7538637195725038,0.46247691813721714,,-0.6774474444133154,-0.05152528042749627,-0.3429120818627829,
urgent_test-blind_0763_532__p002000,2,2.999718889569188,2.999718889569188,2.954026639966116,3.0109477259358424,2.7434712627911653,,-0.04569224960307228,0.011228836366654171,-0.25624762677802293,,3.736952304840088,3.736952304840088,3.2725541706544807,3.336047758539039,3.3930183816626367,,-0.46439813418560716,-0.400904546301049,-0.3439339231774512,,2.49696946144104,2.49696946144104,2.5115185013736583,2.499022598726204,2.5060901957822126,,0.014549039932618246,0.002053137285163764,0.009120734341172554,,2.944104814529419,2.944104814529419,2.96534251707146,2.82315673828125,2.7595813303108674,,0.02123770254204116,-0.12094807624816895,-0.18452348421855147,,3.8073615550994875,3.8073615550994875,3.612587761400215,3.9737770714434273,3.272867266337077,,-0.1947737936992726,0.1664155163439398,-0.5344942887624105,,3.9136531352996826,3.9136531352996826,2.875215337937137,3.003086417554372,2.9315143033682576,,-1.0384377973625458,-0.9105667177453105,-0.982138831931425,,4.246371269226074,4.246371269226074,3.6455966981060532,3.9860012531280518,3.6059983466044963,,-0.600774571120021,-0.26037001609802246,-0.640372922621578,,4.578185558319092,4.578185558319092,4.295161913676434,3.8848892349794686,3.871898666443116,,-0.2830236446426575,-0.6932963233396232,-0.7062868918759757,,41.928794860839844,41.928794860839844,25.09438239714228,17.370468139648438,13.059100162552063,,-16.834412463697564,-24.558326721191406,-28.86969469828778,,43.892234092294615,43.892234092294615,25.202146780101433,19.959982656587627,11.525480238086931,,-18.69008731219318,-23.932251435706988,-32.36675385420769,,,,0.0,0.0,0.0,,,,,,,,0.9313854828895813,0.9459272027015686,0.9546775951921701,,,,,,,,0.9644771232662431,0.85493,0.958817387824001,,,,,
urgent_test-blind_0801_455__p002000,2,2.727844997455682,2.727844997455682,2.5217681890362464,2.5104980333264404,2.7434712627911653,,-0.20607680841943576,-0.21734696412924182,0.01562626533548306,,2.8814432621002197,2.8814432621002197,3.036951092831102,2.89228892326355,2.7784571173679398,,0.15550783073088237,0.010845661163330078,-0.10298614473227996,,1.3400324583053589,1.3400324583053589,1.332007497189993,1.2816178798675537,1.4537379677037159,,-0.008024961115365992,-0.058414578437805176,0.113705509398357,,1.7976871967315673,1.7976871967315673,2.179533685163322,2.1282028916370437,1.946901224703195,,0.3818464884317545,0.3305156949054764,0.14921402797162764,,2.189395793279012,2.189395793279012,3.4801623478471995,1.375575335820516,3.272867266337077,,1.2907665545681875,-0.813820457458496,1.083471473058065,,2.2980029582977295,2.2980029582977295,2.875215337937137,2.163616924400788,2.355838153256949,,0.5772123796394073,-0.13438603389694137,0.057835194959219294,,2.922367811203003,2.922367811203003,3.18416780305196,2.562039852142334,2.773147483427362,,0.2617999918489571,-0.36032795906066895,-0.14922032777564098,,3.1540095806121826,3.1540095806121826,3.764311608061733,3.6834051609039307,3.1656128354819426,,0.6103020274495505,0.529395580291748,0.011603254869759994,,37.375022888183594,37.375022888183594,39.603267669677734,17.370468139648438,38.344276428222656,,2.2282447814941406,-20.004554748535156,0.9692535400390625,,38.18221724110113,38.18221724110113,43.791269785517834,38.28654816687972,39.81677967661731,,5.609052544416706,0.10433092577859071,1.6345624355161803,,,,0.0,0.0,0.0,,,,,,0.774182915687561,0.774182915687561,0.8339530495275934,0.7907151579856873,0.802390929685539,,0.05977013384003238,0.01653224229812622,0.02820801399797801,,0.3588304,0.3588304,0.12794155558668466,0.7538637195725038,0.6846697782895651,,-0.23088884441331534,0.39503331957250376,0.3258393782895651,
urgent_test-blind_0801_459__p002000,2,2.6386275059363555,2.6386275059363555,1.961464750681442,1.1119407456883643,1.9495668063148022,,-0.6771627552549135,-1.5266867602479912,-0.6890606996215534,,2.329663038253784,2.329663038253784,2.561226400984339,2.456054449081421,2.3143744846903176,,0.2315633627305549,0.12639141082763672,-0.01528855356346659,,1.3014639616012573,1.3014639616012573,1.332007497189993,1.2770386934280396,1.2865364316955628,,0.03054353558873557,-0.024425268173217773,-0.01492752990569457,,1.7564461708068848,1.7564461708068848,1.7044373755474167,2.1282028916370437,1.7205357574554812,,-0.05200879525946811,0.37175672083015887,-0.03591041335140366,,1.3995797077814738,1.3995797077814738,2.905926442050551,1.375575335820516,2.1167192651564815,,1.506346734269077,-0.024004371960957727,0.7171395573750077,,0.9872192740440369,0.9872192740440369,1.6865811908101462,1.1118789911270142,1.5732554288274314,,0.6993619167661094,0.1246597170829773,0.5860361547833945,,2.1857638359069824,2.1857638359069824,2.599264170750078,2.009313520178737,1.910053672081974,,0.41350033484309545,-0.17645031572824532,-0.27571016382500835,,3.347097396850586,3.347097396850586,3.667062759399414,3.6834051609039307,3.1656128354819426,,0.3199653625488281,0.3363077640533447,-0.18148456136864333,,15.241104125976562,15.241104125976562,11.135773340861004,10.081348419189453,13.059100162552063,,-4.105330785115559,-5.159755706787109,-2.182003963424499,,15.278123960813183,15.278123960813183,11.803491221074792,7.506840487240041,19.233737300671013,,-3.474632739738391,-7.771283473573142,3.9556133398578304,,,,0.0,0.0,0.0,,,,,,0.6539775729179382,0.6539775729179382,0.7270962193787817,0.7907151579856873,0.7390830727466139,,0.07311864646084343,0.13673758506774902,0.08510549982867566,,0.14956535,0.14956535,0.12794155558668466,0.6533812880516052,0.46247691813721714,,-0.021623794413315356,0.5038159380516052,0.3129115681372171,
urgent_test-blind_0801_468__p002000,2,2.684051002307226,2.684051002307226,2.633601304863325,2.4144577520428183,2.7434712627911653,,-0.050449697443901265,-0.26959325026440784,0.059420260483939114,,3.177006721496582,3.177006721496582,3.3993454036942445,3.035421133041382,3.007784935843992,,0.2223386821976625,-0.1415855884552002,-0.16922178565258994,,1.3157093524932861,1.3157093524932861,1.332007497189993,1.293726921081543,1.7314075930530288,,0.016298144696706762,-0.021982431411743164,0.4156982405597427,,1.8402361392974853,1.8402361392974853,2.179533685163322,2.1282028916370437,2.2371546574864523,,0.3392975458658365,0.2879667523395584,0.39691851818896695,,2.3487377802530927,2.3487377802530927,3.612587761400215,3.021787961324056,3.9040776577021385,,1.2638499811471222,0.6730501810709635,1.555339877449046,,2.9085824489593506,2.9085824489593506,2.875215337937137,2.51006817817688,2.9315143033682576,,-0.03336711102221379,-0.3985142707824707,0.022931854408906993,,3.9116671085357666,3.9116671085357666,3.7479782233755277,3.501776232776871,3.5000575565430054,,-0.16368888516023894,-0.4098908757588955,-0.41160955199276117,,3.8824546337127686,3.8824546337127686,3.764311608061733,3.528994528644056,3.871898666443116,,-0.1181430256510354,-0.3534601050687125,-0.010555967269652466,,9.590417861938477,9.590417861938477,42.316993713378906,27.29269027709961,42.75306701660156,,32.72657585144043,17.702272415161133,33.162649154663086,,9.915670351488403,9.915670351488403,44.8520983684421,44.76826328911652,44.840412359022956,,34.9364280169537,34.85259293762812,34.924742007534554,,,,0.0,0.0,0.0,,,,,,0.8205379247665405,0.8205379247665405,0.8339530495275934,0.7907151579856873,0.843022027887015,,0.013415124761052888,-0.02982276678085327,0.02248410312047444,,0.43893132,0.43893132,0.12794155558668466,0.7538637195725038,0.6846697782895651,,-0.3109897644133154,0.31493239957250374,0.2457384582895651,
urgent_test-blind_0804_447__p002000,2,2.330600993559453,2.330600993559453,1.961464750681442,1.914404993512341,1.3574698774258431,,-0.36913624287801095,-0.4161960000471119,-0.9731311161336098,,3.1463794708251953,3.1463794708251953,2.812135587255639,2.89228892326355,2.7784571173679398,,-0.3342438835695565,-0.2540905475616455,-0.36792235345725555,,1.263290524482727,1.263290524482727,1.3166314708181175,1.2598223686218262,1.2423320369548108,,0.05334094633539044,-0.003468155860900879,-0.020958487527916292,,1.9935224533081055,1.9935224533081055,2.1190476813948296,2.1282028916370437,1.7205357574554812,,0.12552522808672406,0.13468043832893817,-0.27298669585262436,,2.866141907374064,2.866141907374064,2.905926442050551,2.3831069636057656,2.9756688731422067,,0.03978453467648668,-0.4830349437682986,0.10952696576814258,,1.8188713788986206,1.8188713788986206,1.6865811908101462,1.5280352830886845,1.0843154500765972,,-0.13229018808847437,-0.2908360958099361,-0.7345559288220234,,3.1415112018585205,3.1415112018585205,3.18416780305196,2.9655418395996094,2.773147483427362,,0.0426566011934395,-0.17596936225891113,-0.36836371843115856,,3.262483835220337,3.262483835220337,1.799605076571545,2.706125951675047,2.1205695091959944,,-1.462878758648792,-0.55635788354529,-1.1419143260243425,,39.54692077636719,39.54692077636719,5.218179266136812,-77.03638458251953,-7.212351354729219,,-34.32874151023037,-116.58330535888672,-46.75927213109641,,40.49033281218952,40.49033281218952,11.148725038606292,-9.015849860227167,-21.461951219307892,,-29.341607773583227,-49.506182672416685,-61.95228403149741,,,,0.0,0.0,0.0,,,,,,,,0.7270962193787817,0.6807832717895508,0.6905761009239288,,,,,,,,0.12794155558668466,0.7538637195725038,0.40332496317269073,,,,,
urgent_test-blind_0825_443__p002000,2,2.139134755928223,2.139134755928223,2.33905517046609,2.2511874260427778,1.8254229189052373,,0.1999204145378668,0.11205267011455478,-0.31371183702298566,,3.06086802482605,3.06086802482605,3.155165635917081,3.035421133041382,3.007784935843992,,0.09429761109103119,-0.02544689178466797,-0.05308308898205771,,1.2547131776809692,1.2547131776809692,1.332007497189993,1.2770386934280396,1.2701144151419521,,0.07729431950902366,0.022325515747070312,0.015401237460982875,,1.955368661880493,1.955368661880493,2.179533685163322,2.1282028916370437,1.7205357574554812,,0.22416502328282872,0.1728342297565506,-0.23483290442501192,,2.6760416348775227,2.6760416348775227,3.612587761400215,3.021787961324056,2.9756688731422067,,0.9365461265226922,0.34574632644653347,0.29962723826468407,,1.8424931764602661,1.8424931764602661,2.875215337937137,1.9918286039168582,1.5732554288274314,,1.0327221614768707,0.14933542745659212,-0.2692377476328347,,1.6940367221832275,1.6940367221832275,3.1657044054513954,2.009313520178737,2.773147483427362,,1.4716676832681679,0.31527679799550956,1.0791107612441344,,2.289278745651245,2.289278745651245,3.764311608061733,3.1096510887145996,2.1205695091959944,,1.475032862410488,0.8203723430633545,-0.1687092364552507,,36.803131103515625,36.803131103515625,39.603267669677734,-77.03638458251953,-1.7566834534985953,,2.8001365661621094,-113.83951568603516,-38.55981455701422,,37.29789004121247,37.29789004121247,40.156060977297116,13.375461168411661,6.477904538416923,,2.8581709360846475,-23.922428872800808,-30.819985502795546,,,,0.0,0.0,0.0,,,,,,,,0.8755262415093111,0.8168763518333435,0.802390929685539,,,,,,,,0.7203324336603464,0.6533812880516052,0.6846697782895651,,,,,
urgent_test-blind_0825_517__p002000,2,2.3932615011765677,2.3932615011765677,2.33905517046609,2.5104980333264404,1.9495668063148022,,-0.05420633071047787,0.11723653214987273,-0.4436946948617655,,3.1660549640655518,3.1660549640655518,3.155165635917081,3.035421133041382,3.2127089304138856,,-0.010889328148470767,-0.13063383102416992,0.04665396634833385,,1.2781610488891602,1.2781610488891602,1.332007497189993,1.2770386934280396,1.2865364316955628,,0.05384644830083274,-0.0011223554611206055,0.008375382806402598,,1.9055005073547364,1.9055005073547364,2.179533685163322,2.1282028916370437,1.7205357574554812,,0.2740331778085854,0.22270238428230726,-0.18496474989925527,,2.6353538354237873,2.6353538354237873,3.612587761400215,3.021787961324056,2.9756688731422067,,0.9772339259764276,0.3864341259002688,0.3403150377184194,,2.140369176864624,2.140369176864624,2.875215337937137,2.163616924400788,1.5732554288274314,,0.7348461610725128,0.0232477475361641,-0.5671137480371926,,1.8227207660675049,1.8227207660675049,3.1657044054513954,3.5392496212419258,2.773147483427362,,1.3429836393838905,1.7165288551744209,0.9504267173598571,,3.738661766052246,3.738661766052246,3.764311608061733,2.94353985786438,3.1656128354819426,,0.025649842009487056,-0.7951219081878662,-0.5730489305703035,,38.29154586791992,38.29154586791992,39.603267669677734,9.976408958435059,38.344276428222656,,1.3117218017578125,-28.315136909484863,0.052730560302734375,,38.8817140823966,38.8817140823966,40.156060977297116,41.34162749640854,39.81677967661731,,1.2743468949005177,2.459913414011943,0.9350655942207098,,,,0.0,0.0,0.0,,,,,,,,0.8755262415093111,0.819348156452179,0.8244241985930018,,,,,,,,0.8598875627251314,0.85493,0.6846697782895651,,,,,
urgent_test-blind_0855_492__p002000,2,2.8013297982852983,2.8013297982852983,2.532496624886359,2.571678862714249,2.51490741576413,,-0.2688331733989391,-0.22965093557104943,-0.2864223825211685,,3.5893170833587646,3.5893170833587646,3.3993454036942445,3.2823985800685653,3.4102895259857178,,-0.1899716796645201,-0.3069185032901993,-0.17902755737304688,,1.3325715065002441,1.3325715065002441,1.332007497189993,1.293726921081543,1.4004102586263634,,-0.0005640093102512456,-0.03884458541870117,0.06783875212611923,,2.5805243968963625,2.5805243968963625,2.179533685163322,2.1282028916370437,2.2371546574864523,,-0.4009907117330407,-0.4523215052593188,-0.3433697394099102,,3.7266883850097656,3.7266883850097656,3.612587761400215,2.3831069636057656,3.6664542737575263,,-0.11410062360955076,-1.343581421404,-0.06023411125223932,,2.9151265621185303,2.9151265621185303,2.875215337937137,1.9918286039168582,2.0590989790767074,,-0.03991122418139348,-0.923297958201672,-0.8560275830418229,,3.948681592941284,3.948681592941284,3.7479782233755277,3.9860012531280518,3.2534821004752654,,-0.20070336956575652,0.03731966018676758,-0.6951994924660188,,3.91361927986145,3.91361927986145,0.774645984172821,1.9989220722612127,2.3953983496470626,,-3.138973295688629,-1.9146972076002375,-1.5182209302143876,,38.64825439453125,38.64825439453125,41.73924255371094,17.370468139648438,38.344276428222656,,3.0909881591796875,-21.277786254882812,-0.30397796630859375,,39.460909829833675,39.460909829833675,43.791269785517834,44.76826328911652,39.81677967661731,,4.330359955684159,5.307353459282844,0.35586984678363365,,,,0.0,0.0,0.0,,,,,,0.79161536693573,0.79161536693573,0.8339530495275934,0.7907151579856873,0.843022027887015,,0.042337682591863435,-0.0009002089500427246,0.05140666095128499,,0.57959175,0.57959175,0.4107864313575637,0.7538637195725038,0.6846697782895651,,-0.16880531864243625,0.1742719695725038,0.10507802828956514,
urgent_test-blind_0855_502__p002000,2,2.6712777094251616,2.6712777094251616,2.9144293797079417,3.1530025159952157,2.7434712627911653,,0.24315167028278006,0.4817248065700541,0.07219355336600364,,3.7339842319488525,3.7339842319488525,3.847205618777907,3.5265117093741174,3.3930183816626367,,0.11322138682905436,-0.20747252257473514,-0.34096585028621584,,1.3515374660491943,1.3515374660491943,1.5313415972583266,1.3807680937181037,1.4537379677037159,,0.1798041312091323,0.02923062766890938,0.10220050165452155,,2.6835415363311768,2.6835415363311768,2.7695862099827533,2.1282028916370437,2.2371546574864523,,0.08604467365157653,-0.5553386446941331,-0.4463868788447245,,4.055669260025025,4.055669260025025,3.612587761400215,3.021787961324056,3.9288912122029376,,-0.4430814986248097,-1.0338812987009685,-0.12677804782208701,,3.9333832263946533,3.9333832263946533,2.875215337937137,3.003086417554372,2.9315143033682576,,-1.0581678884575165,-0.9302968088402812,-1.0018689230263957,,4.239184856414795,4.239184856414795,4.09345537208649,3.9426928629358127,3.6059983466044963,,-0.1457294843283048,-0.29649199347898225,-0.6331865098102987,,4.440157413482666,4.440157413482666,1.5425501846405396,1.9989220722612127,2.1205695091959944,,-2.8976072288421264,-2.4412353412214536,-2.3195879042866716,,41.28472900390625,41.28472900390625,41.73924255371094,40.71783447265625,38.344276428222656,,0.4545135498046875,-0.56689453125,-2.9404525756835938,,42.62239534594425,42.62239534594425,43.791269785517834,38.28654816687972,42.22886501482761,,1.1688744395735853,-4.33584717906453,-0.3935303311166365,,,,0.0,0.0,0.0,,,,,,0.90810626745224,0.90810626745224,0.8958807491873163,0.8984962206288992,0.9168841319390569,,-0.012225518264923685,-0.009610046823340768,0.008777864486816944,,0.84048593,0.84048593,0.8772602619895016,0.85493,0.9031822060131303,,0.03677433198950153,0.01444406999999992,0.06269627601313021,
urgent_test-blind_0867_421__p002000,2,2.630578336575243,2.630578336575243,2.33905517046609,2.3017087723212546,2.2212985153749534,,-0.2915231661091533,-0.3288695642539885,-0.4092798212002897,,2.809223175048828,2.809223175048828,2.812135587255639,2.730695267757737,3.007784935843992,,0.0029124122068107106,-0.07852790729109094,0.19856176079516397,,1.2428404092788696,1.2428404092788696,1.2752637906246875,1.293726921081543,1.2423320369548108,,0.0324233813458179,0.05088651180267334,-0.00050837232405887,,2.0506198406219482,2.0506198406219482,2.1190476813948296,2.1282028916370437,1.7205357574554812,,0.06842784077288133,0.07758305101509544,-0.3300840831664671,,3.33380659421285,3.33380659421285,2.905926442050551,1.375575335820516,2.9756688731422067,,-0.42788015216229924,-1.958231258392334,-0.35813772107064334,,2.47786283493042,2.47786283493042,1.6865811908101462,1.5105165243148804,1.5732554288274314,,-0.7912816441202737,-0.9673463106155396,-0.9046074061029885,,2.7099289894104004,2.7099289894104004,3.18416780305196,2.5186636447906494,2.773147483427362,,0.4742388136415596,-0.19126534461975098,0.06321849401696156,,4.016177654266357,4.016177654266357,1.799605076571545,2.706125951675047,2.1205695091959944,,-2.216572577694812,-1.3100517025913105,-1.895608145070363,,33.12871551513672,33.12871551513672,39.603267669677734,9.976408958435059,37.8531608581543,,6.474552154541016,-23.15230655670166,4.724445343017578,,35.72107314481117,35.72107314481117,40.156060977297116,38.28654816687972,39.81677967661731,,4.434987832485945,2.565475022068547,4.095706531806137,,,,0.0,0.0,0.0,,,,,,,,0.7468902686513572,0.6807832717895508,0.7592826751341303,,,,,,,,0.12794155558668466,0.43203091621398926,0.46247691813721714,,,,,
urgent_test-blind_0927_490__p002000,2,2.637130175804639,2.637130175804639,2.2897357344502107,2.332197092064295,2.51490741576413,,-0.3473944413544281,-0.30493308374034367,-0.12222276004050903,,2.489037275314331,2.489037275314331,3.3993454036942445,2.89228892326355,3.3930183816626367,,0.9103081283799135,0.40325164794921875,0.9039811063483056,,1.464199185371399,1.464199185371399,1.332007497189993,1.2770386934280396,1.5549622723855165,,-0.13219168818140603,-0.18716049194335938,0.09076308701411762,,2.5402016162872316,2.5402016162872316,2.179533685163322,2.1282028916370437,1.946901224703195,,-0.3606679311239098,-0.41199872465018794,-0.5933003915840367,,4.563501930236816,4.563501930236816,3.612587761400215,2.3831069636057656,3.9040776577021385,,-0.9509141688366012,-2.1803949666310505,-0.6594242725346775,,2.8253989219665527,2.8253989219665527,2.875215337937137,1.9918286039168582,2.9315143033682576,,0.04981641597058406,-0.8335703180496945,0.10611538140170484,,3.217122793197632,3.217122793197632,3.7479782233755277,3.9860012531280518,3.6343171912503527,,0.5308554301778958,0.7688784599304199,0.41719439805272085,,3.30369234085083,3.30369234085083,0.774645984172821,1.9989220722612127,3.871898666443116,,-2.529046356678009,-1.3047702685896174,0.568206325592286,,39.76210403442383,39.76210403442383,41.73924255371094,17.370468139648438,38.344276428222656,,1.9771385192871094,-22.39163589477539,-1.4178276062011719,,40.977845145780464,40.977845145780464,44.8520983684421,13.375461168411661,39.81677967661731,,3.874253222661636,-27.602383977368802,-1.1610654691631552,,,,0.0,0.0,0.0,,,,,,0.8587958216667175,0.8587958216667175,0.7270962193787817,0.7907151579856873,0.7434143218170687,,-0.13169960228793587,-0.06808066368103027,-0.11538149984964885,,0.8676384,0.8676384,0.12794155558668466,0.7538637195725038,0.6846697782895651,,-0.7396968444133154,-0.11377468042749628,-0.18296862171043493,
urgent_test-blind_0975_469__p002000,2,2.9933437200347512,2.9933437200347512,3.187178875049633,3.1530025159952157,3.0587917036867385,,0.1938351550148818,0.1596587959604645,0.06544798365198723,,3.6345694065093994,3.6345694065093994,3.4638023376464844,3.786478042602539,3.444607953948668,,-0.17076706886291504,0.15190863609313965,-0.18996145256073138,,2.0772318840026855,2.0772318840026855,2.8687779874686736,2.8743040561676025,2.697259107268,,0.7915461034659881,0.797072172164917,0.6200272232653146,,2.9097238063812254,2.9097238063812254,2.96534251707146,2.82315673828125,3.540596853777107,,0.05561871069023461,-0.0865670680999755,0.6308730473958817,,2.9389689763387046,2.9389689763387046,4.468770009159563,3.021787961324056,4.428869763084524,,1.5298010328208584,0.08281898498535156,1.4899007867458196,,4.332660675048828,4.332660675048828,4.305478222398873,3.864074945449829,3.612003642871197,,-0.027182452649955557,-0.468585729598999,-0.7206570321776313,,4.335922718048096,4.335922718048096,4.20379814756922,4.515665054321289,4.381644404078104,,-0.13212457047887582,0.17974233627319336,0.04572168603000826,,4.731818199157715,4.731818199157715,4.619546763868217,4.711663246154785,4.830354044236333,,-0.11227143528949757,-0.020154953002929688,0.09853584507861779,,36.49665832519531,36.49665832519531,42.316993713378906,42.37028503417969,42.46058654785156,,5.820335388183594,5.873626708984375,5.96392822265625,,37.026111718376136,37.026111718376136,43.791269785517834,43.798571638281274,43.94723624135117,,6.765158067141698,6.772459919905138,6.921124522975035,,,,0.0,0.0,0.0,,,,,,,,0.8958807491873163,0.8984962206288992,0.9647253785267411,,,,,,,,0.8598875627251314,0.85493,0.9031822060131303,,,,,
urgent_test-blind_0993_454__p002000,2,3.1075261847138447,3.1075261847138447,3.187178875049633,3.1530025159952157,3.0587917036867385,,0.07965269033578837,0.045476331281371074,-0.0487344810271062,,4.030272960662842,4.030272960662842,3.847205618777907,3.9014344215393066,3.693037991542893,,-0.1830673418849349,-0.12883853912353516,-0.33723496911994877,,3.879504919052124,3.879504919052124,3.6123836988426112,3.3736504675394077,3.706664647443228,,-0.2671212202095128,-0.5058544515127164,-0.17284027160889615,,3.573048305511475,3.573048305511475,2.96534251707146,3.2523393630981445,3.0768062677728123,,-0.6077057884400148,-0.32070894241333026,-0.4962420377386625,,4.633869711558024,4.633869711558024,4.497222592840233,4.416389624277751,4.428869763084524,,-0.13664711871779112,-0.2174800872802729,-0.20499994847349967,,5.001392364501953,5.001392364501953,4.890166926096721,5.016104916492144,5.0101095452366105,,-0.11122543840523225,0.014712551990190725,0.008717180734657326,,4.532322406768799,4.532322406768799,4.58849601860506,4.566967964172363,4.607645464709485,,0.05617361183626102,0.03464555740356445,0.07532305794068606,,4.86815071105957,4.86815071105957,4.8216062683656995,4.913525581359863,4.830354044236333,,-0.04654444269387081,0.04537487030029297,-0.03779666682323768,,41.97750473022461,41.97750473022461,42.316993713378906,42.84180450439453,42.46058654785156,,0.3394889831542969,0.8642997741699219,0.4830818176269531,,43.51846311521636,43.51846311521636,43.791269785517834,44.00420015714539,44.14965460744504,,0.27280667030147043,0.48573704192902767,0.6311914922286803,,,,0.0,0.0,0.0,,,,,,0.9541425704956055,0.9541425704956055,0.9411847373567911,0.9459272027015686,0.9647253785267411,,-0.012957833138814379,-0.008215367794036865,0.010582808031135649,,0.9181341,0.9181341,0.8598875627251314,0.85493,0.9031822060131303,,-0.058246537274868504,-0.06320409999999999,-0.014951893986869691,
urgent_test-blind_0993_525__p002000,2,3.093212442766119,3.093212442766119,3.187178875049633,3.249502302100756,3.2865507248906676,,0.09396643228351387,0.1562898593346369,0.1933382821245484,,3.9219067096710205,3.9219067096710205,4.092316354613706,3.9014344215393066,3.693037991542893,,0.1704096449426853,-0.020472288131713867,-0.22886871812812748,,3.909268856048584,3.909268856048584,3.7765905110232802,3.3736504675394077,3.706664647443228,,-0.13267834502530373,-0.5356183885091763,-0.2026042086053561,,3.5891767501831056,3.5891767501831056,3.565088093615919,3.4658153126038704,3.818478139433037,,-0.024088656567186728,-0.12336143757923512,0.22930138924993138,,4.639186159769694,4.639186159769694,4.497222592840233,4.416389624277751,4.526431086360211,,-0.14196356692946122,-0.222796535491943,-0.11275507340948288,,4.987416744232178,4.987416744232178,4.890166926096721,5.016104916492144,5.0101095452366105,,-0.09724981813545686,0.028688172259966116,0.022692801004432717,,4.361860752105713,4.361860752105713,4.58849601860506,4.566967964172363,4.607645464709485,,0.22663526649934695,0.2051072120666504,0.245784712603772,,4.85273551940918,4.85273551940918,4.836176033479622,4.913525581359863,4.830354044236333,,-0.016559485929557916,0.060790061950683594,-0.022381475172847054,,41.73924255371094,41.73924255371094,42.316993713378906,42.37028503417969,42.46058654785156,,0.5777511596679688,0.63104248046875,0.721343994140625,,43.26234501513575,43.26234501513575,43.791269785517834,44.00420015714539,43.94723624135117,,0.5289247703820834,0.7418551420096406,0.6848912262154201,,,,0.0,0.0,0.0,,,,,,0.951872706413269,0.951872706413269,0.9313854828895813,0.9459272027015686,0.9647253785267411,,-0.020487223523687703,-0.0059455037117004395,0.012852672113472074,,0.94571596,0.94571596,0.9228545798355318,0.9060206263253012,0.9031822060131303,,-0.02286138016446826,-0.039695333674698796,-0.04253375398686976,
fileid_134162__p004000,4,2.2393895125903036,2.2393895125903036,2.032684310048387,2.1801044883189347,1.9495668063148022,,-0.2067052025419165,-0.05928502427136895,-0.28982270627550144,,2.819329261779785,2.819329261779785,2.7378425569419402,2.730695267757737,2.7784571173679398,,-0.08148670483784493,-0.08863399402204797,-0.04087214441184539,,1.9382092952728271,1.9382092952728271,2.1796877211835013,1.3807680937181037,2.1640160203458807,,0.24147842591067414,-0.5574412015547234,0.22580672507305355,,2.5239375114440916,2.5239375114440916,2.1746742607599283,2.486354217759098,2.2371546574864523,,-0.3492632506841633,-0.0375832936849938,-0.28678285395763936,,1.4192360480626425,1.4192360480626425,2.905926442050551,1.6903308788935343,2.1167192651564815,,1.4866903939879084,0.2710948308308918,0.697483217093839,,1.727636456489563,1.727636456489563,1.6865811908101462,1.9918286039168582,1.5732554288274314,,-0.04105526567941675,0.26419214742729524,-0.15438102766213158,,2.310302734375,2.310302734375,2.2671076676931725,2.009313520178737,2.773147483427362,,-0.04319506668182749,-0.3009892141962629,0.46284474905236195,,3.9496028423309326,3.9496028423309326,3.764311608061733,3.8848892349794686,3.1656128354819426,,-0.18529123426919947,-0.06471360735146403,-0.78399000684899,,6.622535705566406,6.622535705566406,9.675816769580765,10.081348419189453,9.527900446849657,,3.0532810640143584,3.458812713623047,2.9053647412832504,,6.956070142936499,6.956070142936499,8.939998784915948,7.97906031577257,8.438103315887535,,1.9839286419794497,1.0229901728360717,1.482033172951036,,0.0,0.0,0.0,0.0,0.0,,0.0,0.0,0.0,,0.8500288724899292,0.8500288724899292,0.8611998787845474,0.857771098613739,0.8661046480558005,,0.011171006294618202,0.0077422261238098145,0.016075775565871253,,0.7443395256996155,0.7443395256996155,0.8555067700615696,0.85493,0.7622562882864343,,0.11116724436195413,0.11059047430038449,0.017916762586818846,
fileid_231257__p004000,4,,,2.1170152590103855,2.1801044883189347,1.844199845466127,,,,,,,,2.9518992211445267,2.89228892326355,3.007784935843992,,,,,,,,1.5313415972583266,1.3807680937181037,2.1640160203458807,,,,,,,,2.402447387779573,2.486354217759098,2.2371546574864523,,,,,,,,3.612587761400215,2.3831069636057656,2.5688801321159884,,,,,,,,2.1353724663516127,1.9918286039168582,1.5732554288274314,,,,,,,,2.640939482723374,2.009313520178737,2.773147483427362,,,,,,,,3.764311608061733,3.8393420770943885,3.1656128354819426,,,,,,,,11.135773340861004,10.081348419189453,13.059100162552063,,,,,,,,11.803491221074792,7.506840487240041,11.525480238086931,,,,,,,,0.0,0.0,0.0,,,,,,,,0.8755262415093111,0.8984962206288992,0.9032353517042107,,,,,,,,0.8598875627251314,0.85493,0.6846697782895651,,,,,
fileid_243432__p004000,4,2.6129405193919375,2.6129405193919375,2.4868633897095065,2.5104980333264404,2.51490741576413,,-0.126077129682431,-0.10244248606549711,-0.0980331036278077,,3.1454899311065674,3.1454899311065674,2.9518992211445267,2.89228892326355,3.007784935843992,,-0.19359070996204064,-0.2532010078430176,-0.1377049952625753,,3.201009750366211,3.201009750366211,3.1971346671322745,2.5317776203155518,3.151167578965306,,-0.0038750832339364827,-0.6692321300506592,-0.04984217140090497,,3.203497123718262,3.203497123718262,2.7771919240913236,2.82315673828125,3.0768062677728123,,-0.42630519962693825,-0.380340385437012,-0.1266908559454496,,2.395634078979492,2.395634078979492,3.612587761400215,2.3831069636057656,2.9756688731422067,,1.2169536824207228,-0.012527115373726527,0.5800347941627146,,2.8249523639678955,2.8249523639678955,2.6053803354860787,2.532307897705629,2.9315143033682576,,-0.21957202848181678,-0.2926444662622667,0.10656193940036207,,1.4231338500976562,1.4231338500976562,1.7842110524694603,1.6024749279022217,1.910053672081974,,0.3610772023718041,0.17934107780456543,0.4869198219843178,,4.620725154876709,4.620725154876709,4.0373803851116135,4.300492355622441,4.3614301681518555,,-0.5833447697650955,-0.32023279925426795,-0.2592949867248535,,18.03567886352539,18.03567886352539,14.268370904118175,16.960037231445312,18.989276457024385,,-3.7673079594072156,-1.0756416320800781,0.9535975934989942,,18.090674535354353,18.090674535354353,14.338206997795739,13.375461168411661,16.353694378855796,,-3.752467537558614,-4.715213366942692,-1.7369801564985572,,0.0,0.0,0.0,0.0,0.0,,0.0,0.0,0.0,,0.9184480309486389,0.9184480309486389,0.8863765539893185,0.8984962206288992,0.9168841319390569,,-0.032071476959320444,-0.019951810319739693,-0.0015638990095819816,,0.7717872262001038,0.7717872262001038,0.8555067700615696,0.85493,0.9031822060131303,,0.08371954386146585,0.08314277379989621,0.1313949798130265,
fileid_306980__p004000,4,1.288291883016466,1.288291883016466,1.4514493439745877,1.6167953440183238,1.3574698774258431,,0.16315746095812167,0.3285034610018578,0.06917799440937711,,2.532581329345703,2.532581329345703,2.3243172728871726,2.456054449081421,2.4170224853308806,,-0.20826405645853052,-0.07652688026428223,-0.11555884401482253,,1.2358733415603638,1.2358733415603638,1.235606347221926,1.2265331745147705,1.2279622549991531,,-0.00026699433843768716,-0.009340167045593262,-0.007911086561210645,,2.2637842178344725,2.2637842178344725,1.7044373755474167,1.6813594341278075,1.7205357574554812,,-0.5593468422870558,-0.582424783706665,-0.5432484603789913,,1.5199055830637613,1.5199055830637613,2.4114468622399143,1.375575335820516,1.3676214585821314,,0.891541279176153,-0.14433024724324528,-0.15228412448162998,,1.6751192808151245,1.6751192808151245,1.0790071473064193,0.9165201783180237,0.9307751843488838,,-0.5961121335087052,-0.7585991024971008,-0.7443440964662407,,1.4060618877410889,1.4060618877410889,1.5383496894893876,1.3980427133031639,1.4412141308248283,,0.13228780174829868,-0.008019174437924992,0.03515224308373943,,4.3502726554870605,4.3502726554870605,2.8447554614170487,2.706125951675047,2.9252545038859052,,-1.5055171940700118,-1.6441467038120137,-1.4250181516011553,,-2.103492259979248,-2.103492259979248,1.0087677302609483,0.874367442475744,-1.1347682397049592,,3.1122599902401964,2.977859702454992,0.9687240202742888,,-2.082663593792578,-2.082663593792578,-0.30989134655741646,3.096153933050343,-0.7119967239552988,,1.7727722472351615,5.178817526842921,1.370666869837279,,0.1188118811881188,0.1188118811881188,0.0,0.0,0.0,,-0.1188118811881188,-0.1188118811881188,-0.1188118811881188,,0.7412806153297424,0.7412806153297424,0.7270962193787817,0.7375310034636992,0.6905761009239288,,-0.014184395950960771,-0.0037496118660432787,-0.05070451440581358,,0.8758246898651123,0.8758246898651123,0.6857106309817976,0.37378006706754846,0.5942318937385896,,-0.19011405888331467,-0.5020446227975639,-0.28159279612652266,
fileid_313537__p004000,4,1.0839238053066884,1.0839238053066884,1.139229178396868,1.1050819589470753,1.8254229189052373,,0.05530537309017958,0.021158153640386868,0.7414991135985489,,2.6416964530944824,2.6416964530944824,2.561226400984339,2.788841928344175,2.711210408842707,,-0.08047005211014335,0.14714547524969257,0.06951395574822472,,1.254059910774231,1.254059910774231,1.3025178148085812,1.2427181005477905,1.2701144151419521,,0.04845790403435024,-0.01134181022644043,0.016054504367721156,,1.977980089187622,1.977980089187622,2.1746742607599283,2.3363089561462402,1.946901224703195,,0.1966941715723063,0.3583288669586182,-0.031078864484427093,,2.626978063583374,2.626978063583374,2.905926442050551,1.6903308788935343,1.8521804563012945,,0.2789483784671769,-0.9366471846898397,-0.7747976072820795,,1.839508295059204,1.839508295059204,1.6865811908101462,1.5105165243148804,1.5732554288274314,,-0.15292710424905787,-0.32899177074432373,-0.2662528662317727,,1.6268712282180786,1.6268712282180786,1.779678765549717,1.5544850826263428,1.5456904941294567,,0.15280753733163843,-0.07238614559173584,-0.08118073408862192,,2.664466142654419,2.664466142654419,3.667062759399414,3.3011369705200195,2.1205695091959944,,1.0025966167449951,0.6366708278656006,-0.5438966334584245,,1.0575213432312012,1.0575213432312012,6.740390444376382,9.351889610290527,1.7227483889664035,,5.68286910114518,8.294368267059326,0.6652270457352023,,1.1795075295165183,1.1795075295165183,6.834070367619018,7.506840487240041,-0.7119967239552988,,5.6545628381025,6.327332957723522,-1.8915042534718172,,0.04395604395604396,0.04395604395604396,0.0,0.0,0.0,,-0.04395604395604396,-0.04395604395604396,-0.04395604395604396,,0.8549286723136902,0.8549286723136902,0.8755262415093111,0.8288424273571336,0.8436023365541634,,0.020597569195620946,-0.026086244956556537,-0.011326335759526795,,0.5582812428474426,0.5582812428474426,0.6857106309817976,0.85493,0.5017545979046649,,0.127429388134355,0.29664875715255734,-0.056526644942777704,
fileid_356984__p004000,4,1.9157534953400528,1.9157534953400528,2.1170152590103855,2.099462998773271,1.9495668063148022,,0.20126176367033266,0.18370950343321835,0.03381331097474938,,2.735708236694336,2.735708236694336,2.9518992211445267,2.89228892326355,2.7784571173679398,,0.2161909844501908,0.15658068656921387,0.04274888067360383,,2.0705130100250244,2.0705130100250244,1.9741218520934323,1.3807680937181037,1.9872068611972304,,-0.09639115793159214,-0.6897449163069207,-0.08330614882779397,,2.7767474174499513,2.7767474174499513,2.1746742607599283,2.486354217759098,2.2371546574864523,,-0.602073156690023,-0.29039319969085353,-0.5395927599634991,,2.4817339420318603,2.4817339420318603,2.905926442050551,1.6903308788935343,1.8521804563012945,,0.4241925000186906,-0.791403063138326,-0.6295534857305658,,1.9451086521148682,1.9451086521148682,1.6865811908101462,1.9918286039168582,1.5732554288274314,,-0.25852746130472193,0.04671995180199007,-0.37185322328743675,,1.4560906887054443,1.4560906887054443,2.145947439124785,2.009313520178737,1.910053672081974,,0.6898567504193407,0.5532228314732928,0.45396298337652974,,3.8988211154937744,3.8988211154937744,0.774645984172821,3.8848892349794686,3.1656128354819426,,-3.1241751313209534,-0.013931880514305828,-0.7332082800118318,,6.4828901290893555,6.4828901290893555,11.135773340861004,10.081348419189453,6.189001071883972,,4.652883211771648,3.5984582901000977,-0.2938890572053836,,7.437012838108958,7.437012838108958,11.148725038606292,7.506840487240041,6.232710788945009,,3.7117122004973337,0.0698276491310823,-1.2043020491639496,,0.0,0.0,0.0,0.0,0.0,,0.0,0.0,0.0,,0.9202598333358765,0.9202598333358765,0.8924334810440799,0.8984962206288992,0.8661046480558005,,-0.02782635229179653,-0.021763612706977242,-0.05415518528007601,,0.7785623073577881,0.7785623073577881,0.8555067700615696,0.85493,0.6846697782895651,,0.07694446270378152,0.07636769264221188,-0.09389252906822299,
fileid_409272__p004000,4,1.4994212925211585,1.4994212925211585,1.4514493439745877,1.8448062977302477,1.9495668063148022,,-0.04797194854657083,0.3453850052090892,0.45014551379364365,,2.565260171890259,2.565260171890259,2.561226400984339,2.730695267757737,2.7784571173679398,,-0.00403377090591972,0.1654350958674784,0.21319694547768098,,1.4557301998138428,1.4557301998138428,1.593043321586517,1.3807680937181037,1.5549622723855165,,0.13731312177267418,-0.07496210609573906,0.09923207257167377,,2.533349943161011,2.533349943161011,2.1746742607599283,2.486354217759098,2.2371546574864523,,-0.3586756824010826,-0.0469957254019131,-0.29619528567455866,,2.5140938917795816,2.5140938917795816,2.905926442050551,2.3831069636057656,2.5688801321159884,,0.3918325502709692,-0.13098692817381608,0.05478624033640678,,2.513054609298706,2.513054609298706,1.6865811908101462,1.6024618608405792,1.5732554288274314,,-0.8264734184885598,-0.9105927484581269,-0.9397991804712746,,1.7132568359375,1.7132568359375,1.6228793694312313,1.5445537567138672,1.5456904941294567,,-0.09037746650626866,-0.1687030792236328,-0.1675663418080433,,4.350807189941406,4.350807189941406,3.764311608061733,3.8848892349794686,3.5737028107585678,,-0.5864955818796731,-0.46591795496193766,-0.7771043791828385,,6.589839458465576,6.589839458465576,5.048855207052576,1.9207297563552856,6.537375383108974,,-1.5409842514130005,-4.6691097021102905,-0.05246407535660236,,6.643724880835256,6.643724880835256,3.698935347968489,4.873959255461502,8.188180310056088,,-2.944789532866767,-1.7697656253737541,1.5444554292208323,,0.0,0.0,0.0,0.0,0.0,,0.0,0.0,0.0,,0.8697222471237183,0.8697222471237183,0.8611998787845474,0.8288424273571336,0.8606668361219536,,-0.00852236833917086,-0.04087981976658461,-0.009055411001764657,,0.7575002908706665,0.7575002908706665,0.8555067700615696,0.85493,0.8453808024705174,,0.0980064791909031,0.09742970912933346,0.08788051159985089,
fileid_421490__p004000,4,1.5115749311923041,1.5115749311923041,1.961464750681442,2.1801044883189347,1.9495668063148022,,0.44988981948913787,0.6685295571266305,0.43799187512249804,,3.0127363204956055,3.0127363204956055,2.7378425569419402,2.730695267757737,2.839452436171382,,-0.27489376355366524,-0.2820410527378683,-0.17328388432422326,,1.3606401681900024,1.3606401681900024,1.5313415972583266,1.3642550520150059,2.317111875158716,,0.1707014290683242,0.003614883825003412,0.9564717069687134,,2.416366529464722,2.416366529464722,2.402447387779573,2.486354217759098,2.2371546574864523,,-0.013919141685148961,0.06998768829437596,-0.1792118719782696,,2.9155970732371013,2.9155970732371013,2.905926442050551,1.6903308788935343,2.5688801321159884,,-0.009670631186550427,-1.225266194343567,-0.34671694112111284,,1.2864640951156616,1.2864640951156616,1.6865811908101462,1.6024618608405792,2.0590989790767074,,0.4001170956944846,0.31599776572491756,0.7726348839610457,,1.4919418096542358,1.4919418096542358,1.779678765549717,1.6024749279022217,1.9814586467053517,,0.2877369558954812,0.11053311824798584,0.4895168370511158,,4.443548679351807,4.443548679351807,3.764311608061733,3.8848892349794686,3.928551262162297,,-0.6792370712900735,-0.558659444372338,-0.5149974171895098,,10.536569595336914,10.536569595336914,11.135773340861004,10.081348419189453,13.059100162552063,,0.5992037455240897,-0.45522117614746094,2.5225305672151492,,10.583609833421528,10.583609833421528,11.803491221074792,13.375461168411661,11.525480238086931,,1.2198813876532633,2.791851334990133,0.9418704046654032,,0.017241379310344827,0.017241379310344827,0.0,0.0,0.0,,-0.017241379310344827,-0.017241379310344827,-0.017241379310344827,,0.8262781500816345,0.8262781500816345,0.8755262415093111,0.8288424273571336,0.8606668361219536,,0.04924809142767661,0.002564277275499127,0.03438868604031908,,0.793138325214386,0.793138325214386,0.8555067700615696,0.85493,0.7622562882864343,,0.062368444847183624,0.06179167478561398,-0.03088203692795166,
fileid_461033__p004000,4,2.293138593929188,2.293138593929188,2.4868633897095065,2.50074513121587,2.51490741576413,,0.19372479578031854,0.207606537286682,0.22176882183494184,,2.7513718605041504,2.7513718605041504,3.048080182937254,3.035421133041382,3.3930183816626367,,0.2967083224331035,0.28404927253723145,0.6416465211584863,,2.9518320560455322,2.9518320560455322,2.1796877211835013,1.8840898275375366,2.5060901957822126,,-0.7721443348620309,-1.0677422285079956,-0.44574186026331963,,2.7611172676086424,2.7611172676086424,2.7695862099827533,2.82315673828125,2.7595813303108674,,0.008468942374110888,0.06203947067260751,-0.001535937297775014,,2.578067143758138,2.578067143758138,3.612587761400215,1.6903308788935343,2.9756688731422067,,1.0345206176420767,-0.8877362648646039,0.39760172938406857,,2.4684360027313232,2.4684360027313232,2.875215337937137,2.163616924400788,2.0590989790767074,,0.40677933520581355,-0.3048190783305351,-0.4093370236546159,,2.4683573246002197,2.4683573246002197,2.2671076676931725,2.009313520178737,2.773147483427362,,-0.20124965690704721,-0.4590438044214826,0.3047901588271422,,4.2046027183532715,4.2046027183532715,4.0373803851116135,3.8848892349794686,2.1205695091959944,,-0.16722233324165803,-0.3197134833738029,-2.084033209157277,,9.215495109558105,9.215495109558105,11.135773340861004,10.081348419189453,9.527900446849657,,1.9202782313028983,0.8658533096313477,0.3124053372915512,,9.971096059168191,9.971096059168191,12.707445682971976,13.375461168411661,10.181078805311357,,2.7363496238037843,3.4043651092434697,0.20998274614316514,,0.0,0.0,0.0,0.0,0.0,,0.0,0.0,0.0,,0.9014385938644409,0.9014385938644409,0.8958807491873163,0.8984962206288992,0.9032353517042107,,-0.005557844677124613,-0.0029423732355416954,0.001796757839769736,,0.792731523513794,0.792731523513794,0.9087430413468296,0.85493,0.8453808024705174,,0.11601151783303565,0.06219847648620602,0.052649278956723444,
fileid_464950__p004000,4,1.0693567546125964,1.0693567546125964,1.139229178396868,1.0658554550657893,1.0723790661630388,,0.06987242378427161,-0.003501299546807113,0.0030223115504424136,,2.366683006286621,2.366683006286621,2.3243172728871726,2.284761428833008,2.1723606055041396,,-0.04236573339944849,-0.08192157745361328,-0.19432240078248153,,1.365661382675171,1.365661382675171,1.3025178148085812,1.3420000076293945,1.3144711720416824,,-0.0631435678665897,-0.023661375045776367,-0.0511902106334885,,1.76285982131958,1.76285982131958,1.7044373755474167,1.3112319469451905,0.8459356904029847,,-0.05842244577216338,-0.45162787437438956,-0.9169241309165954,,1.5641496896743774,1.5641496896743774,2.4114468622399143,1.133904186884562,1.2151785576678662,,0.8472971725655369,-0.4302455027898153,-0.3489711320065112,,1.2400761842727661,1.2400761842727661,-0.08873795717954636,0.9165201783180237,0.6965742455907615,,-1.3288141414523125,-0.32355600595474243,-0.5435019386820046,,1.7287274599075317,1.7287274599075317,1.0615486574460224,1.3980427133031639,1.2959144948476768,,-0.6671788024615093,-0.33068474660436786,-0.4328129650598549,,2.940533399581909,2.940533399581909,2.309382260563862,2.706125951675047,2.1205695091959944,,-0.6311511390180473,-0.2344074479068623,-0.8199638903859148,,-4.507412910461426,-4.507412910461426,-5.49119660940515,-77.03638458251953,-7.212351354729219,,-0.9837836989437241,-72.5289716720581,-2.7049384442677935,,-4.182808465453601,-4.182808465453601,-5.18663387744421,-9.015849860227167,-6.854500871520705,,-1.0038254119906096,-4.833041394773566,-2.6716924060671046,,0.7808219178082192,0.7808219178082192,0.0,0.0,0.0,,-0.7808219178082192,-0.7808219178082192,-0.7808219178082192,,0.5487102270126343,0.5487102270126343,0.4426377149949591,0.4796525239944458,0.5176130523643341,,-0.1060725120176752,-0.06905770301818848,-0.031097174648300197,,0.15662649273872375,0.15662649273872375,0.06023579583050735,0.048750489950180054,0.0015187087940074498,,-0.0963906969082164,-0.1078760027885437,-0.1551077839447163,
fileid_519109__p004000,4,1.1880580125738156,1.1880580125738156,1.4514493439745877,1.0979826890714457,1.4728107445863547,,0.2633913314007721,-0.09007532350236991,0.28475273201253914,,2.3521854877471924,2.3521854877471924,2.3243172728871726,2.456054449081421,2.3143744846903176,,-0.02786821486001978,0.10386896133422852,-0.03781100305687479,,1.2276084423065186,1.2276084423065186,1.2462396621704102,1.2265331745147705,1.2279622549991531,,0.0186312198638916,-0.0010752677917480469,0.0003538126926345697,,3.10388240814209,3.10388240814209,1.7044373755474167,1.6813594341278075,1.7205357574554812,,-1.3994450325946732,-1.4225229740142824,-1.3833466506866088,,2.2396119594573975,2.2396119594573975,2.4114468622399143,1.375575335820516,1.3676214585821314,,0.17183490278251679,-0.8640366236368815,-0.8719905008752662,,1.3296464681625366,1.3296464681625366,1.0790071473064193,1.1118789911270142,0.6965742455907615,,-0.2506393208561173,-0.21776747703552246,-0.6330722225717751,,1.2425618171691895,1.2425618171691895,1.8381131772535393,1.8592240810394287,1.5456904941294567,,0.5955513600843498,0.6166622638702393,0.30312867696026724,,3.692073106765747,3.692073106765747,1.6959931390831269,2.706125951675047,2.1205695091959944,,-1.9960799676826202,-0.9859471550907002,-1.5715035975697527,,-5.387239456176758,-5.387239456176758,-2.5949078985007414,-2.2309733959565676,-7.212351354729219,,2.7923315576760164,3.15626606022019,-1.8251118985524615,,-5.328410123319233,-5.328410123319233,-5.18663387744421,-4.628272626885518,-2.239942036379712,,0.1417762458750227,0.7001374964337153,3.088468086939521,,0.017123287671232876,0.017123287671232876,0.0,0.0,0.0,,-0.017123287671232876,-0.017123287671232876,-0.017123287671232876,,0.7591985464096069,0.7591985464096069,0.7270962193787817,0.6671029645276357,0.5376771872780888,,-0.03210232703082527,-0.0920955818819712,-0.22152135913151816,,0.8714261054992676,0.8714261054992676,0.3751673324998603,0.004254660799156798,0.40332496317269073,,-0.4962587729994073,-0.8671714447001108,-0.46810114232657685,
fileid_528909__p004000,4,1.3891600812129985,1.3891600812129985,1.139229178396868,1.0979826890714457,1.3574698774258431,,-0.2499309028161305,-0.2911773921415528,-0.03169020378715537,,2.7332119941711426,2.7332119941711426,2.506017919046333,2.456054449081421,2.7784571173679398,,-0.22719407512480938,-0.2771575450897217,0.04524512319679719,,1.350345253944397,1.350345253944397,1.3166314708181175,1.2619926929473877,1.2865364316955628,,-0.033713783126279484,-0.08835256099700928,-0.06380882224883422,,2.439226675033569,2.439226675033569,1.9944406989109085,1.94289536418685,1.946901224703195,,-0.4447859761226607,-0.4963313108467191,-0.4923254503303742,,2.0197125037511188,2.0197125037511188,2.905926442050551,1.375575335820516,2.1167192651564815,,0.8862139382994321,-0.6441371679306027,0.09700676140536268,,1.3590718507766724,1.3590718507766724,1.3749671406056507,1.224821959633425,1.5732554288274314,,0.015895289828978365,-0.13424989114324726,0.21418357805075905,,1.3786005973815918,1.3786005973815918,1.5383496894893876,1.6024749279022217,1.5456904941294567,,0.15974909210779575,0.22387433052062988,0.1670898967478649,,2.440483570098877,2.440483570098877,3.667062759399414,2.706125951675047,3.871898666443116,,1.226579189300537,0.26564238157616993,1.4314150963442391,,-0.2952486574649811,-0.2952486574649811,1.0087677302609483,0.874367442475744,1.7227483889664035,,1.3040163877259294,1.169616099940725,2.0179970464313843,,-0.18338746983359416,-0.18338746983359416,3.4168524830737987,4.873959255461502,-0.7119967239552988,,3.6002399529073927,5.057346725295096,-0.5286092541217047,,0.0,0.0,0.0,0.0,0.0,,0.0,0.0,0.0,,0.8743554949760437,0.8743554949760437,0.7270962193787817,0.7907151579856873,0.7650708082210587,,-0.14725927559726204,-0.08364033699035645,-0.10928468675498504,,0.8034563064575195,0.8034563064575195,0.6857106309817976,0.6533812880516052,0.7622562882864343,,-0.1177456754757219,-0.1500750184059143,-0.041200018171085206,
fileid_532427__p004000,4,1.6115962492187774,1.6115962492187774,1.558457046195089,1.1119407456883643,1.4728107445863547,,-0.05313920302368835,-0.4996555035304131,-0.13878550463242267,,2.039665937423706,2.039665937423706,2.3243172728871726,2.1469647884368896,2.068034907421434,,0.28465133546346655,0.1072988510131836,0.028368969997727866,,1.679596185684204,1.679596185684204,1.332007497189993,1.3420000076293945,1.3144711720416824,,-0.3475886884942112,-0.33759617805480957,-0.3651250136425217,,1.6174355030059815,1.6174355030059815,1.7044373755474167,1.3112319469451905,0.8459356904029847,,0.08700187254143521,-0.30620355606079097,-0.7714998126029968,,1.4735652605692546,1.4735652605692546,2.4114468622399143,1.133904186884562,1.2151785576678662,,0.9378816016706597,-0.33966107368469256,-0.25838670290138843,,1.1090437173843384,1.1090437173843384,-0.08873795717954636,0.9165201783180237,0.6965742455907615,,-1.1977816745638847,-0.1925235390663147,-0.41246947179357685,,1.3053240776062012,1.3053240776062012,1.0615486574460224,1.2911411667444619,1.2959144948476768,,-0.24377542016017872,-0.014182910861739284,-0.009409582758524326,,2.8328816890716553,2.8328816890716553,2.438328418386988,2.706125951675047,2.8586623295243965,,-0.3945532706846673,-0.1267557373966084,0.0257806404527412,,-2.1381754875183105,-2.1381754875183105,1.0087677302609483,-1.504611179053067,-0.7779027805270919,,3.146943217779259,0.6335643084652436,1.3602727069912186,,-1.97015906310299,-1.97015906310299,-1.3990684971750462,-1.7193581228635133,-0.7119967239552988,,0.5710905659279437,0.25080094023947663,1.2581623391476913,,0.5434782608695652,0.5434782608695652,0.0,0.0,0.0,,-0.5434782608695652,-0.5434782608695652,-0.5434782608695652,,0.6163802742958069,0.6163802742958069,0.5647206000056133,0.5593047738075256,0.5376771872780888,,-0.05165967429019358,-0.05707550048828125,-0.07870308701771811,,0.25373321771621704,0.25373321771621704,0.3751673324998603,0.37378006706754846,0.21585752764140745,,0.12143411478364324,0.12004684935133142,-0.03787569007480959,
fileid_549708__p004000,4,1.0833423849900403,1.0833423849900403,1.139229178396868,1.0658554550657893,1.3574698774258431,,0.05588679340682767,-0.01748692992425105,0.2741274924358028,,2.296647310256958,2.296647310256958,2.3243172728871726,2.456054449081421,2.068034907421434,,0.027669962630214595,0.1594071388244629,-0.2286124028355241,,1.6669315099716187,1.6669315099716187,1.3166314708181175,1.3642550520150059,1.3144711720416824,,-0.35030003915350116,-0.3026764579566128,-0.35246033792993625,,1.481260395050049,1.481260395050049,1.7044373755474167,1.4510715007781982,1.7205357574554812,,0.22317698049736778,-0.030188894271850675,0.23927536240543223,,1.8205495516459147,1.8205495516459147,2.4114468622399143,1.133904186884562,1.3676214585821314,,0.5908973105939996,-0.6866453647613526,-0.45292809306378334,,0.8941184878349304,0.8941184878349304,0.7466672486569508,0.9165201783180237,0.6965742455907615,,-0.14745123917797964,0.02240169048309326,-0.1975442422441689,,1.3886029720306396,1.3886029720306396,1.0615486574460224,1.2911411667444619,1.2959144948476768,,-0.3270543145846172,-0.09746180528617776,-0.0926884771829628,,2.92797589302063,2.92797589302063,2.438328418386988,2.706125951675047,3.1656128354819426,,-0.4896474746336419,-0.221849941345583,0.23763694246131273,,-0.8125245571136475,-0.8125245571136475,1.0087677302609483,0.874367442475744,1.7227483889664035,,1.8212922873745958,1.6868919995893914,2.5352729460800507,,-0.7731301096782833,-0.7731301096782833,-5.18663387744421,0.5462464810562774,-0.7119967239552988,,-4.413503767765927,1.3193765907345607,0.061133385722984546,,0.0,0.0,0.0,0.0,0.0,,0.0,0.0,0.0,,0.6636106967926025,0.6636106967926025,0.7270962193787817,0.6671029645276357,0.6600044022602249,,0.06348552258617912,0.0034922677350331943,-0.0036062945323775963,,0.5766098499298096,0.5766098499298096,0.3751673324998603,0.37378006706754846,0.46247691813721714,,-0.20144251742994929,-0.2028297828622611,-0.11413293179259243,
fileid_571087__p004000,4,2.512376218191459,2.512376218191459,2.032684310048387,2.1801044883189347,2.193507519408306,,-0.4796919081430717,-0.3322717298725242,-0.3188686987831528,,3.409864664077759,3.409864664077759,2.7378425569419402,2.730695267757737,2.839452436171382,,-0.6720221071358186,-0.6791693963200216,-0.5704122279063766,,2.1285483837127686,2.1285483837127686,1.5313415972583266,1.544687037008354,2.1640160203458807,,-0.5972067864544419,-0.5838613467044145,0.03546763663311214,,2.593095064163208,2.593095064163208,2.402447387779573,2.486354217759098,2.7595813303108674,,-0.1906476763836351,-0.10674084640411019,0.16648626614765938,,3.629856983820597,3.629856983820597,2.905926442050551,1.6903308788935343,2.5688801321159884,,-0.7239305417700463,-1.939526104927063,-1.0609768517046088,,2.330479383468628,2.330479383468628,2.1353724663516127,1.9918286039168582,2.355838153256949,,-0.19510691711701522,-0.3386507795517697,0.025358769788320856,,1.9029600620269775,1.9029600620269775,2.145947439124785,2.009313520178737,1.910053672081974,,0.2429873770978075,0.10635345815175956,0.007093610054996535,,4.209768772125244,4.209768772125244,3.764311608061733,3.8848892349794686,3.871898666443116,,-0.445457164063511,-0.32487953714577555,-0.33787010568212805,,12.909866333007812,12.909866333007812,11.135773340861004,10.081348419189453,13.059100162552063,,-1.7740929921468087,-2.8285179138183594,0.1492338295442508,,12.950487991144847,12.950487991144847,11.803491221074792,4.873959255461502,11.525480238086931,,-1.1469967700700554,-8.076528735683345,-1.4250077530579155,,0.0,0.0,0.0,0.0,0.0,,0.0,0.0,0.0,,0.8568639755249023,0.8568639755249023,0.8755262415093111,0.8288424273571336,0.8436023365541634,,0.018662265984408788,-0.028021548167768695,-0.013261638970738954,,0.9343650937080383,0.9343650937080383,0.8555067700615696,0.85493,0.9031822060131303,,-0.07885832364646872,-0.07943509370803836,-0.031182887694908068,
fileid_571738__p004000,4,,,1.7918044343266315,1.8448062977302477,1.8254229189052373,,,,,,,,2.561226400984339,2.730695267757737,2.5492957327739303,,,,,,,,1.5313415972583266,1.3642550520150059,1.4537379677037159,,,,,,,,2.1746742607599283,2.1282028916370437,2.2371546574864523,,,,,,,,2.905926442050551,2.3831069636057656,2.1167192651564815,,,,,,,,1.6865811908101462,1.6024618608405792,1.5732554288274314,,,,,,,,2.145947439124785,2.009313520178737,1.910053672081974,,,,,,,,3.764311608061733,3.712425708770752,3.1656128354819426,,,,,,,,7.377807820178419,9.056218564749727,6.189001071883972,,,,,,,,6.834070367619018,4.873959255461502,5.959766511590203,,,,,,,,0.0,0.0,0.0,,,,,,,,0.8755262415093111,0.8288424273571336,0.8606668361219536,,,,,,,,0.8555067700615696,0.85493,0.6846697782895651,,,,,
fileid_601553__p004000,4,1.1218755001038296,1.1218755001038296,1.139229178396868,1.0979826890714457,1.3574698774258431,,0.017353678293038355,-0.023892811032383943,0.2355943773220135,,2.3663854598999023,2.3663854598999023,2.3243172728871726,2.456054449081421,2.3143744846903176,,-0.04206818701272974,0.08966898918151855,-0.05201097520958475,,1.3602110147476196,1.3602110147476196,1.3166314708181175,1.2770386934280396,1.2279622549991531,,-0.04357954392950214,-0.08317232131958008,-0.1322487597484665,,2.2110477924346923,2.2110477924346923,1.7044373755474167,1.6813594341278075,1.7205357574554812,,-0.5066104168872756,-0.5296883583068848,-0.49051203497921114,,1.6823810815811158,1.6823810815811158,2.905926442050551,1.375575335820516,1.8521804563012945,,1.223545360469435,-0.3068057457605997,0.1697993747201787,,1.0966047048568726,1.0966047048568726,1.0790071473064193,1.1118789911270142,0.6965742455907615,,-0.017597557550453224,0.015274286270141602,-0.400030459266111,,1.277266025543213,1.277266025543213,1.779678765549717,1.8004772663116455,1.5456904941294567,,0.5024127400065042,0.5232112407684326,0.2684244685862438,,3.7421162128448486,3.7421162128448486,2.8447554614170487,2.706125951675047,3.1656128354819426,,-0.8973607514277999,-1.0359902611698018,-0.576503377362906,,-7.288255214691162,-7.288255214691162,1.0087677302609483,-2.807447910308838,-5.496098905203333,,8.297022944952111,4.480807304382324,1.7921563094878294,,-7.167003878666497,-7.167003878666497,-5.18663387744421,0.5462464810562774,-2.239942036379712,,1.980370001222287,7.713250359722775,4.927061842286785,,0.0,0.0,0.0,0.0,0.0,,0.0,0.0,0.0,,0.6136812567710876,0.6136812567710876,0.7270962193787817,0.7375310034636992,0.5376771872780888,,0.11341496260769401,0.1238497466926115,-0.07600406949299887,,0.3853715658187866,0.3853715658187866,0.3751673324998603,0.37378006706754846,0.40332496317269073,,-0.010204233318926337,-0.01159149875123816,0.01795339735390411,
fileid_60736__p004000,4,1.1641548989721753,1.1641548989721753,1.0822054432072095,1.0658554550657893,1.0723790661630388,,-0.08194945576496582,-0.09829944390638601,-0.09177583280913648,,2.1034369468688965,2.1034369468688965,2.3243172728871726,2.284761428833008,2.068034907421434,,0.22088032601827612,0.18132448196411133,-0.03540203944746256,,1.3502962589263916,1.3502962589263916,1.4064674664692707,1.3420000076293945,1.3144711720416824,,0.056171207542879076,-0.00829625129699707,-0.0358250868847092,,1.7562806129455566,1.7562806129455566,1.7044373755474167,1.4510715007781982,0.8459356904029847,,-0.051843237398139896,-0.30520911216735835,-0.9103449225425719,,1.3065723419189452,1.3065723419189452,2.4114468622399143,1.375575335820516,1.3676214585821314,,1.1048745203209691,0.06900299390157083,0.06104911666318613,,0.742527186870575,0.742527186870575,-0.08873795717954636,0.7517120838165283,0.6965742455907615,,-0.8312651440501213,0.00918489694595337,-0.04595294127981342,,1.3327407836914062,1.3327407836914062,1.0615486574460224,1.4902901132422757,1.2959144948476768,,-0.2711921262453838,0.15754932955086942,-0.036826288843729404,,3.015862464904785,3.015862464904785,2.309382260563862,2.706125951675047,2.8586623295243965,,-0.7064802043409233,-0.3097365132297383,-0.15720013538038868,,-0.857950747013092,-0.857950747013092,-5.49119660940515,-77.03638458251953,-2.2354083147393653,,-4.633245862392058,-76.17843383550644,-1.3774575677262733,,-0.7370466675357191,-0.7370466675357191,-5.18663387744421,-9.015849860227167,-2.239942036379712,,-4.449587209908491,-8.278803192691448,-1.5028953688439928,,0.0,0.0,0.0,0.0,0.0,,0.0,0.0,0.0,,0.6598962545394897,0.6598962545394897,0.5647206000056133,0.4796525239944458,0.5376771872780888,,-0.09517565453387644,-0.18024373054504395,-0.12221906726140097,,0.4671688675880432,0.4671688675880432,0.12794155558668466,0.048750489950180054,0.21585752764140745,,-0.3392273120013586,-0.41841837763786316,-0.2513113399466358,
fileid_661212__p004000,4,,,1.4514493439745877,1.6061153759472475,1.6553081517645492,,,,,,,,2.561226400984339,2.456054449081421,2.7784571173679398,,,,,,,,1.3025178148085812,1.2427181005477905,1.2701144151419521,,,,,,,,2.1746742607599283,2.1282028916370437,1.946901224703195,,,,,,,,2.905926442050551,1.3103768054740017,1.8521804563012945,,,,,,,,1.6865811908101462,1.224821959633425,1.5732554288274314,,,,,,,,1.779678765549717,1.5445537567138672,1.5456904941294567,,,,,,,,3.667062759399414,2.706125951675047,3.1656128354819426,,,,,,,,9.675816769580765,9.056218564749727,4.930917533047227,,,,,,,,6.834070367619018,4.873959255461502,5.959766511590203,,,,,,,,0.0,0.0,0.0,,,,,,,,0.8755262415093111,0.819348156452179,0.8606668361219536,,,,,,,,0.6857106309817976,0.85493,0.6846697782895651,,,,,
fileid_717410__p004000,4,2.418300232696159,2.418300232696159,1.139229178396868,1.1119407456883643,1.9495668063148022,,-1.2790710542992911,-1.3063594870077948,-0.46873342638135695,,2.6119370460510254,2.6119370460510254,2.3243172728871726,2.456054449081421,2.5492957327739303,,-0.2876197731638528,-0.1558825969696045,-0.0626413132770951,,1.237825870513916,1.237825870513916,1.2462396621704102,1.2598223686218262,1.2279622549991531,,0.00841379165649414,0.021996498107910156,-0.009863615514762891,,2.0872854709625246,2.0872854709625246,1.7044373755474167,1.6813594341278075,2.0609634577509865,,-0.3828480954151079,-0.40592603683471706,-0.026322013211538042,,1.329679751396179,1.329679751396179,2.4114468622399143,1.3389814058939615,1.3676214585821314,,1.0817671108437352,0.009301654497782419,0.037941707185952245,,1.459665298461914,1.459665298461914,1.0790071473064193,1.1118789911270142,1.5732554288274314,,-0.38065815115549473,-0.3477863073348999,0.11359013036551735,,1.55763840675354,1.55763840675354,1.0615486574460224,1.5544850826263428,1.5456904941294567,,-0.4960897493075176,-0.0031533241271972656,-0.011947912624083346,,3.5510671138763428,3.5510671138763428,3.0703602038234115,2.706125951675047,2.1205695091959944,,-0.4807069100529313,-0.8449411622012959,-1.4304976046803484,,-3.5191166400909424,-3.5191166400909424,-11.666141655550424,-2.2309733959565676,-7.212351354729219,,-8.147025015459482,1.2881432441343748,-3.693234714638277,,-1.7392282759799698,-1.7392282759799698,-5.18663387744421,3.518085701045906,-2.239942036379712,,-3.4474056014642405,5.257313977025875,-0.500713760399742,,0.010416666666666666,0.010416666666666666,0.0,0.0,0.0,,-0.010416666666666666,-0.010416666666666666,-0.010416666666666666,,0.6953115463256836,0.6953115463256836,0.7270962193787817,0.6671029645276357,0.5376771872780888,,0.03178467305309807,-0.02820858179804786,-0.15763435904759482,,0.5668582916259766,0.5668582916259766,0.12794155558668466,0.048750489950180054,0.0015187087940074498,,-0.43891673603929193,-0.5181078016757965,-0.5653395828319692,
fileid_717534__p004000,4,2.245952597994932,2.245952597994932,2.0779759009156797,1.6061153759472475,1.9495668063148022,,-0.16797669707925245,-0.6398372220476847,-0.29638579168013,,2.4834299087524414,2.4834299087524414,2.506017919046333,2.456054449081421,2.711210408842707,,0.02258801029389179,-0.027375459671020508,0.22778050009026574,,1.2741622924804688,1.2741622924804688,1.332007497189993,1.2770386934280396,1.2865364316955628,,0.057845204709524145,0.0028764009475708008,0.012374139215094004,,2.1127967834472656,2.1127967834472656,2.1190476813948296,2.0340861665197165,1.946901224703195,,0.006250897947563949,-0.0787106169275491,-0.1658955587440707,,1.8202253659566243,1.8202253659566243,2.4114468622399143,1.7995043436686198,1.733218263047766,,0.59122149628329,-0.020721022288004542,-0.08700710290885838,,1.862650752067566,1.862650752067566,1.6865811908101462,1.224821959633425,1.5732554288274314,,-0.17606956125741968,-0.6378287924341408,-0.2893953232401345,,1.871608018875122,1.871608018875122,1.5383496894893876,1.6024749279022217,1.756829579671224,,-0.3332583293857345,-0.2691330909729004,-0.11477843920389796,,3.682798385620117,3.682798385620117,3.667062759399414,2.94353985786438,3.5737028107585678,,-0.015735626220703125,-0.7392585277557373,-0.10909557486154942,,13.23574161529541,13.23574161529541,14.268370904118175,10.081348419189453,13.059100162552063,,1.0326292888227648,-3.154393196105957,-0.17664145274334686,,13.268337034642652,13.268337034642652,11.255276044827134,13.630811448798719,11.525480238086931,,-2.013060989815518,0.3624744141560665,-1.7428567965557207,,0.0,0.0,0.0,0.0,0.0,,0.0,0.0,0.0,,0.8292437791824341,0.8292437791824341,0.8436501145841606,0.8288424273571336,0.7942898524812905,,0.014406335401726533,-0.00040135182530043334,-0.03495392670114361,,0.5632017254829407,0.5632017254829407,0.6857106309817976,0.5963924958045225,0.40332496317269073,,0.12250890549885696,0.0331907703215818,-0.15987676231024994,
fileid_730312__p004000,4,1.1046280802171418,1.1046280802171418,1.139229178396868,1.0979826890714457,1.3574698774258431,,0.03460109817972623,-0.006645391145696067,0.25284179720870137,,2.7418155670166016,2.7418155670166016,2.506017919046333,2.456054449081421,2.7784571173679398,,-0.23579764797026836,-0.28576111793518066,0.036641550351338203,,1.2783271074295044,1.2783271074295044,1.2825378481164036,1.2770386934280396,1.2423320369548108,,0.004210740686899195,-0.0012884140014648438,-0.035995070474693636,,2.39648642539978,2.39648642539978,2.1746742607599283,2.1282028916370437,2.2371546574864523,,-0.22181216463985187,-0.2682835337627365,-0.15933176791332793,,2.390104055404663,2.390104055404663,2.6023343245188397,1.6903308788935343,1.733218263047766,,0.21223026911417664,-0.6997731765111288,-0.6568857923568971,,1.5481680631637573,1.5481680631637573,1.6865811908101462,1.6024618608405792,1.5732554288274314,,0.1384131276463889,0.05429379767682185,0.02508736566367409,,1.5480791330337524,1.5480791330337524,1.6228793694312313,2.009313520178737,1.910053672081974,,0.0748002363974789,0.46123438714498466,0.36197453904822163,,2.9707720279693604,2.9707720279693604,3.667062759399414,2.706125951675047,3.5737028107585678,,0.6962907314300537,-0.26464607629431347,0.6029307827892074,,7.375226020812988,7.375226020812988,7.377807820178419,5.465547561645508,9.527900446849657,,0.0025817993654309035,-1.9096784591674805,2.1526744260366684,,7.439689966126042,7.439689966126042,6.834070367619018,4.873959255461502,5.959766511590203,,-0.6056195985070234,-2.56573071066454,-1.4799234545358386,,0.03278688524590164,0.03278688524590164,0.0,0.0,0.0,,-0.03278688524590164,-0.03278688524590164,-0.03278688524590164,,0.7853192090988159,0.7853192090988159,0.8436501145841606,0.8431961536407471,0.8244241985930018,,0.0583309054853447,0.05787694454193115,0.03910498949418584,,0.516437292098999,0.516437292098999,0.6857106309817976,0.85493,0.6846697782895651,,0.1692733388827986,0.33849270790100094,0.16823248619056608,
fileid_767807__p004000,4,1.852207143136625,1.852207143136625,1.4514493439745877,1.6061153759472475,1.3574698774258431,,-0.40075779916203724,-0.24609176718937742,-0.4947372657107818,,2.7680249214172363,2.7680249214172363,2.7378425569419402,2.456054449081421,2.7784571173679398,,-0.030182364475296097,-0.31197047233581543,0.010432195950703438,,1.2432376146316528,1.2432376146316528,1.2825378481164036,1.2598223686218262,1.2865364316955628,,0.03930023348475076,0.01658475399017334,0.04329881706390992,,2.3214048862457277,2.3214048862457277,2.0239157291780034,2.1282028916370437,2.0609634577509865,,-0.2974891570677243,-0.19320199460868404,-0.26044142849474117,,2.237368631362915,2.237368631362915,2.6023343245188397,1.6903308788935343,2.1167192651564815,,0.36496569315592486,-0.5470377524693806,-0.1206493662064334,,1.3401843309402466,1.3401843309402466,1.6865811908101462,1.6024618608405792,1.5732554288274314,,0.34639685986989965,0.2622775299003326,0.23307109788718483,,1.9989033937454224,1.9989033937454224,2.145947439124785,2.009313520178737,2.4537845845203323,,0.14704404537936266,0.010410126433314737,0.45488119077490996,,3.4455983638763428,3.4455983638763428,3.667062759399414,3.1096510887145996,3.5737028107585678,,0.2214643955230713,-0.33594727516174316,0.128104446882225,,7.0123186111450195,7.0123186111450195,3.53799064954122,1.9207297563552856,1.7227483889664035,,-3.4743279616037994,-5.091588854789734,-5.289570222178616,,7.279026223656716,7.279026223656716,3.698935347968489,4.873959255461502,2.585555741427506,,-3.580090875688227,-2.4050669681952144,-4.693470482229211,,0.1,0.1,0.0,0.0,0.0,,-0.1,-0.1,-0.1,,0.8092759251594543,0.8092759251594543,0.7270962193787817,0.7375310034636992,0.7390830727466139,,-0.08217970578067268,-0.07174492169575519,-0.07019285241284046,,0.7514731884002686,0.7514731884002686,0.5200078583146673,0.6533812880516052,0.6846697782895651,,-0.23146533008560122,-0.09809190034866333,-0.06680341011070345,
fileid_778099__p004000,4,1.8482621685718503,1.8482621685718503,1.139229178396868,1.0979826890714457,1.4728107445863547,,-0.7090329901749823,-0.7502794795004046,-0.3754514239854956,,2.2778358459472656,2.2778358459472656,2.3243172728871726,2.456054449081421,2.3143744846903176,,0.04648142693990698,0.17821860313415527,0.036538638743051965,,1.2810426950454712,1.2810426950454712,1.3166314708181175,1.2265331745147705,1.2423320369548108,,0.0355887757726463,-0.054509520530700684,-0.03871065809066043,,1.941919755935669,1.941919755935669,1.7044373755474167,1.6813594341278075,1.7205357574554812,,-0.2374823803882522,-0.2605603218078614,-0.22138399848018775,,2.930554739634196,2.930554739634196,2.4114468622399143,1.133904186884562,1.3676214585821314,,-0.5191078773942817,-1.796650552749634,-1.5629332810520646,,1.099343180656433,1.099343180656433,1.0790071473064193,0.9165201783180237,0.6965742455907615,,-0.02033603335001377,-0.18282300233840942,-0.4027689350656716,,1.6129515171051025,1.6129515171051025,1.0615486574460224,1.2911411667444619,0.7115598917007446,,-0.5514028596590801,-0.32181035036064065,-0.9013916254043579,,3.1911470890045166,3.1911470890045166,2.438328418386988,2.706125951675047,3.1656128354819426,,-0.7528186706175286,-0.4850211373294697,-0.02553425352257399,,-1.0904289484024048,-1.0904289484024048,1.0087677302609483,0.4899796441376929,-2.2354083147393653,,2.099196678663353,1.5804085925400977,-1.1449793663369605,,-1.0462955376635432,-1.0462955376635432,-5.18663387744421,-0.6139877356372565,-0.7119967239552988,,-4.1403383397806675,0.4323078020262867,0.33429881370824444,,0.14130434782608695,0.14130434782608695,0.0,0.0,0.0,,-0.14130434782608695,-0.14130434782608695,-0.14130434782608695,,0.6806662678718567,0.6806662678718567,0.7270962193787817,0.6671029645276357,0.6600044022602249,,0.04642995150692497,-0.013563303344220956,-0.020661865611631747,,0.586017906665802,0.586017906665802,0.3751673324998603,0.37378006706754846,0.40332496317269073,,-0.21085057416594172,-0.21223783959825354,-0.18269294349311127,
fileid_796495__p004000,4,1.6763109245455923,1.6763109245455923,1.139229178396868,1.0979826890714457,1.3574698774258431,,-0.5370817461487243,-0.5783282354741466,-0.31884104711974914,,2.6287217140197754,2.6287217140197754,2.3243172728871726,2.4974502138344636,2.5492957327739303,,-0.3044044411326028,-0.13127150018531175,-0.0794259812458451,,1.30419921875,1.30419921875,1.2833385366991341,1.2598223686218262,1.2423320369548108,,-0.020860682050865886,-0.04437685012817383,-0.06186718179518924,,2.219864845275879,2.219864845275879,1.7044373755474167,1.6813594341278075,1.7205357574554812,,-0.5154274697284622,-0.5385054111480714,-0.49932908782039775,,3.4893624146779376,3.4893624146779376,2.4114468622399143,1.375575335820516,1.3676214585821314,,-1.0779155524380233,-2.1137870788574213,-2.121740956095806,,2.110966444015503,2.110966444015503,1.0790071473064193,1.224821959633425,1.5732554288274314,,-1.0319592967090836,-0.8861444843820778,-0.5377110151880715,,1.8307781219482422,1.8307781219482422,1.0615486574460224,1.2911411667444619,1.5456904941294567,,-0.7692294645022197,-0.5396369552037803,-0.2850876278187855,,3.887672185897827,3.887672185897827,3.0703602038234115,2.706125951675047,2.600325950657029,,-0.8173119820744157,-1.1815462342227803,-1.2873462352407983,,4.460902690887451,4.460902690887451,5.048855207052576,1.9207297563552856,4.930917533047227,,0.5879525161651245,-2.5401729345321655,0.4700148421597756,,4.537227037225517,4.537227037225517,3.698935347968489,3.096153933050343,5.959766511590203,,-0.8382916892570274,-1.4410731041751736,1.4225394743646866,,0.0,0.0,0.0,0.0,0.0,,0.0,0.0,0.0,,0.7628560662269592,0.7628560662269592,0.7270962193787817,0.7510534524917603,0.7390830727466139,,-0.03575984684817757,-0.011802613735198975,-0.02377299348034534,,0.5720839500427246,0.5720839500427246,0.3751673324998603,0.37378006706754846,0.40332496317269073,,-0.19691661754286433,-0.19830388297517615,-0.16875898687003388,
fileid_797289__p004000,4,1.8129209754134201,1.8129209754134201,1.4514493439745877,1.7017061366343533,1.8254229189052373,,-0.36147163143883243,-0.1112148387790668,0.012501943491817213,,2.8793997764587402,2.8793997764587402,2.561226400984339,2.730695267757737,2.7784571173679398,,-0.31817337547440117,-0.14870450870100305,-0.10094265909080047,,1.4083592891693115,1.4083592891693115,1.332007497189993,1.3642550520150059,1.7314075930530288,,-0.07635179197931863,-0.04410423715430567,0.3230483038837173,,2.679707717895508,2.679707717895508,2.1746742607599283,2.486354217759098,2.2371546574864523,,-0.5050334571355797,-0.19335350013641017,-0.44255306040905573,,2.155545457204183,2.155545457204183,2.905926442050551,2.3831069636057656,2.1302050613495243,,0.7503809848463678,0.22756150640158257,-0.025340395854658748,,1.64940345287323,1.64940345287323,1.3749671406056507,1.6024618608405792,1.5732554288274314,,-0.27443631226757925,-0.0469415920326508,-0.07614802404579857,,1.8637629747390747,1.8637629747390747,1.6228793694312313,1.5445537567138672,1.5456904941294567,,-0.24088360530784336,-0.3192092180252075,-0.318072480609618,,3.149057149887085,3.149057149887085,2.8447554614170487,3.712425708770752,3.1656128354819426,,-0.30430168847003625,0.563368558883667,0.01655568559485765,,5.786489963531494,5.786489963531494,7.377807820178419,5.465547561645508,4.930917533047227,,1.591317856646925,-0.32094240188598633,-0.8555724304842673,,6.105745281189484,6.105745281189484,5.738191310129316,4.873959255461502,5.959766511590203,,-0.3675539710601683,-1.231786025727982,-0.1459787695992807,,0.0,0.0,0.0,0.0,0.0,,0.0,0.0,0.0,,0.9145199060440063,0.9145199060440063,0.8755262415093111,0.8475896590445415,0.9168841319390569,,-0.038993664534695216,-0.06693024699946482,0.0023642258950505868,,0.8534493446350098,0.8534493446350098,0.8555067700615696,0.85493,0.6846697782895651,,0.0020574254265598446,0.0014806553649902021,-0.16877956634544466,
fileid_806703__p004000,4,1.771238647305787,1.771238647305787,1.558457046195089,1.7017061366343533,1.8254229189052373,,-0.212781601110698,-0.06953251067143373,0.05418427159945027,,2.686206340789795,2.686206340789795,2.506017919046333,2.456054449081421,2.3350296020507812,,-0.18018842174346172,-0.23015189170837402,-0.35117673873901367,,1.2525877952575684,1.2525877952575684,1.2462396621704102,1.2427181005477905,1.2865364316955628,,-0.006348133087158203,-0.009869694709777832,0.033948636437994395,,3.036758804321289,3.036758804321289,2.219071175870168,2.1282028916370437,2.0609634577509865,,-0.8176876284511212,-0.9085559126842453,-0.9757953465703024,,2.1585904677708943,2.1585904677708943,2.4114468622399143,1.375575335820516,1.733218263047766,,0.2528563944690201,-0.7830151319503782,-0.4253722047231283,,0.9512929320335388,0.9512929320335388,1.0790071473064193,1.224821959633425,0.9307751843488838,,0.12771421527288052,0.2735290275998863,-0.020517747684654974,,1.4718194007873535,1.4718194007873535,1.5383496894893876,1.2911411667444619,1.5456904941294567,,0.06653028870203403,-0.18067823404289163,0.07387109334210318,,2.800147771835327,2.800147771835327,2.8447554614170487,2.706125951675047,3.1656128354819426,,0.044607689581721566,-0.09402182016028027,0.36546506364661546,,16.64920997619629,16.64920997619629,2.259492959363394,1.9207297563552856,1.7227483889664035,,-14.389717016832895,-14.728480219841003,-14.926461587229886,,17.09278193593373,17.09278193593373,3.698935347968489,4.873959255461502,4.140567098095246,,-13.393846587965239,-12.218822680472227,-12.952214837838483,,0.0058823529411764705,0.0058823529411764705,0.0,0.0,0.0,,-0.0058823529411764705,-0.0058823529411764705,-0.0058823529411764705,,0.8588191270828247,0.8588191270828247,0.8030151861259737,0.7907151579856873,0.8436023365541634,,-0.05580394095685104,-0.06810396909713745,-0.015216790528661317,,0.7130538821220398,0.7130538821220398,0.8707418721842478,0.6533812880516052,0.5942318937385896,,0.15768799006220802,-0.05967259407043457,-0.11882198838345015,
fileid_808577__p004000,4,1.0850962381557623,1.0850962381557623,1.139229178396868,1.0979826890714457,1.0723790661630388,,0.05413294024110571,0.012886450915683412,-0.012717171992723486,,2.46822452545166,2.46822452545166,2.3243172728871726,2.456054449081421,2.3143744846903176,,-0.14390725256448755,-0.012170076370239258,-0.15385004076134257,,1.266854166984558,1.266854166984558,1.3166314708181175,1.2598223686218262,1.2423320369548108,,0.04977730383355938,-0.007031798362731934,-0.024522130029747347,,2.032275915145874,2.032275915145874,1.7044373755474167,1.5891469587762672,1.7205357574554812,,-0.3278385395984573,-0.4431289563696068,-0.31174015769039287,,3.953607432047526,3.953607432047526,2.905926442050551,1.3513040467917201,2.5688801321159884,,-1.0476809899969752,-2.602303385255806,-1.3847272999315376,,1.0478050708770752,1.0478050708770752,1.0412972332483315,0.9165201783180237,0.6965742455907615,,-0.00650783762874374,-0.1312848925590515,-0.35123082528631366,,1.9670442342758179,1.9670442342758179,1.779678765549717,2.009313520178737,1.910053672081974,,-0.18736546872610083,0.04226928590291923,-0.0569905621938438,,3.3370649814605713,3.3370649814605713,2.309382260563862,2.706125951675047,2.8586623295243965,,-1.0276827208967094,-0.6309390297855244,-0.4784026519361748,,-4.342148780822754,-4.342148780822754,-5.49119660940515,-2.2309733959565676,-5.496098905203333,,-1.149047828582396,2.1111753848661863,-1.1539501243805788,,-4.202649483760475,-4.202649483760475,-5.18663387744421,-4.628272626885518,-6.854500871520705,,-0.9839843936837349,-0.42562314312504235,-2.65185138776023,,0.0,0.0,0.0,0.0,0.0,,0.0,0.0,0.0,,0.6090138554573059,0.6090138554573059,0.5647206000056133,0.6511549949645996,0.5176130523643341,,-0.044293255451692604,0.0421411395072937,-0.09140080309297183,,0.4866374731063843,0.4866374731063843,0.3751673324998603,0.37378006706754846,0.21585752764140745,,-0.11147014060652399,-0.11285740603883582,-0.27077994546497686,
urgent_test-blind_0001_450__p004000,4,3.10501265690732,3.10501265690732,2.954026639966116,3.0109477259358424,3.0587917036867385,,-0.15098601694120406,-0.09406493097147761,-0.04622095322058151,,3.2755393981933594,3.2755393981933594,3.68261251679386,3.2823985800685653,3.444607953948668,,0.40707311860050055,0.006859181875205955,0.16906855575530866,,2.0482735633850098,2.0482735633850098,2.1796877211835013,1.999329298375598,1.7314075930530288,,0.13141415779849153,-0.04894426500941185,-0.31686597033198094,,2.510981225967407,2.510981225967407,2.7030040605958683,2.82315673828125,2.2371546574864523,,0.19202283462846115,0.3121755123138428,-0.2738265684809549,,4.106951268513997,4.106951268513997,3.612587761400215,3.9670161406199136,3.9288912122029376,,-0.4943635071137824,-0.1399351278940837,-0.1780600563110597,,3.682706117630005,3.682706117630005,3.513752831033913,3.003086417554372,2.9315143033682576,,-0.16895328659609188,-0.6796197000756328,-0.7511918142617473,,2.57999587059021,2.57999587059021,3.9595354465116936,3.9860012531280518,3.6059983466044963,,1.3795395759214837,1.4060053825378418,1.0260024760142863,,4.094772815704346,4.094772815704346,4.0373803851116135,3.8848892349794686,3.871898666443116,,-0.057392430592732246,-0.20988358072487712,-0.22287414926122961,,40.62715530395508,40.62715530395508,40.293331146240234,17.370468139648438,38.344276428222656,,-0.33382415771484375,-23.25668716430664,-2.282878875732422,,41.889687288185335,41.889687288185335,42.366300781778975,16.429102280995643,42.22886501482761,,0.47661349359363925,-25.460585007189692,0.3391777266422764,,,,0.0,0.0,0.0,,,,,,,,0.8958807491873163,0.9459272027015686,0.9168841319390569,,,,,,,,0.8555067700615696,0.85493,0.8453808024705174,,,,,
urgent_test-blind_0092_455__p004000,4,3.452977466122216,3.452977466122216,2.9144293797079417,3.0109477259358424,3.0587917036867385,,-0.5385480864142744,-0.44202974018637375,-0.39418576243547765,,3.124077796936035,3.124077796936035,3.155165635917081,3.035421133041382,3.007784935843992,,0.031087838981045834,-0.08865666389465332,-0.11629286109204306,,2.7788968086242676,2.7788968086242676,2.1796877211835013,2.4810056686401367,2.5060901957822126,,-0.5992090874407663,-0.29789113998413086,-0.272806612842055,,2.6686219215393066,2.6686219215393066,2.7695862099827533,2.486354217759098,2.302188400283875,,0.10096428844344674,-0.18226770378020873,-0.3664335212554315,,3.9763306458791097,3.9763306458791097,3.612587761400215,2.3831069636057656,1.733218263047766,,-0.3637428844788948,-1.593223682273344,-2.2431123828313435,,2.6466543674468994,2.6466543674468994,2.875215337937137,3.003086417554372,2.9315143033682576,,0.22856097049023738,0.3564320501074727,0.28485993592135816,,3.406292200088501,3.406292200088501,3.1657044054513954,3.9860012531280518,3.410093944714251,,-0.24058779463710556,0.5797090530395508,0.003801744625750114,,4.066150188446045,4.066150188446045,3.764311608061733,3.8393420770943885,3.928551262162297,,-0.30183858038431177,-0.22680811135165646,-0.13759892628374804,,39.978187561035156,39.978187561035156,42.34355926513672,27.29269027709961,29.855589035524435,,2.3653717041015625,-12.685497283935547,-10.122598525510721,,43.480439644338496,43.480439644338496,44.8520983684421,43.798571638281274,39.81677967661731,,1.3716587241036038,0.318131993942778,-3.6636599677211876,,,,0.0,0.0,0.0,,,,,,0.8833835124969482,0.8833835124969482,0.8755262415093111,0.8288424273571336,0.8606668361219536,,-0.00785727098763711,-0.054541085139814593,-0.022716676374994638,,0.49355587,0.49355587,0.4107864313575637,0.7538637195725038,0.46247691813721714,,-0.0827694386424363,0.26030784957250375,-0.031078951862782866,
urgent_test-blind_0098_447__p004000,4,3.489025646887784,3.489025646887784,3.447478152187994,3.365187941105417,3.4072578127644384,,-0.04154749469979002,-0.12383770578236719,-0.08176783412334565,,3.913747787475586,3.913747787475586,4.092316354613706,3.9014344215393066,4.132681272116052,,0.17856856713811986,-0.012313365936279297,0.21893348464046625,,3.692322015762329,3.692322015762329,3.6123836988426112,3.3736504675394077,3.706664647443228,,-0.07993831691971787,-0.31867154822292143,0.014342631680898776,,3.5654321193695067,3.5654321193695067,3.5763993116746464,3.4658153126038704,3.818478139433037,,0.010967192305139761,-0.09961680676563622,0.2530460200635303,,4.456088066101074,4.456088066101074,4.497222592840233,3.9737770714434273,4.680386371689149,,0.04113452673915852,-0.48231099465764693,0.22429830558807495,,4.7604780197143555,4.7604780197143555,4.890166926096721,5.016104916492144,5.0101095452366105,,0.1296889063823654,0.2556268967777884,0.24963152552225498,,4.48667049407959,4.48667049407959,4.7164740562438965,4.566967964172363,4.607645464709485,,0.22980356216430664,0.08029747009277344,0.12097497062989504,,4.785078525543213,4.785078525543213,4.836176033479622,4.913525581359863,4.830354044236333,,0.05109750793640888,0.1284470558166504,0.04527551869311974,,41.85674285888672,41.85674285888672,42.316993713378906,42.37028503417969,41.73924255371094,,0.4602508544921875,0.5135421752929688,-0.11750030517578125,,43.1078623731245,43.1078623731245,43.791269785517834,44.00420015714539,43.94723624135117,,0.6834074123933362,0.8963377840208935,0.8393738682266729,,,,0.0,0.0,0.0,,,,,,0.9633904695510864,0.9633904695510864,0.9411847373567911,0.9459272027015686,0.9647253785267411,,-0.022205732194295336,-0.017463266849517822,0.0013349089756546917,,0.95281905,0.95281905,0.9228545798355318,0.85493,0.9759322871644813,,-0.029964470164468238,-0.09788905000000003,0.023113237164481326,
urgent_test-blind_0105_511__p004000,4,2.7451776300090747,2.7451776300090747,2.532496624886359,2.5893829857921133,2.7434712627911653,,-0.21268100512271548,-0.15579464421696132,-0.0017063672179093992,,3.5656545162200928,3.5656545162200928,3.2423034058995994,3.2823985800685653,3.3930183816626367,,-0.32335111032049335,-0.28325593615152744,-0.17263613455745608,,1.9423896074295044,1.9423896074295044,1.962057403771274,1.8312695773251075,1.7314075930530288,,0.019667796341769517,-0.11112003010439686,-0.21098201437647557,,2.7268166542053223,2.7268166542053223,2.402447387779573,2.486354217759098,2.2371546574864523,,-0.32436926642574937,-0.24046243644622445,-0.48966199671887,,3.0444907983144125,3.0444907983144125,3.612587761400215,3.9144745031992594,2.9756688731422067,,0.5680969630858024,0.8699837048848469,-0.06882192517220576,,2.337932825088501,2.337932825088501,2.875215337937137,1.9918286039168582,2.9315143033682576,,0.5372825128486358,-0.34610422117164275,0.5935814782797566,,3.634558916091919,3.634558916091919,3.9595354465116936,3.9860012531280518,3.6059983466044963,,0.3249765304197747,0.3514423370361328,-0.028560569487422693,,3.1267101764678955,3.1267101764678955,0.774645984172821,1.9989220722612127,3.1656128354819426,,-2.3520641922950745,-1.1277881042066829,0.0389026590140471,,9.401217460632324,9.401217460632324,23.767339943881975,9.351889610290527,13.059100162552063,,14.36612248324965,-0.049327850341796875,3.657882701919739,,9.891770928038182,9.891770928038182,41.481696746134624,19.959982656587627,8.438103315887535,,31.58992581809644,10.068211728549445,-1.4536676121506478,,,,0.0,0.0,0.0,,,,,,0.8751540184020996,0.8751540184020996,0.8755262415093111,0.819348156452179,0.9032353517042107,,0.0003722231072115223,-0.055805861949920654,0.028081333302111045,,0.6811022,0.6811022,0.7919414926724262,0.85493,0.6846697782895651,,0.1108392926724262,0.17382779999999998,0.00356757828956511,
urgent_test-blind_0105_noisy_source__p004000,4,1.9163753783501354,1.9163753783501354,1.7918044343266315,1.8448062977302477,1.8254229189052373,,-0.12457094402350388,-0.07156908061988765,-0.09095245944489805,,2.734964609146118,2.734964609146118,2.561226400984339,2.730695267757737,2.7784571173679398,,-0.1737382081617791,-0.004269341388380976,0.0434925082218216,,1.2481281757354736,1.2481281757354736,1.2462396621704102,1.2619926929473877,1.2423320369548108,,-0.0018885135650634766,0.013864517211914062,-0.005796138780662874,,2.2755386352539064,2.2755386352539064,2.1746742607599283,2.1282028916370437,1.7205357574554812,,-0.10086437449397812,-0.14733574361686275,-0.5550028777984253,,2.728150161107381,2.728150161107381,2.905926442050551,1.375575335820516,1.4284352658742883,,0.17777628094316977,-1.352574825286865,-1.2997148952330928,,1.007347822189331,1.007347822189331,1.3749671406056507,1.224821959633425,1.5732554288274314,,0.3676193184163197,0.21747413744409405,0.5659076066381004,,1.9721567630767822,1.9721567630767822,1.779678765549717,1.5544850826263428,1.5456904941294567,,-0.19247799752706518,-0.41767168045043945,-0.42646626894732553,,1.788815975189209,1.788815975189209,3.0703602038234115,2.706125951675047,3.1656128354819426,,1.2815442286342025,0.9173099764858379,1.3767968602927336,,12.547149658203125,12.547149658203125,7.377807820178419,5.465547561645508,1.7227483889664035,,-5.169341838024706,-7.081602096557617,-10.824401269236722,,12.58330801101572,12.58330801101572,5.738191310129316,4.873959255461502,5.959766511590203,,-6.845116700886405,-7.709348755554219,-6.623541499425517,,,,0.0,0.0,0.0,,,,,,0.8479591012001038,0.8479591012001038,0.8436501145841606,0.8288424273571336,0.8244241985930018,,-0.0043089866159431445,-0.01911667384297011,-0.023534902607102004,,0.6937813,0.6937813,0.6857106309817976,0.6533812880516052,0.5017545979046649,,-0.008070669018202414,-0.04040001194839482,-0.19202670209533512,
urgent_test-blind_0107_443__p004000,4,2.3692184013289976,2.3692184013289976,2.5217681890362464,2.332197092064295,1.8254229189052373,,0.1525497877072488,-0.037021309264702484,-0.5437954824237603,,3.5988101959228516,3.5988101959228516,3.2423034058995994,3.035421133041382,3.3930183816626367,,-0.35650679002325214,-0.5633890628814697,-0.20579181426021487,,1.3159056901931763,1.3159056901931763,1.332007497189993,1.3807680937181037,1.2423320369548108,,0.016101806996816626,0.06486240352492745,-0.07357365323836551,,2.4921066761016846,2.4921066761016846,2.402447387779573,2.3363089561462402,2.2371546574864523,,-0.08965928832211167,-0.15579771995544434,-0.2549520186152323,,3.699474398295085,3.699474398295085,3.612587761400215,2.3831069636057656,2.9756688731422067,,-0.08688663689486997,-1.3163674346893193,-0.7238055251528781,,2.1392171382904053,2.1392171382904053,2.875215337937137,2.0853068828582764,2.355838153256949,,0.7359981996467315,-0.053910255432128906,0.2166210149665435,,1.9742553234100342,1.9742553234100342,3.18416780305196,3.9860012531280518,3.2534821004752654,,1.2099124796419258,2.0117459297180176,1.2792267770652312,,2.5440549850463867,2.5440549850463867,0.774645984172821,1.9989220722612127,3.871898666443116,,-1.7694090008735657,-0.5451329127851741,1.3278436813967294,,3.584428310394287,3.584428310394287,2.6694834395106053,-17.183237719248577,1.7227483889664035,,-0.9149448708836818,-20.767666029642864,-1.8616799214278836,,3.7593457304433056,3.7593457304433056,-21.461951219307892,-9.015849860227167,8.712423712888931,,-25.2212969497512,-12.775195590670473,4.953077982445626,,,,0.0,0.0,0.0,,,,,,,,0.8436501145841606,0.8168763518333435,0.8661046480558005,,,,,,,,0.7919414926724262,0.85493,0.7812010723756452,,,,,
urgent_test-blind_0107_492__p004000,4,2.1468551970218774,2.1468551970218774,2.33905517046609,2.5104980333264404,1.844199845466127,,0.19219997344421236,0.36364283630456296,-0.3026553515557504,,3.751909017562866,3.751909017562866,3.2423034058995994,3.035421133041382,3.3930183816626367,,-0.5096056116632668,-0.7164878845214844,-0.3588906359002295,,1.3290026187896729,1.3290026187896729,1.332007497189993,1.3807680937181037,1.2423320369548108,,0.0030048784003200435,0.051765474928430866,-0.08667058183486209,,3.038153123855591,3.038153123855591,2.179533685163322,2.1282028916370437,2.2371546574864523,,-0.8586194386922692,-0.9099502322185473,-0.8009984663691387,,4.240140660603841,4.240140660603841,3.612587761400215,2.3831069636057656,3.272867266337077,,-0.6275528992036263,-1.8570336969980756,-0.9672733942667642,,1.6616426706314087,1.6616426706314087,2.875215337937137,2.0853068828582764,2.9315143033682576,,1.213572667305728,0.4236642122268677,1.2698716327368489,,3.103548765182495,3.103548765182495,3.18416780305196,3.9860012531280518,3.6059983466044963,,0.0806190378694649,0.8824524879455566,0.5024495814220011,,2.049862861633301,2.049862861633301,0.774645984172821,1.9989220722612127,3.871898666443116,,-1.2752168774604797,-0.050940789372088124,1.8220358048098153,,13.418169021606445,13.418169021606445,9.484158722751113,-17.183237719248577,13.059100162552063,,-3.9340102988553323,-30.601406740855023,-0.359068859054382,,13.600857477455381,13.600857477455381,11.148725038606292,-9.015849860227167,19.233737300671013,,-2.4521324388490893,-22.61670733768255,5.632879823215632,,,,0.0,0.0,0.0,,,,,,,,0.8436501145841606,0.8168763518333435,0.843022027887015,,,,,,,,0.7203324336603464,0.85493,0.7812010723756452,,,,,
urgent_test-blind_0127_420__p004000,4,3.21364275280194,3.21364275280194,3.187178875049633,3.0109477259358424,3.0587917036867385,,-0.026463877752306963,-0.20269502686609764,-0.15485104911520153,,2.870783567428589,2.870783567428589,3.3993454036942445,3.2239513397216797,3.444607953948668,,0.5285618362656557,0.3531677722930908,0.5738243865200792,,2.823162317276001,2.823162317276001,2.528921655861728,2.5317776203155518,2.1640160203458807,,-0.29424066141427296,-0.2913846969604492,-0.6591462969301203,,2.9368284225463865,2.9368284225463865,2.7695862099827533,2.82315673828125,2.213018479117428,,-0.16724221256363325,-0.11367168426513663,-0.7238099434289587,,3.541312249501546,3.541312249501546,3.612587761400215,3.9144745031992594,3.272867266337077,,0.07127551189866876,0.3731622536977133,-0.2684449831644691,,2.6496379375457764,2.6496379375457764,2.875215337937137,3.003086417554372,2.9315143033682576,,0.22557740039136043,0.35344848000859574,0.2818763658224812,,2.5438458919525146,2.5438458919525146,4.20379814756922,3.9426928629358127,4.25769880785042,,1.6599522556167052,1.398846970983298,1.7138529158979052,,2.6996824741363525,2.6996824741363525,3.764311608061733,1.9989220722612127,4.175081613073387,,1.0646291339253806,-0.7007604018751399,1.4753991389370347,,42.98355484008789,42.98355484008789,42.316993713378906,42.84180450439453,43.04574966430664,,-0.6665611267089844,-0.14175033569335938,0.06219482421875,,44.80689451496957,44.80689451496957,44.8520983684421,44.54370893408654,43.82666147389919,,0.045203853472528976,-0.26318558088303234,-0.9802330410703775,,,,0.0,0.0,0.0,,,,,,0.8473860025405884,0.8473860025405884,0.8811494966587389,0.8984962206288992,0.843022027887015,,0.033763494118150494,0.051110218088310844,-0.00436397465357341,,0.35940242,0.35940242,0.7203324336603464,0.6533812880516052,0.6846697782895651,,0.3609300136603464,0.2939788680516052,0.3252673582895651,
urgent_test-blind_0127_436__p004000,4,3.118267903026979,3.118267903026979,2.9144293797079417,3.01342121012333,2.83306162707482,,-0.20383852331903718,-0.1048466929036489,-0.28520627595215897,,2.888216972351074,2.888216972351074,3.2423034058995994,3.035421133041382,3.2127089304138856,,0.3540864335485252,0.14720416069030762,0.3244919580628114,,2.64492130279541,2.64492130279541,2.1796877211835013,1.9622897153877352,2.5060901957822126,,-0.46523358161190886,-0.6826315874076749,-0.13883110701319756,,2.9302031993865967,2.9302031993865967,2.7695862099827533,2.486354217759098,2.2371546574864523,,-0.1606169894038434,-0.44384898162749886,-0.6930485419001444,,3.302490965525309,3.302490965525309,3.612587761400215,3.021787961324056,3.9040776577021385,,0.3100967958749057,-0.28070300420125305,0.6015866921768294,,3.5692031383514404,3.5692031383514404,2.875215337937137,3.003086417554372,2.9315143033682576,,-0.6939878004143036,-0.5661167207970683,-0.6376888349831829,,4.181960582733154,4.181960582733154,3.7479782233755277,3.795878034040152,4.25769880785042,,-0.43398235935762663,-0.3860825486930022,0.07573822511726558,,4.171104907989502,4.171104907989502,1.5425501846405396,1.9989220722612127,4.04098235555442,,-2.6285547233489623,-2.1721828357282895,-0.13012255243508175,,36.885780334472656,36.885780334472656,43.23786163330078,32.926849365234375,27.65912628173828,,6.352081298828125,-3.9589309692382812,-9.226654052734375,,39.704739673743155,39.704739673743155,44.8520983684421,44.76826328911652,43.82666147389919,,5.147358694698944,5.063523615373363,4.121921800156038,,,,0.0,0.0,0.0,,,,,,0.818841278553009,0.818841278553009,0.8339530495275934,0.8288424273571336,0.843022027887015,,0.015111770974584382,0.010001148804124615,0.024180749334005935,,0.33379662,0.33379662,0.3552078536475997,0.7538637195725038,0.46247691813721714,,0.021411233647599726,0.42006709957250377,0.12868029813721715,
urgent_test-blind_0127_446__p004000,4,3.2035283574474893,3.2035283574474893,3.187178875049633,3.0109477259358424,3.0587917036867385,,-0.016349482397856274,-0.19258063151164695,-0.14473665376075084,,3.2069664001464844,3.2069664001464844,3.3993454036942445,3.2239513397216797,3.3930183816626367,,0.19237900354776016,0.016984939575195312,0.18605198151615232,,2.7982959747314453,2.7982959747314453,2.1796877211835013,2.4810056686401367,2.5060901957822126,,-0.618608253547944,-0.3172903060913086,-0.2922057789492327,,2.879547357559204,2.879547357559204,2.7695862099827533,2.486354217759098,2.2371546574864523,,-0.10996114757645081,-0.3931931398001063,-0.6423927000727518,,3.035473378499349,3.035473378499349,3.612587761400215,3.9737770714434273,3.6664542737575263,,0.577114382900866,0.9383036929440784,0.6309808952581775,,3.5054304599761963,3.5054304599761963,2.875215337937137,3.003086417554372,2.9315143033682576,,-0.6302151220390595,-0.5023440424218242,-0.5739161566079387,,3.484758138656616,3.484758138656616,3.7479782233755277,3.5392496212419258,3.410093944714251,,0.26322008471891145,0.05449148258530956,-0.07466419394236512,,3.9597322940826416,3.9597322940826416,3.764311608061733,3.8848892349794686,4.3614301681518555,,-0.19542068602090845,-0.07484305910317302,0.40169787406921387,,42.69489669799805,42.69489669799805,42.316993713378906,42.84180450439453,42.75306701660156,,-0.3779029846191406,0.14690780639648438,0.058170318603515625,,44.85681202625329,44.85681202625329,44.8520983684421,44.00420015714539,44.14965460744504,,-0.004713657811187488,-0.8526118691078963,-0.7071574188082437,,,,0.0,0.0,0.0,,,,,,0.8134921789169312,0.8134921789169312,0.8755262415093111,0.8288424273571336,0.843022027887015,,0.06203406259237998,0.015350248440202496,0.029529848970083816,,0.4805406,0.4805406,0.4107864313575637,0.6533812880516052,0.6846697782895651,,-0.06975416864243628,0.17284068805160524,0.20412917828956512,
urgent_test-blind_0127_460__p004000,4,3.1546729140700474,3.1546729140700474,2.9144293797079417,3.0109477259358424,3.0587917036867385,,-0.24024353436210566,-0.14372518813420498,-0.09588121038330888,,3.1260883808135986,3.1260883808135986,3.036951092831102,3.1936112398124603,3.2127089304138856,,-0.08913728798249654,0.06752285899886168,0.08662054960028698,,2.2519562244415283,2.2519562244415283,2.1796877211835013,2.0108823776245117,2.1640160203458807,,-0.07226850325802703,-0.2410738468170166,-0.08794020409564762,,2.797594928741455,2.797594928741455,2.3220951553329408,2.1282028916370437,2.2371546574864523,,-0.47549977340851424,-0.6693920371044113,-0.5604402712550027,,2.161412318547567,2.161412318547567,3.612587761400215,3.9737770714434273,3.6664542737575263,,1.451175442852648,1.8123647528958604,1.5050419552099594,,3.671663522720337,3.671663522720337,2.875215337937137,3.003086417554372,3.612003642871197,,-0.7964481847832001,-0.6685771051659648,-0.05965987984914012,,4.167666912078857,4.167666912078857,4.20379814756922,3.9860012531280518,4.25769880785042,,0.03613123549036246,-0.18166565895080566,0.09003189577156245,,3.7172839641571045,3.7172839641571045,0.774645984172821,1.389709711074829,3.871898666443116,,-2.9426379799842834,-2.3275742530822754,0.1546147022860116,,23.82988929748535,23.82988929748535,43.04574966430664,42.84180450439453,43.04574966430664,,19.21586036682129,19.01191520690918,19.21586036682129,,24.014547148071802,24.014547148071802,44.8520983684421,44.76826328911652,44.840412359022956,,20.837551220370298,20.753716141044716,20.825865210951154,,,,0.0,0.0,0.0,,,,,,0.8069193363189697,0.8069193363189697,0.8339530495275934,0.8288424273571336,0.7942898524812905,,0.02703371320862369,0.021923091038163922,-0.012629483837679256,,0.26261187,0.26261187,0.12794155558668466,0.7538637195725038,0.46247691813721714,,-0.13467031441331537,0.49125184957250373,0.19986504813721712,
urgent_test-blind_0127_508__p004000,4,3.0115423936321934,3.0115423936321934,3.187178875049633,3.0109477259358424,3.0587917036867385,,0.1756364814174396,-0.0005946676963510811,0.047249310054545024,,2.974292755126953,2.974292755126953,3.3993454036942445,3.035421133041382,3.3930183816626367,,0.4250526485672914,0.06112837791442871,0.41872562653568357,,2.89540433883667,2.89540433883667,2.1796877211835013,1.9622897153877352,1.9096191767229134,,-0.7157166176531686,-0.9331146234489347,-0.9857851621137566,,2.459210157394409,2.459210157394409,2.7695862099827533,2.486354217759098,2.2371546574864523,,0.3103760525883441,0.027144060364688638,-0.22205549990795692,,2.8049030780792235,2.8049030780792235,3.612587761400215,3.9737770714434273,3.272867266337077,,0.8076846833209914,1.1688739933642038,0.4679641882578536,,3.042848825454712,3.042848825454712,2.875215337937137,3.003086417554372,2.9315143033682576,,-0.16763348751757512,-0.0397624079003398,-0.11133452208645434,,3.2615010738372803,3.2615010738372803,3.7479782233755277,3.795878034040152,3.3862234799258673,,0.4864771495382474,0.5343769602028718,0.12472240608858698,,3.692181348800659,3.692181348800659,3.764311608061733,1.9989220722612127,3.871898666443116,,0.07213025926107397,-1.6932592765394465,0.1797173176424569,,42.656551361083984,42.656551361083984,42.316993713378906,42.84180450439453,42.75306701660156,,-0.3395576477050781,0.18525314331054688,0.09651565551757812,,44.51592490416165,44.51592490416165,44.8520983684421,43.798571638281274,44.14965460744504,,0.33617346428044925,-0.7173532658803765,-0.36627029671660694,,,,0.0,0.0,0.0,,,,,,0.8037999272346497,0.8037999272346497,0.8532589994759924,0.8984962206288992,0.8244241985930018,,0.049459072241342716,0.09469629339424956,0.020624271358352098,,0.4567976,0.4567976,0.4107864313575637,0.7538637195725038,0.46247691813721714,,-0.04601116864243632,0.29706611957250373,0.005679318137217115,
urgent_test-blind_0134_469__p004000,4,3.24024513660032,3.24024513660032,3.187178875049633,3.0109477259358424,2.7434712627911653,,-0.053066261550687166,-0.22929741066447784,-0.49677387380915494,,4.047950267791748,4.047950267791748,4.092316354613706,3.786478042602539,3.8671293000140823,,0.04436608682195775,-0.261472225189209,-0.18082096777766576,,3.2126102447509766,3.2126102447509766,3.1971346671322745,3.3736504675394077,3.151167578965306,,-0.015475577618702108,0.1610402227884311,-0.06144266578567059,,3.2132840156555176,3.2132840156555176,2.96534251707146,3.421864988717688,2.7595813303108674,,-0.24794149858405756,0.20858097306217038,-0.4537026853446502,,4.307279332478841,4.307279332478841,4.497222592840233,3.9144745031992594,4.2766554302639435,,0.18994326036139153,-0.3928048292795818,-0.030623902214897747,,4.3606791496276855,4.3606791496276855,4.4568971984357715,3.864074945449829,4.484505173671676,,0.09621804880808593,-0.49660420417785645,0.12382602404399012,,3.902803897857666,3.902803897857666,4.321376662656485,4.300634114139051,4.25769880785042,,0.4185727647988191,0.3978302162813847,0.35489490999275386,,4.544225692749023,4.544225692749023,4.630159099417996,4.515913963317871,4.528436867587538,,0.08593340666897298,-0.028311729431152344,-0.015788825161485498,,32.704856872558594,32.704856872558594,41.73924255371094,20.020647048950195,38.344276428222656,,9.034385681152344,-12.684209823608398,5.6394195556640625,,32.87489515391751,32.87489515391751,42.366300781778975,19.959982656587627,39.81677967661731,,9.491405627861468,-12.91491249732988,6.941884522699802,,,,0.0,0.0,0.0,,,,,,,,0.957467080120102,0.9459272027015686,0.9647253785267411,,,,,,,,0.9644771232662431,0.85493,0.958817387824001,,,,,
urgent_test-blind_0134_489__p004000,4,3.2737666136989283,3.2737666136989283,3.187178875049633,3.0109477259358424,3.148608149700061,,-0.08658773864929525,-0.26281888776308593,-0.1251584639988672,,4.091583251953125,4.091583251953125,4.092316354613706,3.786478042602539,4.132681272116052,,0.0007331026605807978,-0.30510520935058594,0.041098020162927185,,3.287929058074951,3.287929058074951,3.6123836988426112,3.3736504675394077,3.151167578965306,,0.32445464076766006,0.0857214094644565,-0.1367614791096452,,3.19101881980896,3.19101881980896,2.96534251707146,3.117723274230957,2.7595813303108674,,-0.22567630273749995,-0.07329554557800311,-0.4314374894980926,,4.490196704864502,4.490196704864502,4.497222592840233,3.9144745031992594,4.2766554302639435,,0.007025887975730782,-0.5757222016652426,-0.2135412746005585,,4.556861877441406,4.556861877441406,4.4568971984357715,4.575345039367676,4.484505173671676,,-0.09996467900563477,0.01848316192626953,-0.07235670376973058,,4.380147457122803,4.380147457122803,4.477402284920934,4.515665054321289,4.25769880785042,,0.09725482779813088,0.13551759719848633,-0.12244864927238286,,4.645318031311035,4.645318031311035,4.630159099417996,4.711663246154785,4.830354044236333,,-0.01515893189303874,0.06634521484375,0.18503601292529748,,39.27565002441406,39.27565002441406,41.73924255371094,17.370468139648438,38.344276428222656,,2.463592529296875,-21.905181884765625,-0.9313735961914062,,39.94288553645853,39.94288553645853,42.366300781778975,19.959982656587627,41.57980506838772,,2.4234152453204416,-19.982902879870906,1.6369195319291876,,,,0.0,0.0,0.0,,,,,,,,0.957467080120102,0.9459272027015686,0.9647253785267411,,,,,,,,0.9644771232662431,0.85493,0.9759322871644813,,,,,
urgent_test-blind_0151_421__p004000,4,3.456523209590862,3.456523209590862,3.394386716190266,3.249502302100756,3.2505456946717883,,-0.06213649340059568,-0.2070209074901057,-0.20597751491907346,,4.0628862380981445,4.0628862380981445,4.092316354613706,4.007903156510318,4.132681272116052,,0.029430116515561267,-0.05498308158782628,0.06979503401790765,,3.370500326156616,3.370500326156616,3.6123836988426112,3.3736504675394077,2.902516322921079,,0.24188337268599502,0.0031501413827914604,-0.4679840032355371,,3.381769895553589,3.381769895553589,3.6653030223157037,3.4658153126038704,2.7595813303108674,,0.28353312676211484,0.08404541705028157,-0.6221885652427215,,4.283200105031331,4.283200105031331,4.497222592840233,3.9144745031992594,4.2766554302639435,,0.21402248780890165,-0.3687256018320717,-0.006544674767387626,,4.254997253417969,4.254997253417969,4.4568971984357715,4.575345039367676,4.484505173671676,,0.20189994501780273,0.32034778594970703,0.22950792025370692,,4.236358165740967,4.236358165740967,4.387541816895267,3.9860012531280518,4.25769880785042,,0.15118365115429988,-0.25035691261291504,0.02134064210945308,,4.569975852966309,4.569975852966309,4.630159099417996,4.515913963317871,4.528436867587538,,0.06018324645168782,-0.0540618896484375,-0.041538985378770654,,40.754642486572266,40.754642486572266,41.73924255371094,20.020647048950195,38.344276428222656,,0.9846000671386719,-20.73399543762207,-2.4103660583496094,,42.22900865362103,42.22900865362103,42.366300781778975,41.990012498672755,41.57980506838772,,0.13729212815794511,-0.23899615494827486,-0.6492035852333089,,,,0.0,0.0,0.0,,,,,,0.9445558190345764,0.9445558190345764,0.957467080120102,0.9609542007905891,0.9869922753797475,,0.012911261085525538,0.016398381756012714,0.042436456345171125,,0.91051924,0.91051924,0.9950318618950594,0.9953312352618022,0.9950345898249063,,0.08451262189505948,0.08481199526180228,0.08451534982490638,
urgent_test-blind_0151_424__p004000,4,3.557411943389417,3.557411943389417,3.187178875049633,3.249502302100756,3.148608149700061,,-0.37023306833978387,-0.30790964128866083,-0.4088037936893558,,4.037471771240234,4.037471771240234,4.092316354613706,3.786478042602539,4.132681272116052,,0.05484458337347142,-0.2509937286376953,0.09520950087581781,,3.4241175651550293,3.4241175651550293,3.1971346671322745,3.3736504675394077,2.902516322921079,,-0.22698289802275484,-0.050467097615621626,-0.5216012422339502,,3.464243268966675,3.464243268966675,3.6653030223157037,3.117723274230957,2.7595813303108674,,0.2010597533490288,-0.34651999473571804,-0.7046619386558075,,4.597098636627197,4.597098636627197,4.497222592840233,3.9144745031992594,4.2766554302639435,,-0.09987604378696435,-0.6826241334279377,-0.32044320636325363,,3.226903200149536,3.226903200149536,4.4568971984357715,3.864074945449829,2.9315143033682576,,1.2299939982862353,0.637171745300293,-0.29538889678127855,,3.9955477714538574,3.9955477714538574,4.321376662656485,3.9860012531280518,3.6059983466044963,,0.3258288912026277,-0.009546518325805664,-0.38954942484936117,,3.0589606761932373,3.0589606761932373,4.619546763868217,4.515913963317871,4.531355365691894,,1.56058608767498,1.4569532871246338,1.4723946894986568,,40.97580337524414,40.97580337524414,41.73924255371094,40.71783447265625,38.344276428222656,,0.7634391784667969,-0.2579689025878906,-2.6315269470214844,,41.97417418151125,41.97417418151125,42.366300781778975,35.4257667017665,41.57980506838772,,0.39212660026772284,-6.548407479744753,-0.3943691131235312,,,,0.0,0.0,0.0,,,,,,0.953363299369812,0.953363299369812,0.957467080120102,0.9609542007905891,0.9647253785267411,,0.004103780750289943,0.007590901420777119,0.011362079156929106,,0.93871975,0.93871975,0.9644771232662431,0.9953312352618022,0.9759322871644813,,0.025757373266243166,0.056611485261802263,0.03721253716448136,
urgent_test-blind_0174_519__p004000,4,3.240362009768179,3.240362009768179,3.187178875049633,3.01342121012333,3.2865507248906676,,-0.053183134718545855,-0.22694079964484892,0.04618871512248868,,3.1823482513427734,3.1823482513427734,3.5577549584898125,3.336047758539039,3.444607953948668,,0.37540670714703905,0.15369950719626546,0.2622597026058946,,2.144885301589966,2.144885301589966,2.1796877211835013,1.8312695773251075,2.1640160203458807,,0.03480241959353547,-0.3136157242648583,0.019130718755914877,,2.261024284362793,2.261024284362793,2.96534251707146,2.82315673828125,2.7595813303108674,,0.7043182327086672,0.5621324539184571,0.4985570459480746,,3.1259226322174074,3.1259226322174074,3.612587761400215,3.021787961324056,3.9040776577021385,,0.48666512918280747,-0.10413467089335127,0.7781550254847311,,2.63500714302063,2.63500714302063,3.513752831033913,3.003086417554372,2.9315143033682576,,0.8787456880132831,0.36807927453374223,0.2965071603476277,,3.3413689136505127,3.3413689136505127,3.9595354465116936,3.9426928629358127,3.2534821004752654,,0.618166532861181,0.6013239492853,-0.08788681317524727,,3.737732172012329,3.737732172012329,4.0373803851116135,3.8848892349794686,3.871898666443116,,0.29964821309928436,0.14715706296713948,0.134166494430787,,40.79176330566406,40.79176330566406,40.293331146240234,9.976408958435059,26.563229419141408,,-0.4984321594238281,-30.815354347229004,-14.228533886522655,,41.53307191609686,41.53307191609686,42.366300781778975,38.28654816687972,39.81677967661731,,0.8332288656821163,-3.2465237492171397,-1.7162922394795501,,,,0.0,0.0,0.0,,,,,,,,0.8958807491873163,0.9459272027015686,0.9168841319390569,,,,,,,,0.9228545798355318,0.85493,0.9031822060131303,,,,,
urgent_test-blind_0174_521__p004000,4,3.0918176421794867,3.0918176421794867,2.9144293797079417,3.0109477259358424,3.0587917036867385,,-0.17738826247154504,-0.08086991624364437,-0.033025938492748264,,3.5954506397247314,3.5954506397247314,3.4638023376464844,3.5265117093741174,3.693037991542893,,-0.13164830207824707,-0.06893893035061405,0.09758735181816158,,1.9639945030212402,1.9639945030212402,2.1796877211835013,1.8312695773251075,2.1640160203458807,,0.21569321816226106,-0.1327249256961327,0.20002151732464046,,3.4746535778045655,3.4746535778045655,2.7695862099827533,2.82315673828125,2.7595813303108674,,-0.7050673678218122,-0.6514968395233156,-0.7150722474936981,,4.356499163309733,4.356499163309733,4.22817462783262,3.9737770714434273,4.2766554302639435,,-0.12832453547711342,-0.3827220918663059,-0.07984373304578973,,4.046643257141113,4.046643257141113,4.090921924774905,3.003086417554372,4.484505173671676,,0.04427866763379207,-1.0435568395867412,0.4378619165305624,,4.193636417388916,4.193636417388916,4.209993931184332,3.9860012531280518,4.25769880785042,,0.016357513795416168,-0.20763516426086426,0.06406239046150386,,4.506512641906738,4.506512641906738,4.756508281432002,3.8848892349794686,4.830354044236333,,0.24999563952526405,-0.6216234069272697,0.32384140232959435,,36.6663818359375,36.6663818359375,40.9306640625,9.976408958435059,38.344276428222656,,4.2642822265625,-26.68997287750244,1.6778945922851562,,36.67031768363578,36.67031768363578,42.366300781778975,-21.461951219307892,42.22886501482761,,5.695983098143195,-58.13226890294367,5.558547331191832,,,,0.0,0.0,0.0,,,,,,,,0.8958807491873163,0.819348156452179,0.9168841319390569,,,,,,,,0.8555067700615696,0.85493,0.8453808024705174,,,,,
urgent_test-blind_0205_422__p004000,4,3.1981054884564615,3.1981054884564615,2.9144293797079417,3.0109477259358424,3.0587917036867385,,-0.2836761087485198,-0.1871577625206191,-0.139313784769723,,3.2352871894836426,3.2352871894836426,3.3993454036942445,3.035421133041382,3.444607953948668,,0.16405821421060196,-0.19986605644226074,0.20932076446502546,,2.785989284515381,2.785989284515381,2.528921655861728,2.4810056686401367,2.5060901957822126,,-0.25706762865365285,-0.30498361587524414,-0.27989908873316827,,2.5533329010009767,2.5533329010009767,2.96534251707146,2.82315673828125,2.2371546574864523,,0.41200961607048336,0.26982383728027326,-0.3161782435145244,,3.522472604115804,3.522472604115804,4.22817462783262,2.3831069636057656,3.9040776577021385,,0.7057020237168157,-1.1393656405100385,0.38160505358633445,,3.076366662979126,3.076366662979126,3.409874677658081,3.003086417554372,2.9315143033682576,,0.3335080146789551,-0.07328024542475386,-0.1448523596108684,,2.141923666000366,2.141923666000366,3.18416780305196,2.009313520178737,3.2534821004752654,,1.0422441370515938,-0.1326101458216291,1.1115584344748992,,3.840453863143921,3.840453863143921,4.295161913676434,3.8848892349794686,4.175081613073387,,0.4547080505325134,0.04443537183554769,0.3346277499294663,,30.236225128173828,30.236225128173828,18.188698205603174,13.303008079528809,29.855589035524435,,-12.047526922570654,-16.93321704864502,-0.380636092649393,,31.163685291320014,31.163685291320014,25.202146780101433,13.375461168411661,29.50023889907705,,-5.961538511218581,-17.788224122908353,-1.6634463922429639,,,,0.0,0.0,0.0,,,,,,,,0.8755262415093111,0.8168763518333435,0.8661046480558005,,,,,,,,0.7861812009390099,0.6533812880516052,0.6846697782895651,,,,,
urgent_test-blind_0219_470__p004000,4,3.2686884429955816,3.2686884429955816,3.402553986202744,3.365187941105417,3.446939942106499,,0.13386554320716249,0.09649949810983527,0.17825149911091742,,4.039506912231445,4.039506912231445,4.092316354613706,3.9014344215393066,4.132681272116052,,0.052809442382260485,-0.13807249069213867,0.09317435988460687,,3.7702507972717285,3.7702507972717285,3.7765905110232802,3.3736504675394077,3.8371845325791694,,0.006339713751551734,-0.39660032973232084,0.06693373530744084,,3.8422536849975586,3.8422536849975586,3.925560276479606,3.4658153126038704,3.818478139433037,,0.08330659148204722,-0.37643837239368816,-0.02377554556452166,,4.4925738652547205,4.4925738652547205,4.497222592840233,2.3831069636057656,4.526431086360211,,0.004648727585512269,-2.109466901648955,0.03385722110549061,,4.659541130065918,4.659541130065918,4.890166926096721,5.016104916492144,4.891467890107488,,0.2306257960308029,0.3565637864262259,0.23192676004156976,,4.394890785217285,4.394890785217285,4.58849601860506,4.566967964172363,4.607645464709485,,0.1936052333877747,0.17207717895507812,0.21275467949219973,,4.6477484703063965,4.6477484703063965,4.836176033479622,4.913525581359863,4.830354044236333,,0.1884275631732253,0.2657771110534668,0.18260557392993615,,41.535438537597656,41.535438537597656,41.73924255371094,40.71783447265625,41.73924255371094,,0.20380401611328125,-0.8176040649414062,0.20380401611328125,,42.95484359022026,42.95484359022026,43.791269785517834,22.153136366544626,43.94723624135117,,0.8364261952975767,-20.80170722367563,0.9923926511309134,,,,0.0,0.0,0.0,,,,,,0.9490718245506287,0.9490718245506287,0.9313854828895813,0.9459272027015686,0.9647253785267411,,-0.017686341661047322,-0.0031446218490600586,0.015653553976112455,,0.9355472,0.9355472,0.9644771232662431,0.9670616984367371,0.9950345898249063,,0.028929923266243107,0.03151449843673704,0.05948738982490631,
urgent_test-blind_0219_500__p004000,4,3.0782712622002846,3.0782712622002846,3.187178875049633,3.0109477259358424,3.2865507248906676,,0.10890761284934847,-0.06732353626444221,0.208279462690383,,3.6428706645965576,3.6428706645965576,3.4638023376464844,3.2823985800685653,3.693037991542893,,-0.17906832695007324,-0.3604720845279923,0.05016732694633541,,3.024064779281616,3.024064779281616,2.528921655861728,2.5317776203155518,2.9320456665682504,,-0.4951431234198882,-0.49228715896606445,-0.09201911271336582,,3.2863936901092528,3.2863936901092528,2.96534251707146,2.82315673828125,2.7595813303108674,,-0.32105117303779274,-0.46323695182800284,-0.5268123597983854,,4.217613220214844,4.217613220214844,3.612587761400215,3.9737770714434273,3.892414185129495,,-0.6050254588146289,-0.24383614877141646,-0.32519903508534886,,4.06156587600708,4.06156587600708,3.735857051539134,3.864074945449829,4.484505173671676,,-0.325708824467946,-0.19749093055725098,0.4229392976645956,,4.639946460723877,4.639946460723877,4.321376662656485,3.795878034040152,4.381644404078104,,-0.31856979806739183,-0.8440684266837248,-0.258302056645773,,4.4906768798828125,4.4906768798828125,0.774645984172821,4.2735209465026855,4.830354044236333,,-3.7160308957099915,-0.21715593338012695,0.33967716435352013,,40.485897064208984,40.485897064208984,42.316993713378906,40.71783447265625,41.73924255371094,,1.8310966491699219,0.23193740844726562,1.2533454895019531,,43.38665399323109,43.38665399323109,43.791269785517834,38.28654816687972,43.82666147389919,,0.4046157922867408,-5.100105826351374,0.44000748066810047,,,,0.0,0.0,0.0,,,,,,0.8352794051170349,0.8352794051170349,0.8755262415093111,0.9030937771481204,0.9168841319390569,,0.04024683639227622,0.06781437203108553,0.08160472682202202,,0.81698173,0.81698173,0.8772602619895016,0.85493,0.8453808024705174,,0.060278531989501616,0.037948270000000006,0.028399072470517428,
urgent_test-blind_0219_506__p004000,4,2.9812267404171746,2.9812267404171746,3.187178875049633,3.0109477259358424,3.0587917036867385,,0.20595213463245843,0.029720985518667753,0.07756496326956386,,3.388226270675659,3.388226270675659,3.3993454036942445,3.035421133041382,3.444607953948668,,0.011119133018585359,-0.35280513763427734,0.056381683273008854,,3.2243762016296387,3.2243762016296387,2.528921655861728,2.5317776203155518,2.9320456665682504,,-0.6954545457679107,-0.6925985813140869,-0.2923305350613883,,3.2634222507476807,3.2634222507476807,2.96534251707146,2.82315673828125,2.7595813303108674,,-0.29807973367622065,-0.44026551246643075,-0.5038409204368133,,3.479435936609904,3.479435936609904,3.612587761400215,2.3831069636057656,1.3676214585821314,,0.13315182479031096,-1.0963289730041383,-2.111814478027773,,2.556001901626587,2.556001901626587,3.513752831033913,3.003086417554372,3.612003642871197,,0.9577509294073261,0.4470845159277852,1.0560017412446099,,3.9783709049224854,3.9783709049224854,3.18416780305196,3.5392496212419258,3.6343171912503527,,-0.7942031018705253,-0.4391212836805596,-0.34405371367213267,,2.608675479888916,2.608675479888916,0.774645984172821,3.8848892349794686,4.421456049723798,,-1.834029495716095,1.2762137550905526,1.8127805698348816,,38.302040100097656,38.302040100097656,41.73924255371094,20.020647048950195,38.344276428222656,,3.4372024536132812,-18.28139305114746,0.042236328125,,39.63005240932854,39.63005240932854,42.366300781778975,16.429102280995643,39.81677967661731,,2.736248372450433,-23.2009501283329,0.18672726728876654,,,,0.0,0.0,0.0,,,,,,0.8713386058807373,0.8713386058807373,0.8958807491873163,0.8984962206288992,0.9032353517042107,,0.024542143306579,0.027157614748161918,0.03189674582347335,,0.8804146,0.8804146,0.8555067700615696,0.6533812880516052,0.7812010723756452,,-0.024907829938430437,-0.22703331194839482,-0.09921352762435487,
urgent_test-blind_0265_414__p004000,4,3.3328198962765283,3.3328198962765283,2.9144293797079417,3.0109477259358424,2.732069293961549,,-0.4183905165685866,-0.32187217034068594,-0.6007506023149793,,3.0430450439453125,3.0430450439453125,3.3993454036942445,3.2823985800685653,3.2127089304138856,,0.35630035974893204,0.23935353612325283,0.1696638864685731,,2.1982100009918213,2.1982100009918213,2.1796877211835013,2.4810056686401367,1.9096191767229134,,-0.018522279808319997,0.28279566764831543,-0.2885908242689079,,2.538225793838501,2.538225793838501,2.7695862099827533,2.82315673828125,2.2371546574864523,,0.2313604161442524,0.284930944442749,-0.30107113635204863,,2.254822603861491,2.254822603861491,3.612587761400215,3.9737770714434273,2.9756688731422067,,1.357765157538724,1.7189544675819364,0.7208462692807158,,2.2242486476898193,2.2242486476898193,3.513752831033913,3.003086417554372,2.9315143033682576,,1.2895041833440937,0.7788377698645528,0.7072656556784382,,2.865241289138794,2.865241289138794,3.7479782233755277,3.9860012531280518,2.773147483427362,,0.8827369342367337,1.1207599639892578,-0.092093805711432,,3.7310049533843994,3.7310049533843994,3.764311608061733,3.8848892349794686,3.1656128354819426,,0.033306654677333736,0.15388428159506917,-0.5653921179024568,,36.69290542602539,36.69290542602539,42.34355926513672,20.020647048950195,38.344276428222656,,5.650653839111328,-16.672258377075195,1.6513710021972656,,37.15555474036456,37.15555474036456,44.8520983684421,19.959982656587627,39.81677967661731,,7.696543628077542,-17.19557208377693,2.6612249362527507,,,,0.0,0.0,0.0,,,,,,,,0.8755262415093111,0.819348156452179,0.843022027887015,,,,,,,,0.8598875627251314,0.9060206263253012,0.6846697782895651,,,,,
urgent_test-blind_0265_429__p004000,4,3.085001931074154,3.085001931074154,2.9144293797079417,3.0109477259358424,2.7434712627911653,,-0.1705725513662122,-0.07405420513831151,-0.3415306682829886,,3.385375738143921,3.385375738143921,3.3993454036942445,3.336047758539039,3.3930183816626367,,0.01396966555032364,-0.049327979604882,0.007642643518715797,,2.4898757934570312,2.4898757934570312,2.528921655861728,2.4810056686401367,2.5060901957822126,,0.03904586240469676,-0.008870124816894531,0.016214402325181343,,2.3717129230499268,2.3717129230499268,2.96534251707146,2.82315673828125,2.2371546574864523,,0.5936295940215333,0.45144381523132315,-0.1345582655634745,,3.9876611550649006,3.9876611550649006,4.22817462783262,3.9670161406199136,3.8800577527547935,,0.24051347276771917,-0.02064501444498701,-0.10760340231010712,,3.7706797122955322,3.7706797122955322,4.090921924774905,3.864074945449829,2.9315143033682576,,0.3202422124793731,0.09339523315429688,-0.8391654089272746,,3.7868688106536865,3.7868688106536865,3.7479782233755277,3.5392496212419258,3.6343171912503527,,-0.03889058727815886,-0.24761918941176075,-0.15255161940333384,,4.21420955657959,4.21420955657959,4.0373803851116135,3.8848892349794686,4.175081613073387,,-0.1768291714679764,-0.32932032160012126,-0.039127943506202634,,35.913421630859375,35.913421630859375,42.316993713378906,20.020647048950195,38.344276428222656,,6.403572082519531,-15.89277458190918,2.4308547973632812,,36.373649380688,36.373649380688,44.8520983684421,44.76826328911652,43.82666147389919,,8.4784489877541,8.394613908428518,7.453012093211193,,,,0.0,0.0,0.0,,,,,,,,0.8755262415093111,0.8168763518333435,0.843022027887015,,,,,,,,0.7203324336603464,0.7538637195725038,0.6846697782895651,,,,,
urgent_test-blind_0265_474__p004000,4,3.1006534387793314,3.1006534387793314,2.532496624886359,2.566990435577794,2.7434712627911653,,-0.5681568138929722,-0.5336630032015375,-0.35718217598816615,,3.1844990253448486,3.1844990253448486,3.2423034058995994,3.035421133041382,3.2127089304138856,,0.05780438055475079,-0.1490778923034668,0.028209905069036978,,2.465869903564453,2.465869903564453,2.5115185013736583,2.4810056686401367,2.5060901957822126,,0.04564859780920516,0.015135765075683594,0.04022029221775947,,3.1338769435882567,3.1338769435882567,2.7695862099827533,2.486354217759098,2.302188400283875,,-0.36429073360550346,-0.6475227258291589,-0.8316885433043817,,3.679235410690308,3.679235410690308,3.612587761400215,2.3831069636057656,3.9040776577021385,,-0.06664764929009293,-1.2961284470845422,0.22484224701183075,,3.1670687198638916,3.1670687198638916,2.875215337937137,3.003086417554372,2.9315143033682576,,-0.2918533819267548,-0.1639823023095195,-0.23555441649563402,,2.5479652881622314,2.5479652881622314,3.18416780305196,2.009313520178737,2.773147483427362,,0.6362025148897286,-0.5386517679834943,0.2251821952651305,,4.2053070068359375,4.2053070068359375,4.0373803851116135,3.8848892349794686,4.04098235555442,,-0.16792662172432404,-0.3204177718564689,-0.1643246512815173,,19.682100296020508,19.682100296020508,25.09438239714228,17.370468139648438,29.855589035524435,,5.412282101121772,-2.3116321563720703,10.173488739503927,,19.777820759356164,19.777820759356164,25.202146780101433,9.035438096368653,30.05884296600842,,5.424326020745269,-10.742382662987511,10.281022206652256,,,,0.0,0.0,0.0,,,,,,,,0.8755262415093111,0.8288424273571336,0.8244241985930018,,,,,,,,0.7203324336603464,0.6533812880516052,0.6846697782895651,,,,,
urgent_test-blind_0271_440__p004000,4,2.480689104330497,2.480689104330497,2.532496624886359,3.0109477259358424,2.51490741576413,,0.05180752055586213,0.5302586216053453,0.03421831143363274,,3.759594202041626,3.759594202041626,3.68261251679386,3.5265117093741174,3.8671293000140823,,-0.07698168524776605,-0.23308249266750858,0.1075350979724563,,2.325991630554199,2.325991630554199,2.5115185013736583,2.499022598726204,2.258863271958378,,0.18552687081945907,0.17303096817200458,-0.06712835859582134,,3.0152968883514406,3.0152968883514406,2.96534251707146,2.82315673828125,2.7595813303108674,,-0.04995437127998059,-0.1921401500701907,-0.2557155580405732,,3.895772854487101,3.895772854487101,3.612587761400215,3.9737770714434273,3.6732178850825052,,-0.2831850930868862,0.0780042169563262,-0.22255496940459585,,3.9383938312530518,3.9383938312530518,3.513752831033913,3.003086417554372,2.9315143033682576,,-0.42464100021913875,-0.9353074136986796,-1.0068795278847942,,3.9385831356048584,3.9385831356048584,3.9595354465116936,3.9860012531280518,4.25769880785042,,0.020952310906835248,0.04741811752319336,0.3191156722455615,,4.45115852355957,4.45115852355957,4.619546763868217,4.300492355622441,3.871898666443116,,0.16838824030864696,-0.15066616793712928,-0.5792598571164542,,15.470643043518066,15.470643043518066,25.09438239714228,17.370468139648438,13.059100162552063,,9.623739353624213,1.899825096130371,-2.411542880966003,,15.509278723296983,15.509278723296983,35.75345691775562,16.429102280995643,11.525480238086931,,20.244178194458637,0.9198235576986598,-3.983798485210052,,,,0.0,0.0,0.0,,,,,,,,0.9313854828895813,0.9459272027015686,0.9546775951921701,,,,,,,,0.9644771232662431,0.9953312352618022,0.9031822060131303,,,,,
urgent_test-blind_0271_491__p004000,4,2.296661484478626,2.296661484478626,2.9144293797079417,3.0109477259358424,2.7434712627911653,,0.6177678952293157,0.7142862414572164,0.4468097783125393,,3.7961065769195557,3.7961065769195557,3.68261251679386,3.5265117093741174,3.8671293000140823,,-0.11349406012569574,-0.26959486754543827,0.07102272309452662,,2.361806869506836,2.361806869506836,2.5115185013736583,2.499022598726204,1.9872068611972304,,0.14971163186682235,0.13721572921936787,-0.3746000083096055,,2.665484094619751,2.665484094619751,2.96534251707146,2.82315673828125,2.7595813303108674,,0.29985842245170913,0.15767264366149902,0.0940972356911165,,3.8041788895924884,3.8041788895924884,4.22817462783262,3.9144745031992594,3.6732178850825052,,0.42399573824013137,0.11029561360677098,-0.13096100450998316,,4.352018356323242,4.352018356323242,4.090921924774905,3.003086417554372,2.9315143033682576,,-0.26109643154833684,-1.34893193876887,-1.4205040529549846,,4.275694370269775,4.275694370269775,3.9595354465116936,3.9860012531280518,4.25769880785042,,-0.31615892375808174,-0.28969311714172363,-0.017995562419355515,,4.562520980834961,4.562520980834961,4.619546763868217,4.300492355622441,3.871898666443116,,0.05702578303325634,-0.2620286252125199,-0.6906223143918448,,15.038396835327148,15.038396835327148,25.09438239714228,17.370468139648438,13.059100162552063,,10.055985561815131,2.332071304321289,-1.9792966727750851,,15.077361965403675,15.077361965403675,42.366300781778975,13.375461168411661,11.525480238086931,,27.2889388163753,-1.701900796992014,-3.5518817273167436,,,,0.0,0.0,0.0,,,,,,,,0.957467080120102,0.9459272027015686,0.9546775951921701,,,,,,,,0.9644771232662431,0.9953312352618022,0.9031822060131303,,,,,
urgent_test-blind_0271_493__p004000,4,2.3767245399487686,2.3767245399487686,2.9144293797079417,3.0109477259358424,2.7434712627911653,,0.537704839759173,0.6342231859870737,0.3667467228423966,,3.8219211101531982,3.8219211101531982,3.68261251679386,3.5265117093741174,3.8671293000140823,,-0.13930859335933832,-0.29540940077908084,0.04520818986088404,,2.3210887908935547,2.3210887908935547,2.5115185013736583,2.499022598726204,1.7314075930530288,,0.1904297104801036,0.17793380783264912,-0.5896811978405259,,2.8249193668365478,2.8249193668365478,2.96534251707146,2.82315673828125,2.705571639777187,,0.14042315023491225,-0.0017626285552978516,-0.11934772705936059,,3.7724759101867678,3.7724759101867678,3.612587761400215,1.6903308788935343,3.6732178850825052,,-0.15988814878655289,-2.0821450312932335,-0.09925802510426252,,4.078852653503418,4.078852653503418,3.513752831033913,3.1736478776816863,2.9315143033682576,,-0.565099822469505,-0.9052047758217316,-1.1473383501351604,,3.925842046737671,3.925842046737671,3.9595354465116936,3.9860012531280518,4.25769880785042,,0.03369339977402275,0.06015920639038086,0.331856761112749,,4.468961238861084,4.468961238861084,4.619546763868217,4.300492355622441,3.871898666443116,,0.1505855250071333,-0.16846888323864295,-0.5970625724179679,,15.216927528381348,15.216927528381348,25.09438239714228,14.87355550896212,13.059100162552063,,9.877454868760932,-0.34337201941922757,-2.1578273658292844,,15.256606818497097,15.256606818497097,25.202146780101433,13.375461168411661,11.525480238086931,,9.945539961604336,-1.8811456500854362,-3.731126580410166,,,,0.0,0.0,0.0,,,,,,,,0.9313854828895813,0.9459272027015686,0.9546775951921701,,,,,,,,0.9644771232662431,0.9670616984367371,0.9031822060131303,,,,,
urgent_test-blind_0271_496__p004000,4,2.568197307849996,2.568197307849996,2.683604611827961,3.0109477259358424,2.7434712627911653,,0.11540730397796528,0.4427504180858466,0.17527395494116949,,3.937650203704834,3.937650203704834,3.847205618777907,3.786478042602539,3.8671293000140823,,-0.09044458492692709,-0.15117216110229492,-0.0705209036907517,,2.3742852210998535,2.3742852210998535,2.5115185013736583,2.499022598726204,2.258863271958378,,0.13723328027380477,0.12473737762635029,-0.11542194914147563,,2.7059756755828857,2.7059756755828857,2.96534251707146,2.82315673828125,2.7595813303108674,,0.25936684148857436,0.11718106269836426,0.05360565472798173,,3.875424273808797,3.875424273808797,4.22817462783262,1.7995043436686198,3.6732178850825052,,0.3527503540238226,-2.075919930140177,-0.20220638872629193,,4.128847599029541,4.128847599029541,4.090921924774905,3.003086417554372,2.9315143033682576,,-0.037925674254635666,-1.125761181475169,-1.1973332956612834,,4.052155494689941,4.052155494689941,4.321376662656485,3.9860012531280518,4.25769880785042,,0.2692211679665437,-0.06615424156188965,0.20554331316047847,,4.52467155456543,4.52467155456543,4.619546763868217,4.300492355622441,3.871898666443116,,0.09487520930278759,-0.22417919894298866,-0.6527728881223136,,16.39070701599121,16.39070701599121,25.09438239714228,17.370468139648438,13.059100162552063,,8.703675381151069,0.9797611236572266,-3.3316068534391476,,16.41284181719803,16.41284181719803,42.366300781778975,19.959982656587627,11.525480238086931,,25.953458964580946,3.5471408393895985,-4.887361579111097,,,,0.0,0.0,0.0,,,,,,,,0.957467080120102,0.9459272027015686,0.9546775951921701,,,,,,,,0.9644771232662431,0.9953312352618022,0.9031822060131303,,,,,
urgent_test-blind_0357_450__p004000,4,3.1618160912435327,3.1618160912435327,3.394386716190266,3.249502302100756,3.1154742440839707,,0.23257062494673342,0.08768621085722339,-0.04634184715956202,,3.9876720905303955,3.9876720905303955,4.092316354613706,3.9014344215393066,4.132681272116052,,0.10464426408331029,-0.08623766899108887,0.14500918158565668,,3.9101338386535645,3.9101338386535645,3.954536357557917,3.7724781036376953,3.8371845325791694,,0.04440251890435265,-0.13765573501586914,-0.07294930607439509,,3.7049102783203125,3.7049102783203125,3.925560276479606,3.4658153126038704,3.0768062677728123,,0.22064999815929331,-0.23909496571644206,-0.6281040105475002,,4.1999813715616865,4.1999813715616865,4.753831307284803,4.416389624277751,4.428869763084524,,0.5538499357231164,0.21640825271606445,0.2288883915228377,,4.384734153747559,4.384734153747559,4.890166926096721,5.016104916492144,5.0101095452366105,,0.5054327723491623,0.6313707627445853,0.6253753914890519,,4.283722400665283,4.283722400665283,4.7164740562438965,4.566967964172363,4.607645464709485,,0.4327516555786133,0.2832455635070801,0.3239230640442017,,4.703320503234863,4.703320503234863,4.836176033479622,4.913525581359863,4.830354044236333,,0.1328555302447585,0.210205078125,0.12703354100146935,,41.944976806640625,41.944976806640625,42.34355926513672,42.37028503417969,42.46058654785156,,0.39858245849609375,0.4253082275390625,0.5156097412109375,,43.124462677059554,43.124462677059554,43.791269785517834,44.00420015714539,43.82666147389919,,0.6668071084582792,0.8797374800858364,0.7021987968396388,,,,0.0,0.0,0.0,,,,,,0.9572120308876038,0.9572120308876038,0.9566694577056242,0.9459272027015686,0.9647253785267411,,-0.0005425731819795887,-0.011284828186035156,0.007513347639137358,,0.67232037,0.67232037,0.9644771232662431,0.9927688241004944,0.9950345898249063,,0.29215675326624313,0.3204484541004944,0.32271421982490633,
urgent_test-blind_0357_514__p004000,4,3.283317532670558,3.283317532670558,3.402553986202744,3.365187941105417,3.2865507248906676,,0.11923645353218593,0.08187040843485871,0.0032331922201094265,,3.952981948852539,3.952981948852539,4.092316354613706,3.9014344215393066,4.132681272116052,,0.13933440576116674,-0.05154752731323242,0.17969932326351312,,3.8603172302246094,3.8603172302246094,3.954536357557917,3.3736504675394077,3.8371845325791694,,0.09421912733330773,-0.4866667626852017,-0.023132697645440015,,3.598017120361328,3.598017120361328,3.565088093615919,3.4658153126038704,3.0768062677728123,,-0.03292902674540921,-0.1322018077574576,-0.5212108525885157,,4.464044761657715,4.464044761657715,4.497222592840233,4.416389624277751,4.428869763084524,,0.033177831182517714,-0.047655137379964074,-0.03517499857319084,,4.741749286651611,4.741749286651611,4.890166926096721,5.016104916492144,5.0101095452366105,,0.14841763944510955,0.2743556298405325,0.2683602585849991,,4.489813327789307,4.489813327789307,4.7164740562438965,4.566967964172363,4.607645464709485,,0.22666072845458984,0.07715463638305664,0.11783213692017824,,4.820243835449219,4.820243835449219,4.836176033479622,4.913525581359863,4.830354044236333,,0.015932198030403022,0.09328174591064453,0.010110208787113883,,42.09333419799805,42.09333419799805,42.316993713378906,42.37028503417969,42.46058654785156,,0.22365951538085938,0.2769508361816406,0.3672523498535156,,43.195876645749294,43.195876645749294,43.791269785517834,44.00420015714539,43.94723624135117,,0.5953931397685395,0.8083235113960967,0.7513595956018762,,,,0.0,0.0,0.0,,,,,,0.9625653028488159,0.9625653028488159,0.9566694577056242,0.9459272027015686,0.9647253785267411,,-0.005895845143191747,-0.016638100147247314,0.0021600756779251995,,0.7233534,0.7233534,0.8598875627251314,0.8639521598815918,0.9950345898249063,,0.1365341627251314,0.14059875988159176,0.2716811898249063,
urgent_test-blind_0404_524__p004000,4,2.741473863476532,2.741473863476532,2.532496624886359,2.5104980333264404,2.7434712627911653,,-0.20897723859017292,-0.2309758301500917,0.0019973993146331637,,3.011516809463501,3.011516809463501,3.036951092831102,3.035421133041382,3.007784935843992,,0.025434283367601118,0.02390432357788086,-0.0037318736195088853,,1.246060848236084,1.246060848236084,1.332007497189993,1.3807680937181037,1.2865364316955628,,0.08594664895390891,0.13470724548201973,0.04047558345947877,,2.4228506565093992,2.4228506565093992,2.407335205824978,2.1282028916370437,2.2371546574864523,,-0.015515450684421062,-0.29464776487235556,-0.18569599902294698,,2.8797664483388266,2.8797664483388266,3.612587761400215,3.9670161406199136,3.272867266337077,,0.7328213130613883,1.087249692281087,0.3931008179982505,,1.790828824043274,1.790828824043274,2.875215337937137,2.163616924400788,2.0590989790767074,,1.0843865138938629,0.3727881003575142,0.26827015503343343,,3.7462291717529297,3.7462291717529297,3.18416780305196,3.9860012531280518,3.2534821004752654,,-0.5620613687009697,0.23977208137512207,-0.49274707127766426,,3.6382930278778076,3.6382930278778076,1.6959931390831269,3.8393420770943885,3.1656128354819426,,-1.9422998887946807,0.20104904921658084,-0.472680192395865,,33.27824401855469,33.27824401855469,39.603267669677734,20.020647048950195,13.059100162552063,,6.325023651123047,-13.257596969604492,-20.219143856002624,,35.51578781261653,35.51578781261653,41.58001590291116,22.153136366544626,7.84452695667248,,6.064228090294627,-13.362651446071904,-27.67126085594405,,,,0.0,0.0,0.0,,,,,,0.7658926248550415,0.7658926248550415,0.8755262415093111,0.8984962206288992,0.9168841319390569,,0.10963361665426963,0.13260359577385772,0.15099150708401543,,0.6668381,0.6668381,0.7203324336603464,0.9060206263253012,0.6846697782895651,,0.053494333660346394,0.23918252632530124,0.01783167828956511,
urgent_test-blind_0414_410__p004000,4,2.8805213036973334,2.8805213036973334,2.633601304863325,2.5104980333264404,2.7434712627911653,,-0.2469199988340085,-0.370023270370893,-0.13705004090616812,,3.327308177947998,3.327308177947998,3.2423034058995994,3.035421133041382,3.3930183816626367,,-0.08500477204839862,-0.2918870449066162,0.06571020371463865,,1.353843092918396,1.353843092918396,1.332007497189993,1.3807680937181037,1.5549622723855165,,-0.0218355957284031,0.02692500079970772,0.20111917946712055,,2.397614622116089,2.397614622116089,2.179533685163322,2.1282028916370437,2.2371546574864523,,-0.21808093695276698,-0.2694117304790451,-0.16045996462963652,,3.2321498870849608,3.2321498870849608,3.612587761400215,2.3831069636057656,3.272867266337077,,0.3804378743152541,-0.8490429234791952,0.04071737925211627,,2.375277519226074,2.375277519226074,2.875215337937137,2.51006817817688,2.355838153256949,,0.4999378187110626,0.13479065895080566,-0.019439365969125433,,2.7738966941833496,2.7738966941833496,3.18416780305196,3.5392496212419258,3.2534821004752654,,0.4102711088686104,0.7653529270585762,0.4795854062919158,,3.1241769790649414,3.1241769790649414,3.764311608061733,3.8393420770943885,3.1656128354819426,,0.6401346289967917,0.715165098029447,0.041435856417001204,,21.65683364868164,21.65683364868164,41.73924255371094,17.370468139648438,22.74061107635498,,20.082408905029297,-4.286365509033203,1.0837774276733398,,21.702885937603238,21.702885937603238,40.156060977297116,-9.015849860227167,39.81677967661731,,18.45317503969388,-30.718735797830405,18.11389373901407,,,,0.0,0.0,0.0,,,,,,,,0.7468902686513572,0.6995345562337393,0.7942898524812905,,,,,,,,0.12794155558668466,0.7538637195725038,0.6846697782895651,,,,,
urgent_test-blind_0417_452__p004000,4,3.1480307139953747,3.1480307139953747,3.187178875049633,3.0109477259358424,3.1154742440839707,,0.039148161054258335,-0.13708298805953234,-0.03255646991140404,,3.7704520225524902,3.7704520225524902,3.847205618777907,3.6021947860717773,4.132681272116052,,0.07675359622541666,-0.1682572364807129,0.36222924956356195,,3.69865083694458,3.69865083694458,3.1971346671322745,3.3736504675394077,2.9320456665682504,,-0.5015161698123056,-0.3250003694051724,-0.7666051703763297,,3.0763810157775877,3.0763810157775877,2.96534251707146,2.82315673828125,2.7595813303108674,,-0.1110384987061277,-0.2532242774963378,-0.3167996854667203,,4.112440713246664,4.112440713246664,4.22817462783262,3.9737770714434273,3.9040776577021385,,0.11573391458595594,-0.13866364180323654,-0.20836305554452528,,3.9244329929351807,3.9244329929351807,4.4568971984357715,4.575345039367676,2.9315143033682576,,0.5324642055005908,0.6509120464324951,-0.9929186895669231,,4.128316402435303,4.128316402435303,4.321376662656485,3.9860012531280518,4.25769880785042,,0.1930602602211824,-0.14231514930725098,0.12938240541511714,,4.561330795288086,4.561330795288086,4.836176033479622,4.711663246154785,2.9252545038859052,,0.27484523819153583,0.15033245086669922,-1.6360762914021807,,28.283823013305664,28.283823013305664,41.73924255371094,17.370468139648438,20.617788533130323,,13.455419540405273,-10.913354873657227,-7.666034480175341,,28.991909941445456,28.991909941445456,42.366300781778975,19.959982656587627,11.525480238086931,,13.374390840333518,-9.03192728485783,-17.466429703358525,,,,0.0,0.0,0.0,,,,,,0.9495146870613098,0.9495146870613098,0.9313854828895813,0.9459272027015686,0.9647253785267411,,-0.018129204171728475,-0.003587484359741211,0.015210691465431303,,0.9367454,0.9367454,0.9228545798355318,0.85493,0.7812010723756452,,-0.013890820164468187,-0.08181539999999998,-0.15554432762435477,
urgent_test-blind_0425_414__p004000,4,3.221880809094966,3.221880809094966,2.683604611827961,3.0109477259358424,2.732069293961549,,-0.5382761972670052,-0.21093308315912385,-0.48981151513341725,,3.557377338409424,3.557377338409424,3.048080182937254,3.035421133041382,3.007784935843992,,-0.5092971554721699,-0.521956205368042,-0.5495924025654317,,2.819143295288086,2.819143295288086,2.1796877211835013,2.0240542888641357,2.5060901957822126,,-0.6394555741045846,-0.7950890064239502,-0.31305309950587334,,2.6170843124389647,2.6170843124389647,2.4799166371065926,2.486354217759098,2.2371546574864523,,-0.13716767533237206,-0.13073009467986685,-0.3799296549525124,,3.916906213760376,3.916906213760376,3.612587761400215,2.8489343961079916,2.9756688731422067,,-0.3043184523601612,-1.0679718176523845,-0.9412373406181693,,3.008366584777832,3.008366584777832,2.875215337937137,2.163616924400788,2.9315143033682576,,-0.13315124684069524,-0.8447496603770439,-0.07685228140957445,,4.069700241088867,4.069700241088867,3.7479782233755277,3.9860012531280518,3.6059983466044963,,-0.3217220177133395,-0.08369898796081543,-0.46370189448437094,,4.133059024810791,4.133059024810791,0.774645984172821,3.8393420770943885,3.928551262162297,,-3.35841304063797,-0.29371694771640255,-0.20450776264849413,,14.871169090270996,14.871169090270996,31.9197350237743,17.370468139648438,22.02575508178956,,17.048565933503305,2.4992990493774414,7.154585991518562,,15.719811779483475,15.719811779483475,43.72556962887898,22.153136366544626,11.525480238086931,,28.005757849395504,6.433324587061151,-4.194331541396544,,,,0.0,0.0,0.0,,,,,,0.9347600340843201,0.9347600340843201,0.8958807491873163,0.9036675691604614,0.9546775951921701,,-0.03887928489700376,-0.031092464923858643,0.019917561107850035,,0.8970297,0.8970297,0.7919414926724262,0.6533812880516052,0.46247691813721714,,-0.10508820732757385,-0.24364841194839482,-0.4345527818627829,
urgent_test-blind_0425_487__p004000,4,3.2612695324126473,3.2612695324126473,3.187178875049633,3.1530025159952157,3.2865507248906676,,-0.07409065736301423,-0.10826701641743153,0.025281192478020298,,3.3592476844787598,3.3592476844787598,3.847205618777907,3.786478042602539,3.3930183816626367,,0.48795793429914713,0.4272303581237793,0.03377069718387693,,3.6973373889923096,3.6973373889923096,3.4160007338926013,3.3736504675394077,3.557745835867273,,-0.2813366550997083,-0.3236869214529019,-0.13959155312503668,,3.6157622814178465,3.6157622814178465,2.96534251707146,3.1549996376037597,3.0768062677728123,,-0.6504197643463865,-0.4607626438140868,-0.5389560136450342,,4.126873143513998,4.126873143513998,4.497222592840233,3.9670161406199136,4.428869763084524,,0.3703494493262349,-0.15985700289408422,0.30199661957052637,,3.89877986907959,3.89877986907959,4.090921924774905,3.864074945449829,4.484505173671676,,0.1921420556953155,-0.03470492362976074,0.5857253045920858,,4.28718900680542,4.28718900680542,4.477402284920934,4.566967964172363,4.381644404078104,,0.1902132781155137,0.27977895736694336,0.09445539727268404,,4.2292046546936035,4.2292046546936035,4.619546763868217,4.079902648925781,4.3614301681518555,,0.39034210917461376,-0.14930200576782227,0.13222551345825195,,31.875696182250977,31.875696182250977,42.316993713378906,32.926849365234375,29.855589035524435,,10.44129753112793,1.0511531829833984,-2.0201071467265415,,35.07985650594422,35.07985650594422,43.791269785517834,37.4572963847962,30.05884296600842,,8.711413279573613,2.3774398788519804,-5.021013539935801,,,,0.0,0.0,0.0,,,,,,0.9717195630073547,0.9717195630073547,0.9313854828895813,0.9459272027015686,0.9647253785267411,,-0.040334080117773397,-0.025792360305786133,-0.006994184480613619,,0.9269652,0.9269652,0.8598875627251314,0.6533812880516052,0.7812010723756452,,-0.0670776372748686,-0.2735839119483948,-0.14576412762435487,
urgent_test-blind_0495_421__p004000,4,3.487289917578425,3.487289917578425,3.447478152187994,3.501344510962443,3.2865507248906676,,-0.03981176539043085,0.014054593384018155,-0.2007391926877573,,3.85894513130188,3.85894513130188,4.092316354613706,4.202827453613281,4.132681272116052,,0.23337122331182591,0.34388232231140137,0.2737361408141723,,4.079599380493164,4.079599380493164,4.060785678495844,4.106797218322754,3.8371845325791694,,-0.018813701997320464,0.027197837829589844,-0.2424148479139947,,3.058075714111328,3.058075714111328,3.925560276479606,3.8588457969297845,3.818478139433037,,0.8674845623682779,0.8007700828184565,0.760402425321709,,4.603015963236491,4.603015963236491,4.817865442559421,4.416389624277751,4.680386371689149,,0.21484947932293075,-0.1866263389587397,0.07737040845265852,,4.914367198944092,4.914367198944092,4.890166926096721,5.016104916492144,5.0101095452366105,,-0.02420027284737092,0.10173771754805205,0.09574234629251865,,4.531277179718018,4.531277179718018,4.7164740562438965,4.566967964172363,4.607645464709485,,0.1851968765258789,0.0356907844543457,0.0763682849914673,,4.881980895996094,4.881980895996094,4.908923562750758,4.913525581359863,4.830354044236333,,0.026942666754663946,0.03154468536376953,-0.051626851759761117,,42.53419876098633,42.53419876098633,42.34355926513672,42.37028503417969,42.46058654785156,,-0.19063949584960938,-0.16391372680664062,-0.07361221313476562,,44.25439447781323,44.25439447781323,43.791269785517834,44.00420015714539,43.94723624135117,,-0.4631246922953949,-0.25019432066783764,-0.3071582364620582,,,,0.0,0.0,0.0,,,,,,0.9729281067848206,0.9729281067848206,0.9566694577056242,0.9459272027015686,0.9647253785267411,,-0.016258649079196386,-0.027000904083251953,-0.00820272825807944,,0.99298984,0.99298984,0.9644771232662431,0.9927688241004944,0.9759322871644813,,-0.028512716733756882,-0.00022101589950562772,-0.017057552835518686,
urgent_test-blind_0518_505__p004000,4,3.0983593579065984,3.0983593579065984,3.187178875049633,3.0109477259358424,2.7434712627911653,,0.0888195171430346,-0.08741163197075608,-0.3548880951154332,,3.695359230041504,3.695359230041504,3.5577549584898125,3.2823985800685653,3.444607953948668,,-0.13760427155169141,-0.4129606499729386,-0.2507512760928359,,1.3083751201629639,1.3083751201629639,1.5313415972583266,1.3807680937181037,1.5549622723855165,,0.22296647709536277,0.07239297355513985,0.24658715222255267,,3.3649956226348876,3.3649956226348876,2.96534251707146,2.82315673828125,2.2371546574864523,,-0.3996531055634276,-0.5418388843536377,-1.1278409651484353,,3.172576967875163,3.172576967875163,3.612587761400215,3.9737770714434273,3.6664542737575263,,0.4400107935250519,0.8012001035682643,0.49387730588236334,,2.637941598892212,2.637941598892212,2.875215337937137,3.003086417554372,2.9315143033682576,,0.23727373904492488,0.3651448186621602,0.29357270447604566,,3.567462682723999,3.567462682723999,3.7479782233755277,3.5392496212419258,3.6059983466044963,,0.18051554065152864,-0.028213061482073254,0.03853566388049723,,2.6847550868988037,2.6847550868988037,4.0373803851116135,3.8848892349794686,3.1656128354819426,,1.3526252982128097,1.2001341480806649,0.4808577485831389,,41.11411666870117,41.11411666870117,40.34908676147461,17.921680450439453,38.344276428222656,,-0.7650299072265625,-23.19243621826172,-2.7698402404785156,,42.07790580301227,42.07790580301227,42.366300781778975,38.28654816687972,39.81677967661731,,0.2883949787667035,-3.7913576361325525,-2.261126126394963,,,,0.0,0.0,0.0,,,,,,,,0.8958807491873163,0.9459272027015686,0.9168841319390569,,,,,,,,0.8772602619895016,0.85493,0.9031822060131303,,,,,
urgent_test-blind_0542_450__p004000,4,3.129605026527223,3.129605026527223,3.394386716190266,3.249502302100756,3.2865507248906676,,0.2647816896630433,0.11989727557353325,0.15694569836344474,,3.3012208938598633,3.3012208938598633,4.092316354613706,3.786478042602539,3.8671293000140823,,0.7910954607538425,0.4852571487426758,0.565908406154219,,3.2689266204833984,3.2689266204833984,2.8687779874686736,2.8743040561676025,3.151167578965306,,-0.4001486330147248,-0.3946225643157959,-0.11775904151809247,,2.4486820220947267,2.4486820220947267,2.96534251707146,2.82315673828125,2.7595813303108674,,0.5166604949767333,0.37447471618652317,0.31089930821614065,,4.176564153035482,4.176564153035482,4.22817462783262,3.9737770714434273,4.2766554302639435,,0.05161047479713776,-0.20278708159205472,0.10009127722846145,,3.8847179412841797,3.8847179412841797,4.4568971984357715,4.575345039367676,4.484505173671676,,0.5721792571515918,0.6906270980834961,0.599787232387496,,4.255857944488525,4.255857944488525,4.477402284920934,4.566967964172363,4.25769880785042,,0.22154434043240823,0.3111100196838379,0.0018408633618944847,,4.463560104370117,4.463560104370117,4.836176033479622,4.711663246154785,4.830354044236333,,0.3726159291095046,0.24810314178466797,0.36679393986621545,,42.79228591918945,42.79228591918945,41.73924255371094,40.71783447265625,41.73924255371094,,-1.0530433654785156,-2.074451446533203,-1.0530433654785156,,44.25895575173483,44.25895575173483,43.791269785517834,38.28654816687972,42.22886501482761,,-0.46768596621699743,-5.972407584855112,-2.030090736907219,,,,0.0,0.0,0.0,,,,,,,,0.9566694577056242,0.9459272027015686,0.9647253785267411,,,,,,,,0.9228545798355318,0.85493,0.958817387824001,,,,,
urgent_test-blind_0542_496__p004000,4,3.0161967316362928,3.0161967316362928,3.187178875049633,3.0109477259358424,3.148608149700061,,0.17098214341334028,-0.005249005700450393,0.13241141806376833,,3.3110122680664062,3.3110122680664062,3.847205618777907,3.786478042602539,3.8671293000140823,,0.5361933507115006,0.4754657745361328,0.556117031947676,,2.990710973739624,2.990710973739624,3.1971346671322745,2.8743040561676025,3.151167578965306,,0.20642369339265043,-0.11640691757202148,0.16045660522568195,,2.968119812011719,2.968119812011719,2.96534251707146,2.82315673828125,2.7595813303108674,,-0.002777294940258912,-0.14496307373046902,-0.20853848170085154,,3.3860816319783527,3.3860816319783527,4.22817462783262,2.3831069636057656,4.2766554302639435,,0.8420929958542671,-1.002974668372587,0.8905737982855908,,3.439758539199829,3.439758539199829,4.305478222398873,3.864074945449829,4.484505173671676,,0.8657196831990435,0.42431640625,1.0447466344718466,,3.0996170043945312,3.0996170043945312,4.321376662656485,3.9860012531280518,4.25769880785042,,1.2217596582619539,0.8863842487335205,1.1580818034558886,,4.470490455627441,4.470490455627441,4.619546763868217,4.515913963317871,4.528436867587538,,0.14905630824077587,0.04542350769042969,0.05794641196009653,,42.14393615722656,42.14393615722656,41.73924255371094,20.020647048950195,41.73924255371094,,-0.404693603515625,-22.123289108276367,-0.404693603515625,,43.81706621650943,43.81706621650943,42.366300781778975,19.959982656587627,42.22886501482761,,-1.4507654347304566,-23.857083559921804,-1.5882012016818194,,,,0.0,0.0,0.0,,,,,,,,0.9313854828895813,0.9459272027015686,0.9168841319390569,,,,,,,,0.9644771232662431,0.85493,0.958817387824001,,,,,
urgent_test-blind_0542_501__p004000,4,3.249566789777305,3.249566789777305,3.394386716190266,3.249502302100756,3.2865507248906676,,0.14481992641296104,-6.448767654898546e-05,0.03698393511336251,,3.3711776733398438,3.3711776733398438,4.092316354613706,3.786478042602539,3.8671293000140823,,0.721138681273862,0.4153003692626953,0.49595162667423853,,3.1716718673706055,3.1716718673706055,3.1971346671322745,2.8743040561676025,3.151167578965306,,0.025462799761668986,-0.29736781120300293,-0.020504288405299498,,2.5694863319396974,2.5694863319396974,2.96534251707146,2.82315673828125,2.7595813303108674,,0.3958561851317626,0.25367040634155247,0.19009499837116994,,3.5208849906921387,3.5208849906921387,4.22817462783262,3.9737770714434273,4.2766554302639435,,0.7072896371404811,0.4528920807512886,0.7557704395718048,,4.19724178314209,4.19724178314209,4.4568971984357715,4.575345039367676,4.484505173671676,,0.25965541529368164,0.37810325622558594,0.2872633905295858,,4.29250431060791,4.29250431060791,4.477402284920934,4.390754222869873,4.25769880785042,,0.18489797431302346,0.09824991226196289,-0.03480550275749028,,4.44634485244751,4.44634485244751,4.836176033479622,4.711663246154785,4.830354044236333,,0.389831181032112,0.2653183937072754,0.38400919178882287,,42.56212615966797,42.56212615966797,41.73924255371094,40.71783447265625,41.73924255371094,,-0.8228836059570312,-1.8442916870117188,-0.8228836059570312,,44.205714832801554,44.205714832801554,43.791269785517834,35.4257667017665,42.22886501482761,,-0.41444504728372067,-8.779948131035056,-1.9768498179739424,,,,0.0,0.0,0.0,,,,,,,,0.9313854828895813,0.9459272027015686,0.9647253785267411,,,,,,,,0.9228545798355318,0.9670616984367371,0.958817387824001,,,,,
urgent_test-blind_0569_421__p004000,4,2.8724972990426845,2.8724972990426845,3.187178875049633,3.0109477259358424,3.0791734536114252,,0.31468157600694857,0.1384504268931579,0.20667615456874078,,3.919872522354126,3.919872522354126,3.847205618777907,3.786478042602539,3.693037991542893,,-0.07266690357621908,-0.13339447975158691,-0.22683453081123295,,3.165087938308716,3.165087938308716,3.1971346671322745,3.3736504675394077,3.151167578965306,,0.032046728823558635,0.20856252923069185,-0.01392035934340985,,3.177331829071045,3.177331829071045,2.96534251707146,2.82315673828125,3.0768062677728123,,-0.21198931199958482,-0.3541750907897949,-0.10052556129823254,,4.386404863993326,4.386404863993326,4.22817462783262,3.021787961324056,4.428869763084524,,-0.15823023616070664,-1.3646169026692703,0.04246489909119777,,3.712566614151001,3.712566614151001,4.090921924774905,3.864074945449829,4.584327113676262,,0.3783553106239044,0.15150833129882812,0.8717604995252612,,4.103484630584717,4.103484630584717,4.321376662656485,4.231359958648682,4.381644404078104,,0.21789203207176833,0.12787532806396484,0.27815977349338716,,4.23374080657959,4.23374080657959,4.619546763868217,4.300492355622441,4.830354044236333,,0.38580595728862743,0.06675154904285119,0.5966132376567428,,41.46957778930664,41.46957778930664,41.73924255371094,20.020647048950195,42.46058654785156,,0.2696647644042969,-21.448930740356445,0.9910087585449219,,43.05012153149198,43.05012153149198,43.791269785517834,43.4873616866321,44.14965460744504,,0.7411482540258518,0.4372401551401168,1.0995330759530617,,,,0.0,0.0,0.0,,,,,,0.9218729138374329,0.9218729138374329,0.9313854828895813,0.9459272027015686,0.9362779642683435,,0.009512569052148478,0.024054288864135742,0.01440505043091067,,0.8727207,0.8727207,0.8598875627251314,0.85493,0.958817387824001,,-0.012833137274868567,-0.017790700000000048,0.08609668782400104,
urgent_test-blind_0569_522__p004000,4,3.0763658151931903,3.0763658151931903,3.187178875049633,3.0109477259358424,3.0791734536114252,,0.11081305985644274,-0.06541808925734793,0.002807638418234948,,4.074113368988037,4.074113368988037,3.847205618777907,3.786478042602539,4.132681272116052,,-0.2269077502101302,-0.28763532638549805,0.058567903128015075,,3.7815990447998047,3.7815990447998047,3.313102995056704,3.3736504675394077,3.3286957884409336,,-0.4684960497431008,-0.407948577260397,-0.4529032563588711,,2.710928440093994,2.710928440093994,2.96534251707146,3.117723274230957,3.0768062677728123,,0.2544140769774659,0.4067948341369627,0.36587782767881816,,4.539055379231771,4.539055379231771,4.468770009159563,3.907829252878825,4.428869763084524,,-0.0702853700722077,-0.6312261263529457,-0.11018561614724653,,4.377577781677246,4.377577781677246,4.090921924774905,3.864074945449829,4.584327113676262,,-0.28665585690234074,-0.513502836227417,0.20674933199901613,,4.23884391784668,4.23884391784668,4.321376662656485,4.300634114139051,4.25769880785042,,0.08253274480980544,0.061790196292371036,0.018854890003740188,,4.486608028411865,4.486608028411865,4.619546763868217,4.515913963317871,4.830354044236333,,0.13293873545635204,0.02930593490600586,0.3437460158244674,,40.8733024597168,40.8733024597168,42.34355926513672,20.020647048950195,42.46058654785156,,1.4702568054199219,-20.8526554107666,1.5872840881347656,,42.82339907684271,42.82339907684271,43.791269785517834,44.00420015714539,43.82666147389919,,0.9678707086751217,1.180801080302679,1.0032623970564813,,,,0.0,0.0,0.0,,,,,,0.9408627152442932,0.9408627152442932,0.9313854828895813,0.9459272027015686,0.9647253785267411,,-0.009477232354711873,0.005064487457275391,0.023862663282447905,,0.9306919,0.9306919,0.9644771232662431,0.85493,0.9759322871644813,,0.033785223266243114,-0.07576190000000005,0.04524038716448131,
urgent_test-blind_0643_417__p004000,4,3.225900304300783,3.225900304300783,3.187178875049633,3.1530025159952157,2.7434712627911653,,-0.038721429251149964,-0.07289778830556726,-0.48242904150961774,,3.9201765060424805,3.9201765060424805,3.847205618777907,3.786478042602539,3.693037991542893,,-0.07297088726457357,-0.1336984634399414,-0.22713851449958744,,2.565340995788574,2.565340995788574,2.528921655861728,2.5317776203155518,2.1640160203458807,,-0.036419339926846206,-0.03356337547302246,-0.4013249754426935,,3.2706062316894533,3.2706062316894533,2.96534251707146,2.82315673828125,2.7433993513804364,,-0.3052637146179933,-0.4474494934082034,-0.5272068803090169,,4.488185437520345,4.488185437520345,4.497222592840233,3.9670161406199136,4.2766554302639435,,0.009037155319887802,-0.5211692969004313,-0.21153000725640148,,3.3621277809143066,3.3621277809143066,4.090921924774905,3.864074945449829,4.484505173671676,,0.7287941438605987,0.5019471645355225,1.122377392757369,,3.930649757385254,3.930649757385254,3.9595354465116936,4.461968898773193,4.25769880785042,,0.02888568912643974,0.5313191413879395,0.32704905046516597,,3.0536410808563232,3.0536410808563232,4.619546763868217,4.711663246154785,4.531355365691894,,1.565905683011894,1.658022165298462,1.4777142848355709,,42.05992126464844,42.05992126464844,42.316993713378906,42.37028503417969,41.73924255371094,,0.25707244873046875,0.31036376953125,-0.3206787109375,,43.81668708754573,43.81668708754573,43.791269785517834,43.798571638281274,43.24447976954628,,-0.025417302027896937,-0.01811544926445663,-0.5722073179994496,,,,0.0,0.0,0.0,,,,,,0.9012786746025085,0.9012786746025085,0.8958807491873163,0.9459272027015686,0.9168841319390569,,-0.0053979254151922396,0.04464852809906006,0.01560545733654839,,0.94782025,0.94782025,0.8598875627251314,0.85493,0.9031822060131303,,-0.08793268727486858,-0.09289025000000006,-0.04463804398686977,
urgent_test-blind_0643_440__p004000,4,3.2686813171967204,3.2686813171967204,3.402553986202744,3.249502302100756,3.0791734536114252,,0.13387266900602368,-0.019179015095964314,-0.18950786358529514,,3.819361448287964,3.819361448287964,4.092316354613706,3.786478042602539,3.8671293000140823,,0.27295490632574193,-0.032883405685424805,0.047767851726118415,,2.783496379852295,2.783496379852295,2.8687779874686736,2.725235939025879,2.1640160203458807,,0.08528160761637871,-0.058260440826416016,-0.6194803595064142,,3.5710769176483153,3.5710769176483153,2.96534251707146,2.82315673828125,2.7433993513804364,,-0.6057344005768552,-0.7479201793670653,-0.8276775662678788,,4.711662292480469,4.711662292480469,4.497222592840233,3.9670161406199136,4.2766554302639435,,-0.21443969964023601,-0.7446461518605552,-0.4350068622165253,,4.607471942901611,4.607471942901611,4.6822365335671305,5.016104916492144,4.584327113676262,,0.07476459066551921,0.4086329735905325,-0.023144829225349106,,4.430139541625977,4.430139541625977,4.477402284920934,4.566967964172363,4.381644404078104,,0.047262743294957055,0.13682842254638672,-0.0484951375478726,,4.649076461791992,4.649076461791992,4.836176033479622,4.913525581359863,4.830354044236333,,0.18709957168762958,0.2644491195678711,0.18127758244434045,,42.27307891845703,42.27307891845703,42.316993713378906,42.37028503417969,41.73924255371094,,0.043914794921875,0.09720611572265625,-0.5338363647460938,,44.004676802777745,44.004676802777745,43.791269785517834,44.00420015714539,43.24447976954628,,-0.21340701725991096,-0.0004766456323537227,-0.7601970332314636,,,,0.0,0.0,0.0,,,,,,0.9189391136169434,0.9189391136169434,0.9313854828895813,0.9459272027015686,0.9546775951921701,,0.01244636927263798,0.026988089084625244,0.035738481575226744,,0.942789,0.942789,0.9228545798355318,0.85493,0.9031822060131303,,-0.019934420164468225,-0.08785900000000002,-0.039606793986869726,
urgent_test-blind_0643_451__p004000,4,3.1814640812761876,3.1814640812761876,3.187178875049633,3.01342121012333,3.0791734536114252,,0.005714793773445415,-0.16804287115285765,-0.10229062766476238,,3.7825164794921875,3.7825164794921875,3.847205618777907,3.786478042602539,3.693037991542893,,0.0646891392857194,0.0039615631103515625,-0.08947848794929447,,2.468722343444824,2.468722343444824,2.1796877211835013,2.4810056686401367,2.1640160203458807,,-0.2890346222613229,0.0122833251953125,-0.3047063230989435,,2.9599668979644775,2.9599668979644775,2.96534251707146,2.82315673828125,2.7433993513804364,,0.005375619106982477,-0.13681015968322763,-0.2165675465840411,,4.627402019500733,4.627402019500733,4.22817462783262,3.9737770714434273,4.2766554302639435,,-0.39922739166811283,-0.6536249480573053,-0.35074658923678914,,2.565190315246582,2.565190315246582,4.090921924774905,3.864074945449829,4.484505173671676,,1.5257316095283233,1.298884630203247,1.9193148584250936,,3.827784299850464,3.827784299850464,4.20379814756922,4.300634114139051,4.25769880785042,,0.376013847718756,0.47284981428858686,0.429914507999956,,2.5402204990386963,2.5402204990386963,4.619546763868217,4.541118432240313,3.871898666443116,,2.079326264829521,2.0008979332016166,1.3316781674044198,,42.186553955078125,42.186553955078125,41.73924255371094,40.71783447265625,41.73924255371094,,-0.4473114013671875,-1.468719482421875,-0.4473114013671875,,43.396250272711356,43.396250272711356,43.791269785517834,43.76383551210447,42.22886501482761,,0.39501951280647774,0.36758523939311516,-1.167385257883744,,,,0.0,0.0,0.0,,,,,,0.9008837938308716,0.9008837938308716,0.8958807491873163,0.9459272027015686,0.9168841319390569,,-0.005003044643555277,0.04504340887069702,0.016000338108185352,,0.66128033,0.66128033,0.8772602619895016,0.85493,0.9031822060131303,,0.2159799319895016,0.19364967,0.2419018760131303,
urgent_test-blind_0643_454__p004000,4,3.225900304300783,3.225900304300783,3.187178875049633,3.1530025159952157,2.7434712627911653,,-0.038721429251149964,-0.07289778830556726,-0.48242904150961774,,3.9201765060424805,3.9201765060424805,3.847205618777907,3.786478042602539,3.693037991542893,,-0.07297088726457357,-0.1336984634399414,-0.22713851449958744,,2.565340995788574,2.565340995788574,2.528921655861728,2.5317776203155518,2.1640160203458807,,-0.036419339926846206,-0.03356337547302246,-0.4013249754426935,,3.5786428928375242,3.5786428928375242,2.96534251707146,2.82315673828125,2.7433993513804364,,-0.6133003757660642,-0.7554861545562743,-0.8352435414570878,,4.483902072906494,4.483902072906494,4.497222592840233,3.9670161406199136,4.2766554302639435,,0.01332051993373895,-0.5168859322865802,-0.20724664264255033,,3.3621277809143066,3.3621277809143066,4.090921924774905,3.864074945449829,4.484505173671676,,0.7287941438605987,0.5019471645355225,1.122377392757369,,3.930649757385254,3.930649757385254,3.9595354465116936,4.461968898773193,4.25769880785042,,0.02888568912643974,0.5313191413879395,0.32704905046516597,,3.0536410808563232,3.0536410808563232,4.619546763868217,4.711663246154785,4.531355365691894,,1.565905683011894,1.658022165298462,1.4777142848355709,,42.06825256347656,42.06825256347656,42.316993713378906,42.37028503417969,41.73924255371094,,0.24874114990234375,0.302032470703125,-0.329010009765625,,43.81668679224867,43.81668679224867,43.791269785517834,43.798571638281274,43.24447976954628,,-0.02541700673083369,-0.018115153967393383,-0.5722070227023863,,,,0.0,0.0,0.0,,,,,,0.9012786746025085,0.9012786746025085,0.8958807491873163,0.9459272027015686,0.9168841319390569,,-0.0053979254151922396,0.04464852809906006,0.01560545733654839,,0.94782025,0.94782025,0.8598875627251314,0.85493,0.9031822060131303,,-0.08793268727486858,-0.09289025000000006,-0.04463804398686977,
urgent_test-blind_0716_483__p004000,4,3.2719389475421363,3.2719389475421363,3.447478152187994,3.4701656673819166,3.2865507248906676,,0.1755392046458577,0.19822671983978024,0.014611777348531252,,3.8971800804138184,3.8971800804138184,4.092316354613706,4.125739097595215,4.132681272116052,,0.19513627419988744,0.22855901718139648,0.23550119170223383,,3.595379114151001,3.595379114151001,3.6123836988426112,3.3736504675394077,3.706664647443228,,0.01700458469161026,-0.2217286466115933,0.1112855332922269,,3.598528242111206,3.598528242111206,3.6653030223157037,3.421864988717688,3.0768062677728123,,0.06677478020449756,-0.17666325339351818,-0.5217219743383938,,4.155323155721029,4.155323155721029,4.497222592840233,4.66079781850179,4.526431086360211,,0.3418994371192037,0.5054746627807614,0.371107930639182,,4.914485931396484,4.914485931396484,4.890166926096721,5.016104916492144,4.584327113676262,,-0.024319005299763496,0.10161898509565948,-0.33015881772022215,,4.631887912750244,4.631887912750244,4.58849601860506,4.566967964172363,4.607645464709485,,-0.043391894145184295,-0.06491994857788086,-0.024242448040759257,,4.883089542388916,4.883089542388916,4.836176033479622,4.913525581359863,4.830354044236333,,-0.046913508909294244,0.030436038970947266,-0.05273549815258338,,41.944976806640625,41.944976806640625,41.73924255371094,40.71783447265625,42.46058654785156,,-0.2057342529296875,-1.227142333984375,0.5156097412109375,,43.32621641013374,43.32621641013374,42.366300781778975,43.4873616866321,43.94723624135117,,-0.9599156283547643,0.16114527649835964,0.6210198312174313,,,,0.0,0.0,0.0,,,,,,0.9329379200935364,0.9329379200935364,0.9566694577056242,0.9459272027015686,0.9647253785267411,,0.023731537612087794,0.012989282608032227,0.03178745843320474,,0.9015488,0.9015488,0.9644771232662431,0.9670616984367371,0.9950345898249063,,0.06292832326624309,0.06551289843673702,0.0934857898249063,
urgent_test-blind_0747_417__p004000,4,2.7241558594513307,2.7241558594513307,3.187178875049633,3.0109477259358424,3.2865507248906676,,0.4630230155983024,0.2867918664845117,0.5623948654393369,,3.438380002975464,3.438380002975464,3.847205618777907,3.5265117093741174,3.693037991542893,,0.40882561580244303,0.08813170639865353,0.25465798856742916,,2.772001028060913,2.772001028060913,2.622812587094594,2.725235939025879,2.5060901957822126,,-0.1491884409663191,-0.04676508903503418,-0.2659108322787005,,3.2152458667755126,3.2152458667755126,2.96534251707146,2.82315673828125,3.0768062677728123,,-0.2499033497040526,-0.3920891284942627,-0.1384395990027003,,3.033578093846639,3.033578093846639,4.22817462783262,3.021787961324056,3.6732178850825052,,1.194596533985981,-0.011790132522582653,0.6396397912358665,,3.041447877883911,3.041447877883911,4.090921924774905,3.864074945449829,4.484505173671676,,1.0494740468909942,0.822627067565918,1.4430572957877645,,3.1418731212615967,3.1418731212615967,4.20379814756922,3.9860012531280518,4.381644404078104,,1.0619250263076232,0.8441281318664551,1.2397712828165073,,3.1853740215301514,3.1853740215301514,4.619546763868217,4.711663246154785,4.830354044236333,,1.434172742338066,1.5262892246246338,1.6449800227061813,,42.34355926513672,42.34355926513672,42.316993713378906,42.37028503417969,41.73924255371094,,-0.0265655517578125,0.02672576904296875,-0.6043167114257812,,43.54376336364882,43.54376336364882,43.791269785517834,44.00420015714539,43.94723624135117,,0.24750642186901217,0.4604367934965694,0.40347287770234885,,,,0.0,0.0,0.0,,,,,,0.9068677425384521,0.9068677425384521,0.8958807491873163,0.8984962206288992,0.9168841319390569,,-0.010986993351135843,-0.008371521909552926,0.010016389400604786,,0.7421794,0.7421794,0.8598875627251314,0.85493,0.7812010723756452,,0.1177081627251314,0.11275059999999992,0.03902167237564513,
urgent_test-blind_0747_457__p004000,4,2.6814363543482735,2.6814363543482735,3.187178875049633,3.01342121012333,3.0587917036867385,,0.5057425207013595,0.33198485577505643,0.37735534933846493,,3.004215955734253,3.004215955734253,3.3993454036942445,3.2239513397216797,3.007784935843992,,0.3951294479599916,0.21973538398742676,0.0035689801097391616,,2.527923107147217,2.527923107147217,2.1796877211835013,2.633227917085211,2.1640160203458807,,-0.3482353859637155,0.10530480993799429,-0.3639070868013361,,2.946695852279663,2.946695852279663,2.7695862099827533,2.82315673828125,2.302188400283875,,-0.17710964229690962,-0.123539113998413,-0.6445074519957879,,3.809426689147949,3.809426689147949,3.612587761400215,3.9737770714434273,3.272867266337077,,-0.19683892774773426,0.16435038229547816,-0.5365594228108721,,2.657327890396118,2.657327890396118,2.875215337937137,3.003086417554372,2.9315143033682576,,0.21788744754101863,0.34575852715825395,0.2741864129721394,,3.240196466445923,3.240196466445923,4.011245566678334,3.795878034040152,3.6343171912503527,,0.7710491002324114,0.5556815675942293,0.39412072480442983,,2.961148738861084,2.961148738861084,1.5425501846405396,1.389709711074829,3.928551262162297,,-1.4185985542205444,-1.5714390277862549,0.9674025233012129,,33.42396545410156,33.42396545410156,42.34355926513672,27.29269027709961,25.31194503048816,,8.919593811035156,-6.131275177001953,-8.112020423613401,,37.15099411267679,37.15099411267679,43.791269785517834,38.28654816687972,30.05884296600842,,6.640275672841042,1.1355540542029274,-7.092151146668371,,,,0.0,0.0,0.0,,,,,,0.911128580570221,0.911128580570221,0.8532589994759924,0.8984962206288992,0.843022027887015,,-0.05786958109422857,-0.012632359941321725,-0.06810655268320598,,0.805389,0.805389,0.8555067700615696,0.85493,0.6846697782895651,,0.05011777006156959,0.049540999999999946,-0.12071922171043492,
urgent_test-blind_0763_532__p004000,4,2.999718889569188,2.999718889569188,3.187178875049633,3.1530025159952157,3.0587917036867385,,0.18745998548044485,0.15328362642602755,0.059072814117550276,,3.736952304840088,3.736952304840088,3.68261251679386,3.5265117093741174,3.444607953948668,,-0.054339788046227966,-0.2104405954659705,-0.29234435089141986,,2.49696946144104,2.49696946144104,2.8687779874686736,2.8743040561676025,2.5060901957822126,,0.3718085260276336,0.3773345947265625,0.009120734341172554,,2.944104814529419,2.944104814529419,2.96534251707146,2.82315673828125,2.7595813303108674,,0.02123770254204116,-0.12094807624816895,-0.18452348421855147,,3.8073615550994875,3.8073615550994875,4.22817462783262,3.9737770714434273,3.6732178850825052,,0.4208130727331323,0.1664155163439398,-0.13414367001698224,,3.9136531352996826,3.9136531352996826,3.513752831033913,3.003086417554372,2.9315143033682576,,-0.3999003042657696,-0.9105667177453105,-0.982138831931425,,4.246371269226074,4.246371269226074,3.9595354465116936,3.9860012531280518,4.25769880785042,,-0.2868358227143806,-0.26037001609802246,0.011327538624345657,,4.578185558319092,4.578185558319092,4.619546763868217,4.300492355622441,3.928551262162297,,0.04136120554912548,-0.27769320269665076,-0.6496342961567949,,41.928794860839844,41.928794860839844,40.56774139404297,17.370468139648438,13.059100162552063,,-1.361053466796875,-24.558326721191406,-28.86969469828778,,43.892234092294615,43.892234092294615,42.366300781778975,15.344282541230317,19.233737300671013,,-1.52593331051564,-28.547951551064298,-24.6584967916236,,,,0.0,0.0,0.0,,,,,,,,0.9313854828895813,0.9459272027015686,0.9647253785267411,,,,,,,,0.9644771232662431,0.85493,0.958817387824001,,,,,
urgent_test-blind_0801_455__p004000,4,2.727844997455682,2.727844997455682,2.33905517046609,2.332197092064295,2.2212985153749534,,-0.3887898269895924,-0.39564790539138706,-0.5065464820807288,,2.8814432621002197,2.8814432621002197,3.2423034058995994,2.89228892326355,2.7784571173679398,,0.3608601437993797,0.010845661163330078,-0.10298614473227996,,1.3400324583053589,1.3400324583053589,1.332007497189993,1.2770386934280396,1.2701144151419521,,-0.008024961115365992,-0.06299376487731934,-0.06991804316340677,,1.7976871967315673,1.7976871967315673,2.179533685163322,2.1282028916370437,1.7205357574554812,,0.3818464884317545,0.3305156949054764,-0.07715143927608614,,2.189395793279012,2.189395793279012,3.4801623478471995,2.3831069636057656,2.5688801321159884,,1.2907665545681875,0.19371117032675356,0.3794843388369764,,2.2980029582977295,2.2980029582977295,2.875215337937137,1.9918286039168582,1.5732554288274314,,0.5772123796394073,-0.30617435438087126,-0.7247475294702981,,2.922367811203003,2.922367811203003,3.1657044054513954,2.5186636447906494,2.4537845845203323,,0.2433365942483925,-0.4037041664123535,-0.4685832266826706,,3.1540095806121826,3.1540095806121826,3.764311608061733,2.94353985786438,3.1656128354819426,,0.6103020274495505,-0.21046972274780273,0.011603254869759994,,37.375022888183594,37.375022888183594,39.603267669677734,17.370468139648438,22.74061107635498,,2.2282447814941406,-20.004554748535156,-14.634411811828613,,38.18221724110113,38.18221724110113,29.557516334928224,19.959982656587627,19.233737300671013,,-8.624700906172905,-18.2222345845135,-18.948479940430115,,,,0.0,0.0,0.0,,,,,,0.774182915687561,0.774182915687561,0.8339530495275934,0.7907151579856873,0.7390830727466139,,0.05977013384003238,0.01653224229812622,-0.035099842940947146,,0.3588304,0.3588304,0.12794155558668466,0.7538637195725038,0.46247691813721714,,-0.23088884441331534,0.39503331957250376,0.10364651813721715,
urgent_test-blind_0801_459__p004000,4,2.6386275059363555,2.6386275059363555,1.7918044343266315,1.6061153759472475,1.8254229189052373,,-0.846823071609724,-1.032512129989108,-0.8132045870311182,,2.329663038253784,2.329663038253784,2.506017919046333,2.456054449081421,2.3350296020507812,,0.17635488079254902,0.12639141082763672,0.00536656379699707,,1.3014639616012573,1.3014639616012573,1.2825378481164036,1.2598223686218262,1.2701144151419521,,-0.018926113484853735,-0.04164159297943115,-0.03134954645930521,,1.7564461708068848,1.7564461708068848,1.7044373755474167,2.1282028916370437,1.7205357574554812,,-0.05200879525946811,0.37175672083015887,-0.03591041335140366,,1.3995797077814738,1.3995797077814738,2.905926442050551,1.375575335820516,1.733218263047766,,1.506346734269077,-0.024004371960957727,0.33363855526629216,,0.9872192740440369,0.9872192740440369,1.6865811908101462,1.1118789911270142,1.5732554288274314,,0.6993619167661094,0.1246597170829773,0.5860361547833945,,2.1857638359069824,2.1857638359069824,2.7466313063380228,2.009313520178737,1.910053672081974,,0.5608674704310403,-0.17645031572824532,-0.27571016382500835,,3.347097396850586,3.347097396850586,3.667062759399414,3.3011369705200195,3.1656128354819426,,0.3199653625488281,-0.045960426330566406,-0.18148456136864333,,15.241104125976562,15.241104125976562,9.675816769580765,5.465547561645508,9.527900446849657,,-5.565287356395798,-9.775556564331055,-5.713203679126906,,15.278123960813183,15.278123960813183,6.834070367619018,7.506840487240041,11.525480238086931,,-8.444053593194164,-7.771283473573142,-3.7526437227262512,,,,0.0,0.0,0.0,,,,,,0.6539775729179382,0.6539775729179382,0.7270962193787817,0.6807832717895508,0.6905761009239288,,0.07311864646084343,0.02680569887161255,0.036598528005990616,,0.14956535,0.14956535,0.12794155558668466,0.5318703055381775,0.46247691813721714,,-0.021623794413315356,0.38230495553817745,0.3129115681372171,
urgent_test-blind_0801_468__p004000,4,2.684051002307226,2.684051002307226,2.633601304863325,3.208561765062164,2.7434712627911653,,-0.050449697443901265,0.5245107627549377,0.059420260483939114,,3.177006721496582,3.177006721496582,3.3993454036942445,3.2979185035429808,3.3930183816626367,,0.2223386821976625,0.12091178204639874,0.21601166016605466,,1.3157093524932861,1.3157093524932861,1.332007497189993,1.3172378540039062,1.4004102586263634,,0.016298144696706762,0.0015285015106201172,0.08470090613307724,,1.8402361392974853,1.8402361392974853,2.179533685163322,2.1282028916370437,2.2371546574864523,,0.3392975458658365,0.2879667523395584,0.39691851818896695,,2.3487377802530927,2.3487377802530927,3.612587761400215,2.3831069636057656,3.424397902922777,,1.2638499811471222,0.034369183352672916,1.0756601226696842,,2.9085824489593506,2.9085824489593506,2.875215337937137,2.51006817817688,2.355838153256949,,-0.03336711102221379,-0.3985142707824707,-0.5527442957024018,,3.9116671085357666,3.9116671085357666,3.7479782233755277,3.795878034040152,3.5000575565430054,,-0.16368888516023894,-0.11578907449561449,-0.41160955199276117,,3.8824546337127686,3.8824546337127686,3.764311608061733,3.528994528644056,3.1656128354819426,,-0.1181430256510354,-0.3534601050687125,-0.7168417982308259,,9.590417861938477,9.590417861938477,41.73924255371094,27.29269027709961,37.8531608581543,,32.14882469177246,17.702272415161133,28.26274299621582,,9.915670351488403,9.915670351488403,43.791269785517834,44.76826328911652,39.81677967661731,,33.87559943402943,34.85259293762812,29.901109325128907,,,,0.0,0.0,0.0,,,,,,0.8205379247665405,0.8205379247665405,0.8339530495275934,0.7907151579856873,0.8244241985930018,,0.013415124761052888,-0.02982276678085327,0.0038862738264612284,,0.43893132,0.43893132,0.4107864313575637,0.7538637195725038,0.6846697782895651,,-0.028144888642436305,0.31493239957250374,0.2457384582895651,
urgent_test-blind_0804_447__p004000,4,2.330600993559453,2.330600993559453,2.33905517046609,1.914404993512341,1.8254229189052373,,0.008454176906636857,-0.4161960000471119,-0.5051780746542156,,3.1463794708251953,3.1463794708251953,2.9317514561266305,2.730695267757737,2.839452436171382,,-0.21462801469856485,-0.4156842030674581,-0.3069270346538131,,1.263290524482727,1.263290524482727,1.2752637906246875,1.2598223686218262,1.2423320369548108,,0.011973266141960481,-0.003468155860900879,-0.020958487527916292,,1.9935224533081055,1.9935224533081055,2.179533685163322,2.1282028916370437,1.946901224703195,,0.18601123185521629,0.13468043832893817,-0.04662122860491058,,2.866141907374064,2.866141907374064,2.905926442050551,2.3831069636057656,2.9756688731422067,,0.03978453467648668,-0.4830349437682986,0.10952696576814258,,1.8188713788986206,1.8188713788986206,1.6865811908101462,1.5280352830886845,1.5732554288274314,,-0.13229018808847437,-0.2908360958099361,-0.2456159500711892,,3.1415112018585205,3.1415112018585205,3.18416780305196,3.5392496212419258,2.773147483427362,,0.0426566011934395,0.39773841938340526,-0.36836371843115856,,3.262483835220337,3.262483835220337,1.799605076571545,2.706125951675047,2.1205695091959944,,-1.462878758648792,-0.55635788354529,-1.1419143260243425,,39.54692077636719,39.54692077636719,5.218179266136812,-17.183237719248577,1.7227483889664035,,-34.32874151023037,-56.73015849561577,-37.824172387400786,,40.49033281218952,40.49033281218952,11.148725038606292,-9.015849860227167,-0.7119967239552988,,-29.341607773583227,-49.506182672416685,-41.20232953614482,,,,0.0,0.0,0.0,,,,,,,,0.7270962193787817,0.7375310034636992,0.7390830727466139,,,,,,,,0.4107864313575637,0.7538637195725038,0.6846697782895651,,,,,
urgent_test-blind_0825_443__p004000,4,2.139134755928223,2.139134755928223,2.33905517046609,2.2511874260427778,1.8254229189052373,,0.1999204145378668,0.11205267011455478,-0.31371183702298566,,3.06086802482605,3.06086802482605,3.155165635917081,2.730695267757737,3.007784935843992,,0.09429761109103119,-0.3301727570683126,-0.05308308898205771,,1.2547131776809692,1.2547131776809692,1.332007497189993,1.2770386934280396,1.2701144151419521,,0.07729431950902366,0.022325515747070312,0.015401237460982875,,1.955368661880493,1.955368661880493,2.179533685163322,2.1282028916370437,1.7205357574554812,,0.22416502328282872,0.1728342297565506,-0.23483290442501192,,2.6760416348775227,2.6760416348775227,3.612587761400215,2.014257786838884,2.5688801321159884,,0.9365461265226922,-0.6617838480386387,-0.10716150276153424,,1.8424931764602661,1.8424931764602661,2.0468966960906982,1.6024618608405792,1.5732554288274314,,0.20440351963043213,-0.24003131561968694,-0.2692377476328347,,1.6940367221832275,1.6940367221832275,2.640939482723374,2.009313520178737,2.4537845845203323,,0.9469027605401465,0.31527679799550956,0.7597478623371048,,2.289278745651245,2.289278745651245,3.764311608061733,3.1096510887145996,3.1656128354819426,,1.475032862410488,0.8203723430633545,0.8763340898306975,,36.803131103515625,36.803131103515625,25.09438239714228,9.976408958435059,38.344276428222656,,-11.708748706373346,-26.826722145080566,1.5411453247070312,,37.29789004121247,37.29789004121247,40.156060977297116,13.375461168411661,39.81677967661731,,2.8581709360846475,-23.922428872800808,2.5188896354048396,,,,0.0,0.0,0.0,,,,,,,,0.8339530495275934,0.8168763518333435,0.802390929685539,,,,,,,,0.7203324336603464,0.6533812880516052,0.6846697782895651,,,,,
urgent_test-blind_0825_517__p004000,4,2.3932615011765677,2.3932615011765677,2.33905517046609,2.50074513121587,1.9495668063148022,,-0.05420633071047787,0.10748363003930228,-0.4436946948617655,,3.1660549640655518,3.1660549640655518,3.155165635917081,3.035421133041382,3.007784935843992,,-0.010889328148470767,-0.13063383102416992,-0.15827002822155967,,1.2781610488891602,1.2781610488891602,1.2752637906246875,1.2770386934280396,1.2865364316955628,,-0.002897258264472624,-0.0011223554611206055,0.008375382806402598,,1.9055005073547364,1.9055005073547364,2.179533685163322,2.1282028916370437,1.946901224703195,,0.2740331778085854,0.22270238428230726,0.041400717348458516,,2.6353538354237873,2.6353538354237873,3.612587761400215,2.3831069636057656,2.9756688731422067,,0.9772339259764276,-0.25224687181802175,0.3403150377184194,,2.140369176864624,2.140369176864624,2.875215337937137,2.217057466506958,2.0590989790767074,,0.7348461610725128,0.07668828964233398,-0.08127019778791666,,1.8227207660675049,1.8227207660675049,3.1657044054513954,3.5392496212419258,2.773147483427362,,1.3429836393838905,1.7165288551744209,0.9504267173598571,,3.738661766052246,3.738661766052246,3.764311608061733,3.1096510887145996,3.1656128354819426,,0.025649842009487056,-0.6290106773376465,-0.5730489305703035,,38.29154586791992,38.29154586791992,39.603267669677734,17.370468139648438,25.31194503048816,,1.3117218017578125,-20.921077728271484,-12.97960083743176,,38.8817140823966,38.8817140823966,40.156060977297116,35.4257667017665,19.233737300671013,,1.2743468949005177,-3.4559473806301,-19.647976781725585,,,,0.0,0.0,0.0,,,,,,,,0.8755262415093111,0.819348156452179,0.843022027887015,,,,,,,,0.8598875627251314,0.6533812880516052,0.6846697782895651,,,,,
urgent_test-blind_0855_492__p004000,4,2.8013297982852983,2.8013297982852983,2.532496624886359,2.7851430607759675,2.51490741576413,,-0.2688331733989391,-0.01618673750933075,-0.2864223825211685,,3.5893170833587646,3.5893170833587646,3.3993454036942445,3.2823985800685653,3.444607953948668,,-0.1899716796645201,-0.3069185032901993,-0.14470912941009662,,1.3325715065002441,1.3325715065002441,1.332007497189993,1.3172378540039062,1.4537379677037159,,-0.0005640093102512456,-0.01533365249633789,0.12116646120347174,,2.5805243968963625,2.5805243968963625,2.179533685163322,2.1282028916370437,2.2371546574864523,,-0.4009907117330407,-0.4523215052593188,-0.3433697394099102,,3.7266883850097656,3.7266883850097656,3.612587761400215,3.021787961324056,3.272867266337077,,-0.11410062360955076,-0.7049004236857095,-0.4538211186726886,,2.9151265621185303,2.9151265621185303,2.875215337937137,2.0853068828582764,2.9315143033682576,,-0.03991122418139348,-0.8298196792602539,0.016387741249727306,,3.948681592941284,3.948681592941284,3.9595354465116936,3.9860012531280518,3.3862234799258673,,0.010853853570409466,0.03731966018676758,-0.5624581130154169,,3.91361927986145,3.91361927986145,1.5425501846405396,1.9989220722612127,2.9252545038859052,,-2.3710690952209106,-1.9146972076002375,-0.988364775975545,,38.64825439453125,38.64825439453125,40.293331146240234,9.976408958435059,38.344276428222656,,1.6450767517089844,-28.67184543609619,-0.30397796630859375,,39.460909829833675,39.460909829833675,42.366300781778975,35.4257667017665,39.81677967661731,,2.9053909519453,-4.035143128067176,0.35586984678363365,,,,0.0,0.0,0.0,,,,,,0.79161536693573,0.79161536693573,0.8339530495275934,0.819348156452179,0.7874173991172668,,0.042337682591863435,0.027732789516448975,-0.004197967818463155,,0.57959175,0.57959175,0.7203324336603464,0.85493,0.6846697782895651,,0.14074068366034642,0.27533825,0.10507802828956514,
urgent_test-blind_0855_502__p004000,4,2.6712777094251616,2.6712777094251616,3.187178875049633,3.0109477259358424,2.7434712627911653,,0.5159011656244714,0.33967001651068074,0.07219355336600364,,3.7339842319488525,3.7339842319488525,3.847205618777907,3.5614230632781982,3.444607953948668,,0.11322138682905436,-0.1725611686706543,-0.2893762780001845,,1.3515374660491943,1.3515374660491943,1.332007497189993,1.3807680937181037,1.4537379677037159,,-0.01952996885920144,0.02923062766890938,0.10220050165452155,,2.6835415363311768,2.6835415363311768,2.7695862099827533,2.82315673828125,2.2371546574864523,,0.08604467365157653,0.13961520195007315,-0.4463868788447245,,4.055669260025025,4.055669260025025,3.612587761400215,3.9670161406199136,3.6664542737575263,,-0.4430814986248097,-0.088653119405111,-0.3892149862674983,,3.9333832263946533,3.9333832263946533,2.875215337937137,3.003086417554372,2.9315143033682576,,-1.0581678884575165,-0.9302968088402812,-1.0018689230263957,,4.239184856414795,4.239184856414795,3.9595354465116936,3.5392496212419258,3.6343171912503527,,-0.2796494099031013,-0.6999352351728692,-0.6048676651644422,,4.440157413482666,4.440157413482666,1.9930391512721417,1.9989220722612127,2.1205695091959944,,-2.447118262210524,-2.4412353412214536,-2.3195879042866716,,41.28472900390625,41.28472900390625,41.73924255371094,11.450604438781738,38.344276428222656,,0.4545135498046875,-29.83412456512451,-2.9404525756835938,,42.62239534594425,42.62239534594425,42.366300781778975,38.28654816687972,42.22886501482761,,-0.25609456416527365,-4.33584717906453,-0.3935303311166365,,,,0.0,0.0,0.0,,,,,,0.90810626745224,0.90810626745224,0.8958807491873163,0.9459272027015686,0.9168841319390569,,-0.012225518264923685,0.03782093524932861,0.008777864486816944,,0.84048593,0.84048593,0.8772602619895016,0.85493,0.9031822060131303,,0.03677433198950153,0.01444406999999992,0.06269627601313021,
urgent_test-blind_0867_421__p004000,4,2.630578336575243,2.630578336575243,2.33905517046609,2.3017087723212546,2.2212985153749534,,-0.2915231661091533,-0.3288695642539885,-0.4092798212002897,,2.809223175048828,2.809223175048828,2.9317514561266305,2.730695267757737,3.007784935843992,,0.12252828107780234,-0.07852790729109094,0.19856176079516397,,1.2428404092788696,1.2428404092788696,1.2462396621704102,1.2598223686218262,1.2423320369548108,,0.0033992528915405273,0.016981959342956543,-0.00050837232405887,,2.0506198406219482,2.0506198406219482,2.179533685163322,2.1282028916370437,1.7205357574554812,,0.12891384454137356,0.07758305101509544,-0.3300840831664671,,3.33380659421285,3.33380659421285,2.905926442050551,1.375575335820516,2.9756688731422067,,-0.42788015216229924,-1.958231258392334,-0.35813772107064334,,2.47786283493042,2.47786283493042,1.6865811908101462,1.6024618608405792,1.5732554288274314,,-0.7912816441202737,-0.8754009740898407,-0.9046074061029885,,2.7099289894104004,2.7099289894104004,2.7466313063380228,3.145225763320923,2.773147483427362,,0.03670231692762238,0.43529677391052246,0.06321849401696156,,4.016177654266357,4.016177654266357,3.667062759399414,2.706125951675047,2.1205695091959944,,-0.34911489486694336,-1.3100517025913105,-1.895608145070363,,33.12871551513672,33.12871551513672,39.603267669677734,27.29269027709961,25.31194503048816,,6.474552154541016,-5.836025238037109,-7.816770484648558,,35.72107314481117,35.72107314481117,40.156060977297116,38.28654816687972,39.81677967661731,,4.434987832485945,2.565475022068547,4.095706531806137,,,,0.0,0.0,0.0,,,,,,,,0.7468902686513572,0.7907151579856873,0.7390830727466139,,,,,,,,0.12794155558668466,0.43203091621398926,0.40332496317269073,,,,,
urgent_test-blind_0927_490__p004000,4,2.637130175804639,2.637130175804639,2.532496624886359,2.62766209467963,2.7434712627911653,,-0.10463355091827964,-0.009468081125008965,0.10634108698652645,,2.489037275314331,2.489037275314331,3.3993454036942445,3.035421133041382,3.444607953948668,,0.9103081283799135,0.5463838577270508,0.955570678634337,,1.464199185371399,1.464199185371399,1.332007497189993,1.3642550520150059,1.2865364316955628,,-0.13219168818140603,-0.09994413335639307,-0.17766275367583617,,2.5402016162872316,2.5402016162872316,2.285062718104167,2.1282028916370437,2.2371546574864523,,-0.25513889818306446,-0.41199872465018794,-0.30304695880077936,,4.563501930236816,4.563501930236816,3.612587761400215,2.3831069636057656,3.424397902922777,,-0.9509141688366012,-2.1803949666310505,-1.1391040273140391,,2.8253989219665527,2.8253989219665527,2.875215337937137,1.9918286039168582,2.9315143033682576,,0.04981641597058406,-0.8335703180496945,0.10611538140170484,,3.217122793197632,3.217122793197632,3.7479782233755277,3.9860012531280518,3.554293855605834,,0.5308554301778958,0.7688784599304199,0.33717106240820227,,3.30369234085083,3.30369234085083,3.764311608061733,2.94353985786438,3.1656128354819426,,0.46061926721090307,-0.3601524829864502,-0.13807950536888747,,39.76210403442383,39.76210403442383,40.293331146240234,20.020647048950195,38.344276428222656,,0.5312271118164062,-19.741456985473633,-1.4178276062011719,,40.977845145780464,40.977845145780464,42.366300781778975,7.506840487240041,39.81677967661731,,1.3884556359985112,-33.47100465854042,-1.1610654691631552,,,,0.0,0.0,0.0,,,,,,0.8587958216667175,0.8587958216667175,0.8339530495275934,0.7907151579856873,0.7390830727466139,,-0.024842772139124114,-0.06808066368103027,-0.11971274892010364,,0.8676384,0.8676384,0.7203324336603464,0.7538637195725038,0.6846697782895651,,-0.14730596633965365,-0.11377468042749628,-0.18296862171043493,
urgent_test-blind_0975_469__p004000,4,2.9933437200347512,2.9933437200347512,3.402553986202744,3.249502302100756,3.2865507248906676,,0.40921026616799283,0.25615858206600484,0.29320700485591633,,3.6345694065093994,3.6345694065093994,3.847205618777907,3.786478042602539,3.693037991542893,,0.21263621226850749,0.15190863609313965,0.058468585033493614,,2.0772318840026855,2.0772318840026855,3.1971346671322745,2.8743040561676025,2.9320456665682504,,1.119902783129589,0.797072172164917,0.8548137825655648,,2.9097238063812254,2.9097238063812254,2.96534251707146,2.82315673828125,3.818478139433037,,0.05561871069023461,-0.0865670680999755,0.9087543330518115,,2.9389689763387046,2.9389689763387046,4.497222592840233,2.3831069636057656,4.2766554302639435,,1.5582536165015282,-0.555862012732939,1.3376864539252389,,4.332660675048828,4.332660675048828,4.6822365335671305,4.575345039367676,4.584327113676262,,0.3495758585183024,0.24268436431884766,0.2516664386274341,,4.335922718048096,4.335922718048096,4.387541816895267,4.515665054321289,4.381644404078104,,0.051619098847170974,0.17974233627319336,0.04572168603000826,,4.731818199157715,4.731818199157715,4.836176033479622,4.711663246154785,4.830354044236333,,0.10435783432190693,-0.020154953002929688,0.09853584507861779,,36.49665832519531,36.49665832519531,42.316993713378906,40.71783447265625,42.46058654785156,,5.820335388183594,4.2211761474609375,5.96392822265625,,37.026111718376136,37.026111718376136,43.791269785517834,44.00420015714539,43.94723624135117,,6.765158067141698,6.978088438769255,6.921124522975035,,,,0.0,0.0,0.0,,,,,,,,0.9313854828895813,0.9459272027015686,0.9168841319390569,,,,,,,,0.9228545798355318,0.85493,0.9031822060131303,,,,,
urgent_test-blind_0993_454__p004000,4,3.1075261847138447,3.1075261847138447,3.394386716190266,3.1530025159952157,3.2865507248906676,,0.28686053147642143,0.045476331281371074,0.1790245401768229,,4.030272960662842,4.030272960662842,4.092316354613706,3.9014344215393066,4.132681272116052,,0.062043393950864,-0.12883853912353516,0.10240831145321039,,3.879504919052124,3.879504919052124,3.7765905110232802,3.3736504675394077,3.706664647443228,,-0.10291440802884377,-0.5058544515127164,-0.17284027160889615,,3.573048305511475,3.573048305511475,3.6653030223157037,3.2523393630981445,3.818478139433037,,0.09225471680422892,-0.32070894241333026,0.24542983392156215,,4.633869711558024,4.633869711558024,4.497222592840233,4.416389624277751,4.526431086360211,,-0.13664711871779112,-0.2174800872802729,-0.10743862519781278,,5.001392364501953,5.001392364501953,4.890166926096721,5.016104916492144,5.0101095452366105,,-0.11122543840523225,0.014712551990190725,0.008717180734657326,,4.532322406768799,4.532322406768799,4.7164740562438965,4.566967964172363,4.607645464709485,,0.18415164947509766,0.03464555740356445,0.07532305794068606,,4.86815071105957,4.86815071105957,4.836176033479622,4.913525581359863,4.830354044236333,,-0.03197467757994854,0.04537487030029297,-0.03779666682323768,,41.97750473022461,41.97750473022461,42.316993713378906,42.37028503417969,41.73924255371094,,0.3394889831542969,0.3927803039550781,-0.23826217651367188,,43.51846311521636,43.51846311521636,43.791269785517834,44.00420015714539,43.94723624135117,,0.27280667030147043,0.48573704192902767,0.4287731261348071,,,,0.0,0.0,0.0,,,,,,0.9541425704956055,0.9541425704956055,0.9566694577056242,0.9459272027015686,0.9647253785267411,,0.0025268872100187023,-0.008215367794036865,0.010582808031135649,,0.9181341,0.9181341,0.9228545798355318,0.8639521598815918,0.9759322871644813,,0.00472047983553181,-0.054181940118408156,0.057798187164481374,
urgent_test-blind_0993_525__p004000,4,3.093212442766119,3.093212442766119,3.394386716190266,3.249502302100756,3.2865507248906676,,0.30117427342414693,0.1562898593346369,0.1933382821245484,,3.9219067096710205,3.9219067096710205,4.092316354613706,4.014078617095947,4.132681272116052,,0.1704096449426853,0.09217190742492676,0.21077456244503168,,3.909268856048584,3.909268856048584,3.7765905110232802,3.3736504675394077,3.8371845325791694,,-0.13267834502530373,-0.5356183885091763,-0.07208432346941462,,3.5891767501831056,3.5891767501831056,3.925560276479606,3.4658153126038704,3.818478139433037,,0.33638352629650026,-0.12336143757923512,0.22930138924993138,,4.639186159769694,4.639186159769694,4.497222592840233,3.9737770714434273,4.680386371689149,,-0.14196356692946122,-0.6654090883262667,0.04120021191945522,,4.987416744232178,4.987416744232178,4.890166926096721,5.016104916492144,5.0101095452366105,,-0.09724981813545686,0.028688172259966116,0.022692801004432717,,4.361860752105713,4.361860752105713,4.58849601860506,4.566967964172363,4.607645464709485,,0.22663526649934695,0.2051072120666504,0.245784712603772,,4.85273551940918,4.85273551940918,4.836176033479622,4.913525581359863,4.830354044236333,,-0.016559485929557916,0.060790061950683594,-0.022381475172847054,,41.73924255371094,41.73924255371094,42.316993713378906,42.37028503417969,41.73924255371094,,0.5777511596679688,0.63104248046875,0.0,,43.26234501513575,43.26234501513575,43.791269785517834,44.00420015714539,42.7296377254337,,0.5289247703820834,0.7418551420096406,-0.5327072897020528,,,,0.0,0.0,0.0,,,,,,0.951872706413269,0.951872706413269,0.9566694577056242,0.9459272027015686,0.9647253785267411,,0.004796751292355128,-0.0059455037117004395,0.012852672113472074,,0.94571596,0.94571596,0.9644771232662431,0.9670616984367371,0.9950345898249063,,0.018761163266243108,0.02134573843673704,0.04931862982490631,
fileid_134162__p006000,6,2.2393895125903036,2.2393895125903036,1.961464750681442,1.977269707574564,2.2212985153749534,,-0.2779247619088616,-0.2621198050157396,-0.018090997215350235,,2.819329261779785,2.819329261779785,2.7378425569419402,2.730695267757737,2.7784571173679398,,-0.08148670483784493,-0.08863399402204797,-0.04087214441184539,,1.9382092952728271,1.9382092952728271,1.5313415972583266,1.3807680937181037,2.1640160203458807,,-0.4068676980145005,-0.5574412015547234,0.22580672507305355,,2.5239375114440916,2.5239375114440916,2.1746742607599283,2.486354217759098,2.2371546574864523,,-0.3492632506841633,-0.0375832936849938,-0.28678285395763936,,1.4192360480626425,1.4192360480626425,2.905926442050551,1.6903308788935343,1.733218263047766,,1.4866903939879084,0.2710948308308918,0.31398221498512346,,1.727636456489563,1.727636456489563,1.6865811908101462,1.9918286039168582,1.5732554288274314,,-0.04105526567941675,0.26419214742729524,-0.15438102766213158,,2.310302734375,2.310302734375,2.138635631067207,2.009313520178737,2.773147483427362,,-0.17166710330779278,-0.3009892141962629,0.46284474905236195,,3.9496028423309326,3.9496028423309326,3.764311608061733,3.8848892349794686,3.928551262162297,,-0.18529123426919947,-0.06471360735146403,-0.02105158016863573,,6.622535705566406,6.622535705566406,9.675816769580765,10.422271728515625,8.038731500326868,,3.0532810640143584,3.7997360229492188,1.416195794760462,,6.956070142936499,6.956070142936499,6.834070367619018,7.506840487240041,8.188180310056088,,-0.12199977531748019,0.5507703443035421,1.2321101671195898,,0.0,0.0,0.0,0.0,0.0,,0.0,0.0,0.0,,0.8500288724899292,0.8500288724899292,0.8755262415093111,0.857771098613739,0.8661046480558005,,0.025497369019381932,0.0077422261238098145,0.016075775565871253,,0.7443395256996155,0.7443395256996155,0.8555067700615696,0.85493,0.6846697782895651,,0.11116724436195413,0.11059047430038449,-0.05966974741005038,
fileid_243432__p006000,6,2.6129405193919375,2.6129405193919375,2.4868633897095065,2.5104980333264404,2.51490741576413,,-0.126077129682431,-0.10244248606549711,-0.0980331036278077,,3.1454899311065674,3.1454899311065674,3.048080182937254,2.8491427898406982,3.007784935843992,,-0.09740974816931347,-0.29634714126586914,-0.1377049952625753,,3.201009750366211,3.201009750366211,2.8687779874686736,2.8743040561676025,3.151167578965306,,-0.3322317628975373,-0.3267056941986084,-0.04984217140090497,,3.203497123718262,3.203497123718262,2.96534251707146,2.82315673828125,3.0768062677728123,,-0.23815460664680188,-0.380340385437012,-0.1266908559454496,,2.395634078979492,2.395634078979492,3.612587761400215,1.6903308788935343,2.9756688731422067,,1.2169536824207228,-0.7053032000859578,0.5800347941627146,,2.8249523639678955,2.8249523639678955,2.6053803354860787,2.532307897705629,2.9315143033682576,,-0.21957202848181678,-0.2926444662622667,0.10656193940036207,,1.4231338500976562,1.4231338500976562,1.779678765549717,1.6024749279022217,1.910053672081974,,0.3565449154520608,0.17934107780456543,0.4869198219843178,,4.620725154876709,4.620725154876709,4.0373803851116135,4.300492355622441,4.3614301681518555,,-0.5833447697650955,-0.32023279925426795,-0.2592949867248535,,18.03567886352539,18.03567886352539,14.268370904118175,16.960037231445312,18.989276457024385,,-3.7673079594072156,-1.0756416320800781,0.9535975934989942,,18.090674535354353,18.090674535354353,18.578757744107048,13.375461168411661,16.353694378855796,,0.48808320875269473,-4.715213366942692,-1.7369801564985572,,0.0,0.0,0.0,0.0,0.0,,0.0,0.0,0.0,,0.9184480309486389,0.9184480309486389,0.9057521992419139,0.9110316196119929,0.9362779642683435,,-0.012695831706725058,-0.007416411336646056,0.017829933319704616,,0.7717872262001038,0.7717872262001038,0.9087430413468296,0.85493,0.958817387824001,,0.13695581514672583,0.08314277379989621,0.1870301616238973,
fileid_306980__p006000,6,1.288291883016466,1.288291883016466,1.558457046195089,1.6167953440183238,1.3574698774258431,,0.27016516317862305,0.3285034610018578,0.06917799440937711,,2.532581329345703,2.532581329345703,2.506017919046333,2.456054449081421,2.5492957327739303,,-0.026563410299369927,-0.07652688026428223,0.016714403428227165,,1.2358733415603638,1.2358733415603638,1.2159572839736938,1.2265331745147705,1.2279622549991531,,-0.019916057586669922,-0.009340167045593262,-0.007911086561210645,,2.2637842178344725,2.2637842178344725,1.7044373755474167,1.6813594341278075,1.7205357574554812,,-0.5593468422870558,-0.582424783706665,-0.5432484603789913,,1.5199055830637613,1.5199055830637613,2.905926442050551,1.375575335820516,1.3676214585821314,,1.3860208589867895,-0.14433024724324528,-0.15228412448162998,,1.6751192808151245,1.6751192808151245,1.0790071473064193,1.224821959633425,1.193776206079736,,-0.5961121335087052,-0.4502973211816994,-0.4813430747353886,,1.4060618877410889,1.4060618877410889,1.6228793694312313,1.3980427133031639,1.4412141308248283,,0.21681748169014248,-0.008019174437924992,0.03515224308373943,,4.3502726554870605,4.3502726554870605,2.8447554614170487,2.706125951675047,2.1205695091959944,,-1.5055171940700118,-1.6441467038120137,-2.229703146291066,,-2.103492259979248,-2.103492259979248,1.0087677302609483,0.874367442475744,-1.1347682397049592,,3.1122599902401964,2.977859702454992,0.9687240202742888,,-2.082663593792578,-2.082663593792578,-5.18663387744421,0.5462464810562774,-0.7119967239552988,,-3.1039702836516323,2.6289100748488554,1.370666869837279,,0.1188118811881188,0.1188118811881188,0.0,0.0,0.0,,-0.1188118811881188,-0.1188118811881188,-0.1188118811881188,,0.7412806153297424,0.7412806153297424,0.7270962193787817,0.7375310034636992,0.7390830727466139,,-0.014184395950960771,-0.0037496118660432787,-0.0021975425831285422,,0.8758246898651123,0.8758246898651123,0.5200078583146673,0.37378006706754846,0.7622562882864343,,-0.35581683155044497,-0.5020446227975639,-0.11356840157867798,
fileid_313537__p006000,6,1.0839238053066884,1.0839238053066884,2.032684310048387,2.1801044883189347,1.9495668063148022,,0.9487605047416987,1.0961806830122462,0.8656430010081138,,2.6416964530944824,2.6416964530944824,2.7378425569419402,2.730695267757737,2.711210408842707,,0.09614610384745781,0.08899881466325477,0.06951395574822472,,1.254059910774231,1.254059910774231,1.2752637906246875,1.2770386934280396,1.2423320369548108,,0.021203879850456575,0.022978782653808594,-0.011727873819420198,,1.977980089187622,1.977980089187622,2.1746742607599283,2.1282028916370437,2.0609634577509865,,0.1966941715723063,0.15022280244942166,0.08298336856336452,,2.626978063583374,2.626978063583374,2.905926442050551,2.3831069636057656,1.733218263047766,,0.2789483784671769,-0.24387109997760836,-0.893759800535608,,1.839508295059204,1.839508295059204,1.6865811908101462,1.6024618608405792,1.5732554288274314,,-0.15292710424905787,-0.23704643421862492,-0.2662528662317727,,1.6268712282180786,1.6268712282180786,1.779678765549717,1.7218585014343262,1.8971680431480866,,0.15280753733163843,0.09498727321624756,0.270296814930008,,2.664466142654419,2.664466142654419,3.667062759399414,3.528994528644056,2.1205695091959944,,1.0025966167449951,0.8645283859896371,-0.5438966334584245,,1.0575213432312012,1.0575213432312012,6.740390444376382,9.351889610290527,1.7227483889664035,,5.68286910114518,8.294368267059326,0.6652270457352023,,1.1795075295165183,1.1795075295165183,6.834070367619018,7.506840487240041,0.42485352629903494,,5.6545628381025,6.327332957723522,-0.7546540032174833,,0.04395604395604396,0.04395604395604396,0.0,0.0,0.0,,-0.04395604395604396,-0.04395604395604396,-0.04395604395604396,,0.8549286723136902,0.8549286723136902,0.8755262415093111,0.8288424273571336,0.8436023365541634,,0.020597569195620946,-0.026086244956556537,-0.011326335759526795,,0.5582812428474426,0.5582812428474426,0.6857106309817976,0.5963924958045225,0.46247691813721714,,0.127429388134355,0.038111252957079844,-0.09580432471022549,
fileid_356984__p006000,6,1.9157534953400528,1.9157534953400528,2.1170152590103855,2.1801044883189347,1.9495668063148022,,0.20126176367033266,0.26435099297888187,0.03381331097474938,,2.735708236694336,2.735708236694336,3.036951092831102,2.89228892326355,3.007784935843992,,0.30124285613676616,0.15658068656921387,0.27207669914965615,,2.0705130100250244,2.0705130100250244,1.9741218520934323,1.999329298375598,2.1640160203458807,,-0.09639115793159214,-0.0711837116494265,0.09350301032085628,,2.7767474174499513,2.7767474174499513,2.1746742607599283,2.486354217759098,2.7595813303108674,,-0.602073156690023,-0.29039319969085353,-0.017166087139083963,,2.4817339420318603,2.4817339420318603,2.905926442050551,1.6903308788935343,2.1167192651564815,,0.4241925000186906,-0.791403063138326,-0.3650146768753788,,1.9451086521148682,1.9451086521148682,1.6865811908101462,1.9918286039168582,1.5732554288274314,,-0.25852746130472193,0.04671995180199007,-0.37185322328743675,,1.4560906887054443,1.4560906887054443,2.145947439124785,2.009313520178737,1.910053672081974,,0.6898567504193407,0.5532228314732928,0.45396298337652974,,3.8988211154937744,3.8988211154937744,0.774645984172821,3.8848892349794686,3.1656128354819426,,-3.1241751313209534,-0.013931880514305828,-0.7332082800118318,,6.4828901290893555,6.4828901290893555,11.135773340861004,10.081348419189453,6.189001071883972,,4.652883211771648,3.5984582901000977,-0.2938890572053836,,7.437012838108958,7.437012838108958,11.148725038606292,12.364173543784753,8.438103315887535,,3.7117122004973337,4.927160705675795,1.0010904777785763,,0.0,0.0,0.0,0.0,0.0,,0.0,0.0,0.0,,0.9202598333358765,0.9202598333358765,0.8924334810440799,0.8984962206288992,0.9168841319390569,,-0.02782635229179653,-0.021763612706977242,-0.0033757013968195304,,0.7785623073577881,0.7785623073577881,0.8555067700615696,0.85493,0.6846697782895651,,0.07694446270378152,0.07636769264221188,-0.09389252906822299,
fileid_409272__p006000,6,1.4994212925211585,1.4994212925211585,1.961464750681442,1.8448062977302477,1.9495668063148022,,0.46204345816028347,0.3453850052090892,0.45014551379364365,,2.565260171890259,2.565260171890259,2.7378425569419402,2.730695267757737,2.7784571173679398,,0.17258238505168144,0.1654350958674784,0.21319694547768098,,1.4557301998138428,1.4557301998138428,1.3829702225076146,1.3642550520150059,1.5549622723855165,,-0.07275997730622819,-0.09147514779883692,0.09923207257167377,,2.533349943161011,2.533349943161011,2.402447387779573,2.486354217759098,2.7595813303108674,,-0.13090255538143802,-0.0469957254019131,0.22623138714985647,,2.5140938917795816,2.5140938917795816,2.905926442050551,2.3831069636057656,1.8521804563012945,,0.3918325502709692,-0.13098692817381608,-0.6619134354782872,,2.513054609298706,2.513054609298706,1.6865811908101462,1.6024618608405792,1.5732554288274314,,-0.8264734184885598,-0.9105927484581269,-0.9397991804712746,,1.7132568359375,1.7132568359375,1.6228793694312313,1.5445537567138672,1.5456904941294567,,-0.09037746650626866,-0.1687030792236328,-0.1675663418080433,,4.350807189941406,4.350807189941406,3.764311608061733,3.8848892349794686,3.5737028107585678,,-0.5864955818796731,-0.46591795496193766,-0.7771043791828385,,6.589839458465576,6.589839458465576,6.740390444376382,1.9207297563552856,6.189001071883972,,0.1505509859108054,-4.6691097021102905,-0.4008383865816043,,6.643724880835256,6.643724880835256,6.834070367619018,4.873959255461502,5.959766511590203,,0.1903454867837624,-1.7697656253737541,-0.6839583692450528,,0.0,0.0,0.0,0.0,0.0,,0.0,0.0,0.0,,0.8697222471237183,0.8697222471237183,0.8755262415093111,0.8288424273571336,0.8606668361219536,,0.00580399438559287,-0.04087981976658461,-0.009055411001764657,,0.7575002908706665,0.7575002908706665,0.8555067700615696,0.85493,0.8453808024705174,,0.0980064791909031,0.09742970912933346,0.08788051159985089,
fileid_519109__p006000,6,1.1880580125738156,1.1880580125738156,1.4514493439745877,1.0979826890714457,1.3574698774258431,,0.2633913314007721,-0.09007532350236991,0.16941186485202753,,2.3521854877471924,2.3521854877471924,2.506017919046333,2.456054449081421,2.4170224853308806,,0.15383243129914081,0.10386896133422852,0.06483699758368822,,1.2276084423065186,1.2276084423065186,1.2462396621704102,1.2265331745147705,1.2279622549991531,,0.0186312198638916,-0.0010752677917480469,0.0003538126926345697,,3.10388240814209,3.10388240814209,1.7044373755474167,1.94289536418685,1.7205357574554812,,-1.3994450325946732,-1.1609870439552399,-1.3833466506866088,,2.2396119594573975,2.2396119594573975,2.905926442050551,1.375575335820516,1.3676214585821314,,0.6663144825931533,-0.8640366236368815,-0.8719905008752662,,1.3296464681625366,1.3296464681625366,1.0790071473064193,1.1118789911270142,0.9307751843488838,,-0.2506393208561173,-0.21776747703552246,-0.3988712838136528,,1.2425618171691895,1.2425618171691895,1.779678765549717,1.8004772663116455,1.5456904941294567,,0.5371169483805276,0.557915449142456,0.30312867696026724,,3.692073106765747,3.692073106765747,3.0703602038234115,2.706125951675047,1.5452926206780246,,-0.6217129029423356,-0.9859471550907002,-2.1467804860877227,,-5.387239456176758,-5.387239456176758,-2.5949078985007414,0.874367442475744,-2.2354083147393653,,2.7923315576760164,6.261606898652502,3.1518311414373925,,-5.328410123319233,-5.328410123319233,-5.18663387744421,1.0315277089828985,-2.239942036379712,,0.1417762458750227,6.359937832302132,3.088468086939521,,0.017123287671232876,0.017123287671232876,0.0,0.0,0.0,,-0.017123287671232876,-0.017123287671232876,-0.017123287671232876,,0.7591985464096069,0.7591985464096069,0.7270962193787817,0.7375310034636992,0.7390830727466139,,-0.03210232703082527,-0.02166754294590778,-0.020115473662993044,,0.8714261054992676,0.8714261054992676,0.5200078583146673,0.6533812880516052,0.46247691813721714,,-0.35141824718460024,-0.21804481744766235,-0.40894918736205044,
fileid_528909__p006000,6,1.3891600812129985,1.3891600812129985,1.139229178396868,1.0979826890714457,1.3574698774258431,,-0.2499309028161305,-0.2911773921415528,-0.03169020378715537,,2.7332119941711426,2.7332119941711426,2.7378425569419402,2.456054449081421,2.7784571173679398,,0.004630562770797653,-0.2771575450897217,0.04524512319679719,,1.350345253944397,1.350345253944397,1.3025178148085812,1.2619926929473877,1.2865364316955628,,-0.047827439135815775,-0.08835256099700928,-0.06380882224883422,,2.439226675033569,2.439226675033569,2.1746742607599283,2.1282028916370437,2.2371546574864523,,-0.26455241427364085,-0.3110237833965255,-0.2020720175471169,,2.0197125037511188,2.0197125037511188,2.905926442050551,2.3831069636057656,1.8521804563012945,,0.8862139382994321,0.3633944598546468,-0.1675320474498243,,1.3590718507766724,1.3590718507766724,1.6865811908101462,1.5105165243148804,1.5732554288274314,,0.3275093400334739,0.151444673538208,0.21418357805075905,,1.3786005973815918,1.3786005973815918,1.5383496894893876,1.6024749279022217,1.5456904941294567,,0.15974909210779575,0.22387433052062988,0.1670898967478649,,2.440483570098877,2.440483570098877,3.764311608061733,2.706125951675047,3.1656128354819426,,1.3238280379628562,0.26564238157616993,0.7251292653830657,,-0.2952486574649811,-0.2952486574649811,5.048855207052576,1.9207297563552856,1.7227483889664035,,5.344103864517557,2.2159784138202667,2.0179970464313843,,-0.18338746983359416,-0.18338746983359416,3.2165825317927195,4.873959255461502,-0.7119967239552988,,3.3999700016263135,5.057346725295096,-0.5286092541217047,,0.0,0.0,0.0,0.0,0.0,,0.0,0.0,0.0,,0.8743554949760437,0.8743554949760437,0.8436501145841606,0.8431961536407471,0.8244241985930018,,-0.030705380391883086,-0.03115934133529663,-0.049931296383041945,,0.8034563064575195,0.8034563064575195,0.8598875627251314,0.85493,0.8453808024705174,,0.05643125626761192,0.051473693542480436,0.04192449601299786,
fileid_549708__p006000,6,1.0833423849900403,1.0833423849900403,1.139229178396868,1.0860161735146756,1.3574698774258431,,0.05588679340682767,0.00267378852463529,0.2741274924358028,,2.296647310256958,2.296647310256958,2.3243172728871726,2.456054449081421,2.241893527019455,,0.027669962630214595,0.1594071388244629,-0.05475378323750313,,1.6669315099716187,1.6669315099716187,1.3025178148085812,1.3642550520150059,1.3144711720416824,,-0.36441369516303745,-0.3026764579566128,-0.35246033792993625,,1.481260395050049,1.481260395050049,1.7044373755474167,1.6813594341278075,1.7205357574554812,,0.22317698049736778,0.2000990390777586,0.23927536240543223,,1.8205495516459147,1.8205495516459147,2.4114468622399143,1.133904186884562,1.3676214585821314,,0.5908973105939996,-0.6866453647613526,-0.45292809306378334,,0.8941184878349304,0.8941184878349304,0.7466672486569508,0.9165201783180237,0.6965742455907615,,-0.14745123917797964,0.02240169048309326,-0.1975442422441689,,1.3886029720306396,1.3886029720306396,1.3122871266790184,1.3980427133031639,1.2959144948476768,,-0.07631584535162128,0.009439741272524227,-0.0926884771829628,,2.92797589302063,2.92797589302063,2.438328418386988,2.706125951675047,2.8586623295243965,,-0.4896474746336419,-0.221849941345583,-0.06931356349623341,,-0.8125245571136475,-0.8125245571136475,1.0087677302609483,-1.504611179053067,-1.1347682397049592,,1.8212922873745958,-0.6920866219394195,-0.32224368259131175,,-0.7731301096782833,-0.7731301096782833,-5.18663387744421,0.5462464810562774,-0.7119967239552988,,-4.413503767765927,1.3193765907345607,0.061133385722984546,,0.0,0.0,0.0,0.0,0.0,,0.0,0.0,0.0,,0.6636106967926025,0.6636106967926025,0.5647206000056133,0.6511549949645996,0.6600044022602249,,-0.09889009678698923,-0.01245570182800293,-0.0036062945323775963,,0.5766098499298096,0.5766098499298096,0.3751673324998603,0.37378006706754846,0.46247691813721714,,-0.20144251742994929,-0.2028297828622611,-0.11413293179259243,
fileid_571087__p006000,6,2.512376218191459,2.512376218191459,2.032684310048387,2.1801044883189347,2.193507519408306,,-0.4796919081430717,-0.3322717298725242,-0.3188686987831528,,3.409864664077759,3.409864664077759,2.9518992211445267,2.8491427898406982,3.3930183816626367,,-0.45796544293323205,-0.5607218742370605,-0.016846282415122094,,2.1285483837127686,2.1285483837127686,1.5313415972583266,1.8312695773251075,2.5060901957822126,,-0.5972067864544419,-0.297278806387661,0.37754181206944404,,2.593095064163208,2.593095064163208,2.402447387779573,2.486354217759098,2.7595813303108674,,-0.1906476763836351,-0.10674084640411019,0.16648626614765938,,3.629856983820597,3.629856983820597,2.905926442050551,2.3831069636057656,2.5688801321159884,,-0.7239305417700463,-1.2467500202148316,-1.0609768517046088,,2.330479383468628,2.330479383468628,2.1353724663516127,1.9918286039168582,2.355838153256949,,-0.19510691711701522,-0.3386507795517697,0.025358769788320856,,1.9029600620269775,1.9029600620269775,2.145947439124785,1.8592240810394287,1.910053672081974,,0.2429873770978075,-0.04373598098754883,0.007093610054996535,,4.209768772125244,4.209768772125244,3.764311608061733,3.8848892349794686,3.928551262162297,,-0.445457164063511,-0.32487953714577555,-0.28121750996294725,,12.909866333007812,12.909866333007812,11.135773340861004,10.081348419189453,13.059100162552063,,-1.7740929921468087,-2.8285179138183594,0.1492338295442508,,12.950487991144847,12.950487991144847,11.803491221074792,9.035438096368653,11.525480238086931,,-1.1469967700700554,-3.9150498947761943,-1.4250077530579155,,0.0,0.0,0.0,0.0,0.0,,0.0,0.0,0.0,,0.8568639755249023,0.8568639755249023,0.8755262415093111,0.857771098613739,0.8582770192479513,,0.018662265984408788,0.0009071230888366699,0.0014130437230489568,,0.9343650937080383,0.9343650937080383,0.8555067700615696,0.85493,0.958817387824001,,-0.07885832364646872,-0.07943509370803836,0.024452294115962725,
fileid_571738__p006000,6,,,1.7918044343266315,1.8448062977302477,1.8254229189052373,,,,,,,,2.7378425569419402,2.730695267757737,2.5492957327739303,,,,,,,,1.332007497189993,1.3642550520150059,1.2865364316955628,,,,,,,,2.1746742607599283,2.486354217759098,2.2371546574864523,,,,,,,,2.6023343245188397,1.6903308788935343,1.733218263047766,,,,,,,,1.6865811908101462,1.6024618608405792,1.5732554288274314,,,,,,,,1.779678765549717,2.009313520178737,1.8971680431480866,,,,,,,,3.764311608061733,3.8848892349794686,3.1656128354819426,,,,,,,,7.377807820178419,5.465547561645508,4.930917533047227,,,,,,,,5.738191310129316,4.873959255461502,5.959766511590203,,,,,,,,0.0,0.0,0.0,,,,,,,,0.8755262415093111,0.857771098613739,0.8661046480558005,,,,,,,,0.8555067700615696,0.85493,0.5942318937385896,,,,,
fileid_601553__p006000,6,1.1218755001038296,1.1218755001038296,1.558457046195089,1.1119407456883643,1.3574698774258431,,0.43658154609125943,-0.009934754415465319,0.2355943773220135,,2.3663854598999023,2.3663854598999023,2.3243172728871726,2.456054449081421,2.3143744846903176,,-0.04206818701272974,0.08966898918151855,-0.05201097520958475,,1.3602110147476196,1.3602110147476196,1.3025178148085812,1.2598223686218262,1.2279622549991531,,-0.05769319993903843,-0.10038864612579346,-0.1322487597484665,,2.2110477924346923,2.2110477924346923,1.7044373755474167,1.6813594341278075,1.7205357574554812,,-0.5066104168872756,-0.5296883583068848,-0.49051203497921114,,1.6823810815811158,1.6823810815811158,2.4114468622399143,1.375575335820516,1.3676214585821314,,0.7290657806587986,-0.3068057457605997,-0.3147596229989844,,1.0966047048568726,1.0966047048568726,1.0790071473064193,0.9165201783180237,0.6965742455907615,,-0.017597557550453224,-0.18008452653884888,-0.400030459266111,,1.277266025543213,1.277266025543213,1.5383496894893876,1.4902901132422757,1.4412141308248283,,0.26108366394617466,0.21302408769906278,0.1639481052816154,,3.7421162128448486,3.7421162128448486,2.309382260563862,2.706125951675047,2.8586623295243965,,-1.4327339522809868,-1.0359902611698018,-0.8834538833204522,,-7.288255214691162,-7.288255214691162,-5.49119660940515,-1.504611179053067,-5.496098905203333,,1.7970586052860122,5.783644035638095,1.7921563094878294,,-7.167003878666497,-7.167003878666497,-5.18663387744421,-9.015849860227167,-2.239942036379712,,1.980370001222287,-1.84884598156067,4.927061842286785,,0.0,0.0,0.0,0.0,0.0,,0.0,0.0,0.0,,0.6136812567710876,0.6136812567710876,0.7270962193787817,0.6671029645276357,0.5376771872780888,,0.11341496260769401,0.05342170775654809,-0.07600406949299887,,0.3853715658187866,0.3853715658187866,0.3751673324998603,0.37378006706754846,0.46247691813721714,,-0.010204233318926337,-0.01159149875123816,0.07710535231843052,
fileid_661212__p006000,6,,,1.4514493439745877,1.6260444701134358,1.6553081517645492,,,,,,,,2.506017919046333,2.456054449081421,2.4170224853308806,,,,,,,,1.2462396621704102,1.2265331745147705,1.2423320369548108,,,,,,,,2.1746742607599283,2.0340861665197165,1.946901224703195,,,,,,,,2.905926442050551,1.3389814058939615,1.4284352658742883,,,,,,,,1.0790071473064193,1.224821959633425,1.3147236668919942,,,,,,,,1.6228793694312313,1.4902901132422757,1.5456904941294567,,,,,,,,3.0703602038234115,2.706125951675047,3.1656128354819426,,,,,,,,7.377807820178419,5.465547561645508,5.933160753135222,,,,,,,,5.738191310129316,4.873959255461502,5.959766511590203,,,,,,,,0.0,0.0,0.0,,,,,,,,0.8436501145841606,0.8288424273571336,0.8436023365541634,,,,,,,,0.6857106309817976,0.85493,0.5942318937385896,,,,,
fileid_717410__p006000,6,2.418300232696159,2.418300232696159,1.139229178396868,1.0979826890714457,1.8254229189052373,,-1.2790710542992911,-1.3203175436247134,-0.5928773137909218,,2.6119370460510254,2.6119370460510254,2.3243172728871726,2.6543190479278564,2.6462418228746896,,-0.2876197731638528,0.042382001876831055,0.034304776823664174,,1.237825870513916,1.237825870513916,1.2462396621704102,1.2265331745147705,1.2279622549991531,,0.00841379165649414,-0.011292695999145508,-0.009863615514762891,,2.0872854709625246,2.0872854709625246,1.7044373755474167,1.6813594341278075,1.946901224703195,,-0.3828480954151079,-0.40592603683471706,-0.14038424625932966,,1.329679751396179,1.329679751396179,2.4114468622399143,1.3389814058939615,1.733218263047766,,1.0817671108437352,0.009301654497782419,0.40353851165158683,,1.459665298461914,1.459665298461914,1.0790071473064193,1.224821959633425,1.5732554288274314,,-0.38065815115549473,-0.23484333882848896,0.11359013036551735,,1.55763840675354,1.55763840675354,1.0615486574460224,1.5544850826263428,1.8971680431480866,,-0.4960897493075176,-0.0031533241271972656,0.3395296363945466,,3.5510671138763428,3.5510671138763428,3.0703602038234115,2.706125951675047,3.1656128354819426,,-0.4807069100529313,-0.8449411622012959,-0.38545427839440016,,-3.5191166400909424,-3.5191166400909424,3.53799064954122,0.874367442475744,-2.2354083147393653,,7.057107289632162,4.393484082566687,1.283708325351577,,-1.7392282759799698,-1.7392282759799698,3.698935347968489,4.873959255461502,-2.239942036379712,,5.4381636239484585,6.613187531441472,-0.500713760399742,,0.010416666666666666,0.010416666666666666,0.0,0.0,0.0,,-0.010416666666666666,-0.010416666666666666,-0.010416666666666666,,0.6953115463256836,0.6953115463256836,0.7270962193787817,0.6807832717895508,0.595155013612954,,0.03178467305309807,-0.014528274536132812,-0.10015653271272962,,0.5668582916259766,0.5668582916259766,0.3751673324998603,0.37378006706754846,0.2752691507339477,,-0.19169095912611628,-0.1930782245584281,-0.29158914089202886,
fileid_717534__p006000,6,2.245952597994932,2.245952597994932,1.139229178396868,1.0979826890714457,2.1648167001470093,,-1.1067234195980642,-1.1479699089234865,-0.08113589784792286,,2.4834299087524414,2.4834299087524414,2.506017919046333,2.730695267757737,2.711210408842707,,0.02258801029389179,0.24726535900529578,0.22778050009026574,,1.2741622924804688,1.2741622924804688,1.3166314708181175,1.2770386934280396,1.2701144151419521,,0.04246917833764874,0.0028764009475708008,-0.004047877338516637,,2.1127967834472656,2.1127967834472656,2.0239157291780034,1.94289536418685,2.2371546574864523,,-0.08888105426926218,-0.16990141926041558,0.12435787403918663,,1.8202253659566243,1.8202253659566243,1.9786189398133611,1.375575335820516,1.733218263047766,,0.1583935738567368,-0.44465003013610827,-0.08700710290885838,,1.862650752067566,1.862650752067566,1.0790071473064193,1.224821959633425,1.5732554288274314,,-0.7836436047611466,-0.6378287924341408,-0.2893953232401345,,1.871608018875122,1.871608018875122,1.6228793694312313,1.6024749279022217,1.756829579671224,,-0.24872864944389073,-0.2691330909729004,-0.11477843920389796,,3.682798385620117,3.682798385620117,3.667062759399414,2.706125951675047,3.1656128354819426,,-0.015735626220703125,-0.9766724339450703,-0.5171855501381746,,13.23574161529541,13.23574161529541,11.135773340861004,10.081348419189453,13.059100162552063,,-2.0999682744344064,-3.154393196105957,-0.17664145274334686,,13.268337034642652,13.268337034642652,6.834070367619018,7.506840487240041,11.525480238086931,,-6.434266667023634,-5.761496547402611,-1.7428567965557207,,0.0,0.0,0.0,0.0,0.0,,0.0,0.0,0.0,,0.8292437791824341,0.8292437791824341,0.8436501145841606,0.7907151579856873,0.7942898524812905,,0.014406335401726533,-0.038528621196746826,-0.03495392670114361,,0.5632017254829407,0.5632017254829407,0.5200078583146673,0.37378006706754846,0.40332496317269073,,-0.04319386716827334,-0.1894216584153922,-0.15987676231024994,
fileid_767807__p006000,6,1.852207143136625,1.852207143136625,1.4514493439745877,1.6061153759472475,1.6553081517645492,,-0.40075779916203724,-0.24609176718937742,-0.19689899137207578,,2.7680249214172363,2.7680249214172363,2.506017919046333,2.456054449081421,2.7784571173679398,,-0.26200700237090313,-0.31197047233581543,0.010432195950703438,,1.2432376146316528,1.2432376146316528,1.2462396621704102,1.2265331745147705,1.2423320369548108,,0.0030020475387573242,-0.016704440116882324,-0.0009055776768420731,,2.3214048862457277,2.3214048862457277,2.0239157291780034,2.1282028916370437,2.0609634577509865,,-0.2974891570677243,-0.19320199460868404,-0.26044142849474117,,2.237368631362915,2.237368631362915,2.6023343245188397,1.375575335820516,1.8521804563012945,,0.36496569315592486,-0.8617932955423988,-0.3851881750616204,,1.3401843309402466,1.3401843309402466,1.6865811908101462,1.224821959633425,1.5732554288274314,,0.34639685986989965,-0.11536237130682148,0.23307109788718483,,1.9989033937454224,1.9989033937454224,2.145947439124785,2.009313520178737,1.910053672081974,,0.14704404537936266,0.010410126433314737,-0.08884972166344829,,3.4455983638763428,3.4455983638763428,3.667062759399414,2.706125951675047,3.1656128354819426,,0.2214643955230713,-0.7394724122012959,-0.27998552839440016,,7.0123186111450195,7.0123186111450195,5.048855207052576,1.9207297563552856,4.586391125338144,,-1.963463404092444,-5.091588854789734,-2.4259274858068753,,7.279026223656716,7.279026223656716,3.698935347968489,4.873959255461502,5.959766511590203,,-3.580090875688227,-2.4050669681952144,-1.319259712066513,,0.1,0.1,0.0,0.0,0.0,,-0.1,-0.1,-0.1,,0.8092759251594543,0.8092759251594543,0.7270962193787817,0.7375310034636992,0.7390830727466139,,-0.08217970578067268,-0.07174492169575519,-0.07019285241284046,,0.7514731884002686,0.7514731884002686,0.5200078583146673,0.6533812880516052,0.6846697782895651,,-0.23146533008560122,-0.09809190034866333,-0.06680341011070345,
fileid_796495__p006000,6,1.6763109245455923,1.6763109245455923,1.558457046195089,1.0979826890714457,1.3574698774258431,,-0.1178538783505032,-0.5783282354741466,-0.31884104711974914,,2.6287217140197754,2.6287217140197754,2.506017919046333,2.6543190479278564,2.4170224853308806,,-0.12270379497344219,0.025597333908081055,-0.2116992286888948,,1.30419921875,1.30419921875,1.2462396621704102,1.2598223686218262,1.2423320369548108,,-0.057959556579589844,-0.04437685012817383,-0.06186718179518924,,2.219864845275879,2.219864845275879,1.7044373755474167,1.6813594341278075,1.946901224703195,,-0.5154274697284622,-0.5385054111480714,-0.272963620572684,,3.4893624146779376,3.4893624146779376,2.4114468622399143,1.375575335820516,1.3676214585821314,,-1.0779155524380233,-2.1137870788574213,-2.121740956095806,,2.110966444015503,2.110966444015503,1.0790071473064193,1.224821959633425,1.5732554288274314,,-1.0319592967090836,-0.8861444843820778,-0.5377110151880715,,1.8307781219482422,1.8307781219482422,1.0615486574460224,1.2911411667444619,1.4412141308248283,,-0.7692294645022197,-0.5396369552037803,-0.3895639911234139,,3.887672185897827,3.887672185897827,3.0703602038234115,2.706125951675047,3.1656128354819426,,-0.8173119820744157,-1.1815462342227803,-0.7220593504158845,,4.460902690887451,4.460902690887451,3.53799064954122,1.9207297563552856,1.7227483889664035,,-0.9229120413462311,-2.5401729345321655,-2.738154301921048,,4.537227037225517,4.537227037225517,3.698935347968489,4.873959255461502,4.140567098095246,,-0.8382916892570274,0.3367322182359853,-0.396659939130271,,0.0,0.0,0.0,0.0,0.0,,0.0,0.0,0.0,,0.7628560662269592,0.7628560662269592,0.7270962193787817,0.7907151579856873,0.7650708082210587,,-0.03575984684817757,0.027859091758728027,0.002214741994099434,,0.5720839500427246,0.5720839500427246,0.5200078583146673,0.37378006706754846,0.40332496317269073,,-0.05207609172805727,-0.19830388297517615,-0.16875898687003388,
fileid_797289__p006000,6,1.8129209754134201,1.8129209754134201,1.4514493439745877,1.8448062977302477,1.8254229189052373,,-0.36147163143883243,0.03188532231682761,0.012501943491817213,,2.8793997764587402,2.8793997764587402,2.561226400984339,2.730695267757737,2.7784571173679398,,-0.31817337547440117,-0.14870450870100305,-0.10094265909080047,,1.4083592891693115,1.4083592891693115,1.332007497189993,1.3807680937181037,1.7314075930530288,,-0.07635179197931863,-0.027591195451207806,0.3230483038837173,,2.679707717895508,2.679707717895508,2.1746742607599283,2.486354217759098,2.2371546574864523,,-0.5050334571355797,-0.19335350013641017,-0.44255306040905573,,2.155545457204183,2.155545457204183,2.905926442050551,2.3831069636057656,2.1302050613495243,,0.7503809848463678,0.22756150640158257,-0.025340395854658748,,1.64940345287323,1.64940345287323,1.3749671406056507,1.6354835593556782,1.5732554288274314,,-0.27443631226757925,-0.01391989351755174,-0.07614802404579857,,1.8637629747390747,1.8637629747390747,1.6228793694312313,1.3046191284455448,1.5456904941294567,,-0.24088360530784336,-0.5591438462935299,-0.318072480609618,,3.149057149887085,3.149057149887085,3.667062759399414,3.8848892349794686,3.1656128354819426,,0.5180056095123291,0.7358320850923836,0.01655568559485765,,5.786489963531494,5.786489963531494,7.377807820178419,5.465547561645508,4.930917533047227,,1.591317856646925,-0.32094240188598633,-0.8555724304842673,,6.105745281189484,6.105745281189484,6.834070367619018,4.873959255461502,5.959766511590203,,0.7283250864295345,-1.231786025727982,-0.1459787695992807,,0.0,0.0,0.0,0.0,0.0,,0.0,0.0,0.0,,0.9145199060440063,0.9145199060440063,0.8755262415093111,0.8984962206288992,0.9168841319390569,,-0.038993664534695216,-0.016023685415107125,0.0023642258950505868,,0.8534493446350098,0.8534493446350098,0.8555067700615696,0.85493,0.6846697782895651,,0.0020574254265598446,0.0014806553649902021,-0.16877956634544466,
fileid_806703__p006000,6,1.771238647305787,1.771238647305787,1.4514493439745877,1.6167953440183238,1.8254229189052373,,-0.31978930333119937,-0.15444330328746325,0.05418427159945027,,2.686206340789795,2.686206340789795,2.506017919046333,2.456054449081421,2.4170224853308806,,-0.18018842174346172,-0.23015189170837402,-0.2691838554589143,,1.2525877952575684,1.2525877952575684,1.235606347221926,1.2427181005477905,1.2423320369548108,,-0.016981448035642277,-0.009869694709777832,-0.0102557583027576,,3.036758804321289,3.036758804321289,2.1746742607599283,2.149474859237671,2.2371546574864523,,-0.8620845435613607,-0.8872839450836181,-0.7996041468348367,,2.1585904677708943,2.1585904677708943,2.6023343245188397,1.133904186884562,1.733218263047766,,0.4437438567479455,-1.0246862808863322,-0.4253722047231283,,0.9512929320335388,0.9512929320335388,1.0790071473064193,1.224821959633425,0.9307751843488838,,0.12771421527288052,0.2735290275998863,-0.020517747684654974,,1.4718194007873535,1.4718194007873535,1.5383496894893876,1.2911411667444619,1.5456904941294567,,0.06653028870203403,-0.18067823404289163,0.07387109334210318,,2.800147771835327,2.800147771835327,2.8447554614170487,2.706125951675047,3.1656128354819426,,0.044607689581721566,-0.09402182016028027,0.36546506364661546,,16.64920997619629,16.64920997619629,1.0087677302609483,0.4899796441376929,1.7227483889664035,,-15.64044224593534,-16.159230332058595,-14.926461587229886,,17.09278193593373,17.09278193593373,3.4168524830737987,4.873959255461502,4.140567098095246,,-13.675929452859931,-12.218822680472227,-12.952214837838483,,0.0058823529411764705,0.0058823529411764705,0.0,0.0,0.0,,-0.0058823529411764705,-0.0058823529411764705,-0.0058823529411764705,,0.8588191270828247,0.8588191270828247,0.8436501145841606,0.7907151579856873,0.8436023365541634,,-0.015169012498664092,-0.06810396909713745,-0.015216790528661317,,0.7130538821220398,0.7130538821220398,0.6857106309817976,0.6533812880516052,0.5942318937385896,,-0.027343251140242164,-0.05967259407043457,-0.11882198838345015,
fileid_808577__p006000,6,1.0850962381557623,1.0850962381557623,1.139229178396868,1.0979826890714457,1.0723790661630388,,0.05413294024110571,0.012886450915683412,-0.012717171992723486,,2.46822452545166,2.46822452545166,2.3243172728871726,2.456054449081421,2.3143744846903176,,-0.14390725256448755,-0.012170076370239258,-0.15385004076134257,,1.266854166984558,1.266854166984558,1.2833385366991341,1.2598223686218262,1.3144711720416824,,0.016484369714576008,-0.007031798362731934,0.047617005057124295,,2.032275915145874,2.032275915145874,1.7044373755474167,1.6813594341278075,1.7205357574554812,,-0.3278385395984573,-0.3509164810180665,-0.31174015769039287,,3.953607432047526,3.953607432047526,2.6023343245188397,1.133904186884562,2.4116562145302094,,-1.3512731075286863,-2.8197032451629642,-1.5419512175173167,,1.0478050708770752,1.0478050708770752,1.0790071473064193,0.9165201783180237,0.6965742455907615,,0.03120207642934414,-0.1312848925590515,-0.35123082528631366,,1.9670442342758179,1.9670442342758179,1.779678765549717,2.009313520178737,1.910053672081974,,-0.18736546872610083,0.04226928590291923,-0.0569905621938438,,3.3370649814605713,3.3370649814605713,2.309382260563862,2.706125951675047,2.8586623295243965,,-1.0276827208967094,-0.6309390297855244,-0.4784026519361748,,-4.342148780822754,-4.342148780822754,-2.5949078985007414,-1.504611179053067,-7.212351354729219,,1.7472408823220125,2.8375376017696867,-2.8702025739064654,,-4.202649483760475,-4.202649483760475,-5.18663387744421,-9.015849860227167,-6.854500871520705,,-0.9839843936837349,-4.813200376466692,-2.65185138776023,,0.0,0.0,0.0,0.0,0.0,,0.0,0.0,0.0,,0.6090138554573059,0.6090138554573059,0.5647206000056133,0.6671029645276357,0.5176130523643341,,-0.044293255451692604,0.058089109070329825,-0.09140080309297183,,0.4866374731063843,0.4866374731063843,0.12794155558668466,0.37378006706754846,0.21585752764140745,,-0.35869591751969965,-0.11285740603883582,-0.27077994546497686,
urgent_test-blind_0001_450__p006000,6,3.10501265690732,3.10501265690732,2.954026639966116,3.0109477259358424,3.0587917036867385,,-0.15098601694120406,-0.09406493097147761,-0.04622095322058151,,3.2755393981933594,3.2755393981933594,3.4638023376464844,3.336047758539039,3.444607953948668,,0.188262939453125,0.060508360345679524,0.16906855575530866,,2.0482735633850098,2.0482735633850098,1.962057403771274,1.8312695773251075,1.9096191767229134,,-0.08621615961373585,-0.21700398605990223,-0.1386543866620964,,2.510981225967407,2.510981225967407,2.7771919240913236,2.82315673828125,2.7433993513804364,,0.2662106981239165,0.3121755123138428,0.2324181254130293,,4.106951268513997,4.106951268513997,3.612587761400215,2.048708430926005,3.9288912122029376,,-0.4943635071137824,-2.058242837587992,-0.1780600563110597,,3.682706117630005,3.682706117630005,2.875215337937137,3.003086417554372,2.9315143033682576,,-0.8074907796928681,-0.6796197000756328,-0.7511918142617473,,2.57999587059021,2.57999587059021,3.6455966981060532,3.5392496212419258,3.410093944714251,,1.0656008275158433,0.9592537506517158,0.8300980741240411,,4.094772815704346,4.094772815704346,4.0373803851116135,3.8848892349794686,3.871898666443116,,-0.057392430592732246,-0.20988358072487712,-0.22287414926122961,,40.62715530395508,40.62715530395508,40.293331146240234,17.370468139648438,38.344276428222656,,-0.33382415771484375,-23.25668716430664,-2.282878875732422,,41.889687288185335,41.889687288185335,42.366300781778975,16.429102280995643,39.81677967661731,,0.47661349359363925,-25.460585007189692,-2.072907611568027,,,,0.0,0.0,0.0,,,,,,,,0.8958807491873163,0.8984962206288992,0.9032353517042107,,,,,,,,0.8555067700615696,0.85493,0.9031822060131303,,,,,
urgent_test-blind_0098_447__p006000,6,3.489025646887784,3.489025646887784,3.447478152187994,3.4701656673819166,3.446939942106499,,-0.04154749469979002,-0.018859979505867486,-0.04208570478128504,,3.913747787475586,3.913747787475586,4.092316354613706,4.014078617095947,4.132681272116052,,0.17856856713811986,0.10033082962036133,0.21893348464046625,,3.692322015762329,3.692322015762329,3.9360992764852134,3.3736504675394077,3.706664647443228,,0.2437772607228843,-0.31867154822292143,0.014342631680898776,,3.5654321193695067,3.5654321193695067,3.925560276479606,3.4658153126038704,3.818478139433037,,0.36012815711009916,-0.09961680676563622,0.2530460200635303,,4.456088066101074,4.456088066101074,4.817865442559421,2.3831069636057656,4.680386371689149,,0.3617773764583472,-2.0729811024953086,0.22429830558807495,,4.7604780197143555,4.7604780197143555,4.890166926096721,5.016104916492144,5.0101095452366105,,0.1296889063823654,0.2556268967777884,0.24963152552225498,,4.48667049407959,4.48667049407959,4.7164740562438965,4.566967964172363,4.607645464709485,,0.22980356216430664,0.08029747009277344,0.12097497062989504,,4.785078525543213,4.785078525543213,4.836176033479622,4.913525581359863,4.830354044236333,,0.05109750793640888,0.1284470558166504,0.04527551869311974,,41.85674285888672,41.85674285888672,42.316993713378906,42.37028503417969,42.46058654785156,,0.4602508544921875,0.5135421752929688,0.6038436889648438,,43.1078623731245,43.1078623731245,43.791269785517834,44.00420015714539,43.94723624135117,,0.6834074123933362,0.8963377840208935,0.8393738682266729,,,,0.0,0.0,0.0,,,,,,0.9633904695510864,0.9633904695510864,0.9566694577056242,0.9459272027015686,0.9647253785267411,,-0.006721011845462255,-0.017463266849517822,0.0013349089756546917,,0.95281905,0.95281905,0.9228545798355318,0.8639521598815918,0.9759322871644813,,-0.029964470164468238,-0.0888668901184082,0.023113237164481326,
urgent_test-blind_0105_511__p006000,6,2.7451776300090747,2.7451776300090747,2.532496624886359,2.7851430607759675,3.0587917036867385,,-0.21268100512271548,0.03996543076689285,0.3136140736776638,,3.5656545162200928,3.5656545162200928,3.2725541706544807,3.2823985800685653,3.3930183816626367,,-0.29310034556561204,-0.28325593615152744,-0.17263613455745608,,1.9423896074295044,1.9423896074295044,1.5313415972583266,1.999329298375598,1.9096191767229134,,-0.41104801017117776,0.056939690946093524,-0.032770430706591025,,2.7268166542053223,2.7268166542053223,2.402447387779573,2.486354217759098,2.2371546574864523,,-0.32436926642574937,-0.24046243644622445,-0.48966199671887,,3.0444907983144125,3.0444907983144125,3.612587761400215,2.3831069636057656,2.9756688731422067,,0.5680969630858024,-0.6613838347086469,-0.06882192517220576,,2.337932825088501,2.337932825088501,2.875215337937137,1.9918286039168582,2.9315143033682576,,0.5372825128486358,-0.34610422117164275,0.5935814782797566,,3.634558916091919,3.634558916091919,3.9595354465116936,3.9860012531280518,3.3862234799258673,,0.3249765304197747,0.3514423370361328,-0.2483354361660517,,3.1267101764678955,3.1267101764678955,0.774645984172821,1.389709711074829,2.9252545038859052,,-2.3520641922950745,-1.7370004653930664,-0.20145567258199026,,9.401217460632324,9.401217460632324,23.767339943881975,9.976408958435059,9.527900446849657,,14.36612248324965,0.5751914978027344,0.12668298621733243,,9.891770928038182,9.891770928038182,40.156060977297116,19.959982656587627,11.525480238086931,,30.264290049258932,10.068211728549445,1.633709310048749,,,,0.0,0.0,0.0,,,,,,0.8751540184020996,0.8751540184020996,0.8755262415093111,0.9030937771481204,0.9168841319390569,,0.0003722231072115223,0.027939758746020837,0.041730113536957325,,0.6811022,0.6811022,0.7919414926724262,0.85493,0.6846697782895651,,0.1108392926724262,0.17382779999999998,0.00356757828956511,
urgent_test-blind_0105_noisy_source__p006000,6,1.9163753783501354,1.9163753783501354,1.961464750681442,1.7017061366343533,1.9495668063148022,,0.04508937233130661,-0.21466924171578206,0.033191427964666786,,2.734964609146118,2.734964609146118,2.7378425569419402,2.730695267757737,2.7784571173679398,,0.0028779477958220667,-0.004269341388380976,0.0434925082218216,,1.2481281757354736,1.2481281757354736,1.2462396621704102,1.2427181005477905,1.2279622549991531,,-0.0018885135650634766,-0.0054100751876831055,-0.02016592073632051,,2.2755386352539064,2.2755386352539064,2.1746742607599283,2.149474859237671,1.946901224703195,,-0.10086437449397812,-0.12606377601623553,-0.3286374105507115,,2.728150161107381,2.728150161107381,2.905926442050551,1.375575335820516,1.4284352658742883,,0.17777628094316977,-1.352574825286865,-1.2997148952330928,,1.007347822189331,1.007347822189331,1.3749671406056507,1.224821959633425,1.5732554288274314,,0.3676193184163197,0.21747413744409405,0.5659076066381004,,1.9721567630767822,1.9721567630767822,1.779678765549717,1.5445537567138672,1.5456904941294567,,-0.19247799752706518,-0.42760300636291504,-0.42646626894732553,,1.788815975189209,1.788815975189209,3.0703602038234115,2.706125951675047,2.1205695091959944,,1.2815442286342025,0.9173099764858379,0.3317535340067854,,12.547149658203125,12.547149658203125,6.5824042821983735,5.465547561645508,4.930917533047227,,-5.9647453760047515,-7.081602096557617,-7.616232125155898,,12.58330801101572,12.58330801101572,6.834070367619018,4.873959255461502,5.959766511590203,,-5.749237643396702,-7.709348755554219,-6.623541499425517,,,,0.0,0.0,0.0,,,,,,0.8479591012001038,0.8479591012001038,0.8436501145841606,0.8288424273571336,0.802390929685539,,-0.0043089866159431445,-0.01911667384297011,-0.045568171514564715,,0.6937813,0.6937813,0.6857106309817976,0.85493,0.5017545979046649,,-0.008070669018202414,0.16114869999999992,-0.19202670209533512,
urgent_test-blind_0127_420__p006000,6,3.21364275280194,3.21364275280194,3.187178875049633,3.0109477259358424,3.2865507248906676,,-0.026463877752306963,-0.20269502686609764,0.07290797208872757,,2.870783567428589,2.870783567428589,3.2528662202827423,3.2239513397216797,3.444607953948668,,0.38208265285415344,0.3531677722930908,0.5738243865200792,,2.823162317276001,2.823162317276001,2.5115185013736583,2.5317776203155518,2.5060901957822126,,-0.3116438159023427,-0.2913846969604492,-0.3170721214937884,,2.9368284225463865,2.9368284225463865,2.7695862099827533,2.82315673828125,2.7433993513804364,,-0.16724221256363325,-0.11367168426513663,-0.1934290711659501,,3.541312249501546,3.541312249501546,3.612587761400215,3.157435099283854,2.9756688731422067,,0.07127551189866876,-0.3838771502176921,-0.5656433763593394,,2.6496379375457764,2.6496379375457764,2.875215337937137,3.003086417554372,2.9315143033682576,,0.22557740039136043,0.35344848000859574,0.2818763658224812,,2.5438458919525146,2.5438458919525146,3.9595354465116936,3.9860012531280518,4.25769880785042,,1.415689554559179,1.442155361175537,1.7138529158979052,,2.6996824741363525,2.6996824741363525,0.774645984172821,3.8848892349794686,4.175081613073387,,-1.9250364899635315,1.185206760843116,1.4753991389370347,,42.98355484008789,42.98355484008789,42.316993713378906,42.84180450439453,36.91877365112305,,-0.6665611267089844,-0.14175033569335938,-6.064781188964844,,44.80689451496957,44.80689451496957,44.8520983684421,44.54370893408654,43.82666147389919,,0.045203853472528976,-0.26318558088303234,-0.9802330410703775,,,,0.0,0.0,0.0,,,,,,0.8473860025405884,0.8473860025405884,0.8811494966587389,0.8984962206288992,0.843022027887015,,0.033763494118150494,0.051110218088310844,-0.00436397465357341,,0.35940242,0.35940242,0.7203324336603464,0.85493,0.6846697782895651,,0.3609300136603464,0.49552757999999997,0.3252673582895651,
urgent_test-blind_0127_436__p006000,6,3.118267903026979,3.118267903026979,3.187178875049633,3.0109477259358424,2.83306162707482,,0.06891097202265417,-0.1073201770911365,-0.28520627595215897,,2.888216972351074,2.888216972351074,3.3993454036942445,3.035421133041382,3.2127089304138856,,0.5111284313431703,0.14720416069030762,0.3244919580628114,,2.64492130279541,2.64492130279541,2.1796877211835013,1.9622897153877352,2.5060901957822126,,-0.46523358161190886,-0.6826315874076749,-0.13883110701319756,,2.9302031993865967,2.9302031993865967,2.7695862099827533,2.486354217759098,2.7433993513804364,,-0.1606169894038434,-0.44384898162749886,-0.18680384800616023,,3.302490965525309,3.302490965525309,3.612587761400215,4.048318806422284,3.892414185129495,,0.3100967958749057,0.7458278408969745,0.5899232196041857,,3.5692031383514404,3.5692031383514404,2.875215337937137,3.003086417554372,2.9315143033682576,,-0.6939878004143036,-0.5661167207970683,-0.6376888349831829,,4.181960582733154,4.181960582733154,3.7479782233755277,3.795878034040152,4.25769880785042,,-0.43398235935762663,-0.3860825486930022,0.07573822511726558,,4.171104907989502,4.171104907989502,1.5425501846405396,1.9989220722612127,3.928551262162297,,-2.6285547233489623,-2.1721828357282895,-0.24255364582720507,,36.885780334472656,36.885780334472656,42.34355926513672,27.29269027709961,43.04574966430664,,5.4577789306640625,-9.593090057373047,6.159969329833984,,39.704739673743155,39.704739673743155,44.8520983684421,37.80983573268546,43.94723624135117,,5.147358694698944,-1.8949039410576987,4.242496567608015,,,,0.0,0.0,0.0,,,,,,0.818841278553009,0.818841278553009,0.8755262415093111,0.8288424273571336,0.843022027887015,,0.0566849629563021,0.010001148804124615,0.024180749334005935,,0.33379662,0.33379662,0.4107864313575637,0.7538637195725038,0.40332496317269073,,0.07698981135756372,0.42006709957250377,0.06952834317269074,
urgent_test-blind_0127_446__p006000,6,3.2035283574474893,3.2035283574474893,3.187178875049633,3.0109477259358424,3.1154742440839707,,-0.016349482397856274,-0.19258063151164695,-0.08805411336351865,,3.2069664001464844,3.2069664001464844,3.3993454036942445,3.2823985800685653,3.444607953948668,,0.19237900354776016,0.07543217992208096,0.23764155380218366,,2.7982959747314453,2.7982959747314453,2.1796877211835013,2.4810056686401367,2.5060901957822126,,-0.618608253547944,-0.3172903060913086,-0.2922057789492327,,2.879547357559204,2.879547357559204,2.7695862099827533,2.82315673828125,2.7433993513804364,,-0.10996114757645081,-0.05639061927795419,-0.13614800617876766,,3.035473378499349,3.035473378499349,3.612587761400215,3.9737770714434273,3.272867266337077,,0.577114382900866,0.9383036929440784,0.2373938878377282,,3.5054304599761963,3.5054304599761963,2.875215337937137,3.003086417554372,2.9315143033682576,,-0.6302151220390595,-0.5023440424218242,-0.5739161566079387,,3.484758138656616,3.484758138656616,3.7479782233755277,3.5392496212419258,4.25769880785042,,0.26322008471891145,0.05449148258530956,0.7729406691938037,,3.9597322940826416,3.9597322940826416,4.0373803851116135,3.8848892349794686,4.3614301681518555,,0.07764809102897186,-0.07484305910317302,0.40169787406921387,,42.69489669799805,42.69489669799805,42.316993713378906,42.84180450439453,42.75306701660156,,-0.3779029846191406,0.14690780639648438,0.058170318603515625,,44.85681202625329,44.85681202625329,43.791269785517834,44.00420015714539,44.14965460744504,,-1.0655422407354536,-0.8526118691078963,-0.7071574188082437,,,,0.0,0.0,0.0,,,,,,0.8134921789169312,0.8134921789169312,0.8755262415093111,0.8288424273571336,0.843022027887015,,0.06203406259237998,0.015350248440202496,0.029529848970083816,,0.4805406,0.4805406,0.4107864313575637,0.7538637195725038,0.6846697782895651,,-0.06975416864243628,0.27332311957250377,0.20412917828956512,
urgent_test-blind_0127_460__p006000,6,3.1546729140700474,3.1546729140700474,3.187178875049633,3.0109477259358424,3.0587917036867385,,0.03250596097958569,-0.14372518813420498,-0.09588121038330888,,3.1260883808135986,3.1260883808135986,3.3993454036942445,3.035421133041382,3.444607953948668,,0.2732570228806459,-0.0906672477722168,0.3185195731350694,,2.2519562244415283,2.2519562244415283,2.1796877211835013,1.8840898275375366,2.1640160203458807,,-0.07226850325802703,-0.3678663969039917,-0.08794020409564762,,2.797594928741455,2.797594928741455,2.7695862099827533,2.1282028916370437,2.7433993513804364,,-0.0280087187587017,-0.6693920371044113,-0.05419557736101854,,2.161412318547567,2.161412318547567,3.612587761400215,3.9670161406199136,3.6664542737575263,,1.451175442852648,1.8056038220723467,1.5050419552099594,,3.671663522720337,3.671663522720337,2.875215337937137,3.003086417554372,4.555389162048279,,-0.7964481847832001,-0.6685771051659648,0.8837256393279418,,4.167666912078857,4.167666912078857,4.20379814756922,3.9860012531280518,4.25769880785042,,0.03613123549036246,-0.18166565895080566,0.09003189577156245,,3.7172839641571045,3.7172839641571045,0.774645984172821,1.389709711074829,4.175081613073387,,-2.9426379799842834,-2.3275742530822754,0.4577976489162827,,23.82988929748535,23.82988929748535,43.04574966430664,42.37028503417969,42.75306701660156,,19.21586036682129,18.540395736694336,18.92317771911621,,24.014547148071802,24.014547148071802,44.8520983684421,44.00420015714539,43.94723624135117,,20.837551220370298,19.98965300907359,19.932689093279368,,,,0.0,0.0,0.0,,,,,,0.8069193363189697,0.8069193363189697,0.8339530495275934,0.8288424273571336,0.802390929685539,,0.02703371320862369,0.021923091038163922,-0.004528406633430682,,0.26261187,0.26261187,0.12794155558668466,0.7538637195725038,0.46247691813721714,,-0.13467031441331537,0.49125184957250373,0.19986504813721712,
urgent_test-blind_0127_508__p006000,6,3.0115423936321934,3.0115423936321934,3.187178875049633,3.192565428013972,3.2865507248906676,,0.1756364814174396,0.18102303438177847,0.2750083312584741,,2.974292755126953,2.974292755126953,3.3993454036942445,3.2823985800685653,3.3930183816626367,,0.4250526485672914,0.3081058249416122,0.41872562653568357,,2.89540433883667,2.89540433883667,2.1796877211835013,1.9622897153877352,2.5060901957822126,,-0.7157166176531686,-0.9331146234489347,-0.38931414305445733,,2.459210157394409,2.459210157394409,2.7695862099827533,2.486354217759098,2.2371546574864523,,0.3103760525883441,0.027144060364688638,-0.22205549990795692,,2.8049030780792235,2.8049030780792235,3.612587761400215,3.9737770714434273,3.272867266337077,,0.8076846833209914,1.1688739933642038,0.4679641882578536,,3.042848825454712,3.042848825454712,2.875215337937137,3.003086417554372,2.9315143033682576,,-0.16763348751757512,-0.0397624079003398,-0.11133452208645434,,3.2615010738372803,3.2615010738372803,3.6455966981060532,3.9860012531280518,3.410093944714251,,0.384095624268773,0.7245001792907715,0.14859287087697082,,3.692181348800659,3.692181348800659,3.764311608061733,3.8848892349794686,4.175081613073387,,0.07213025926107397,0.1927078861788094,0.48290026427272803,,42.656551361083984,42.656551361083984,42.316993713378906,42.84180450439453,42.75306701660156,,-0.3395576477050781,0.18525314331054688,0.09651565551757812,,44.51592490416165,44.51592490416165,44.8520983684421,43.798571638281274,43.94723624135117,,0.33617346428044925,-0.7173532658803765,-0.5686886628104801,,,,0.0,0.0,0.0,,,,,,0.8037999272346497,0.8037999272346497,0.8532589994759924,0.8984962206288992,0.802390929685539,,0.049459072241342716,0.09469629339424956,-0.0014089975491106133,,0.4567976,0.4567976,0.4107864313575637,0.7538637195725038,0.46247691813721714,,-0.04601116864243632,0.29706611957250373,0.005679318137217115,
urgent_test-blind_0134_469__p006000,6,3.24024513660032,3.24024513660032,3.187178875049633,3.0109477259358424,3.0587917036867385,,-0.053066261550687166,-0.22929741066447784,-0.18145343291358174,,4.047950267791748,4.047950267791748,3.847205618777907,3.786478042602539,4.132681272116052,,-0.20074464901384115,-0.261472225189209,0.08473100432430414,,3.2126102447509766,3.2126102447509766,3.1971346671322745,2.8743040561676025,2.902516322921079,,-0.015475577618702108,-0.338306188583374,-0.3100939218298975,,3.2132840156555176,3.2132840156555176,2.96534251707146,2.82315673828125,2.7595813303108674,,-0.24794149858405756,-0.39012727737426767,-0.4537026853446502,,4.307279332478841,4.307279332478841,4.22817462783262,3.9144745031992594,4.2766554302639435,,-0.07910470464622144,-0.3928048292795818,-0.030623902214897747,,4.3606791496276855,4.3606791496276855,4.305478222398873,3.864074945449829,4.484505173671676,,-0.05520092722881298,-0.49660420417785645,0.12382602404399012,,3.902803897857666,3.902803897857666,3.9595354465116936,3.9860012531280518,4.25769880785042,,0.05673154865402763,0.08319735527038574,0.35489490999275386,,4.544225692749023,4.544225692749023,4.619546763868217,4.515913963317871,4.528436867587538,,0.07532107111919384,-0.028311729431152344,-0.015788825161485498,,32.704856872558594,32.704856872558594,41.73924255371094,20.020647048950195,38.344276428222656,,9.034385681152344,-12.684209823608398,5.6394195556640625,,32.87489515391751,32.87489515391751,42.366300781778975,19.959982656587627,39.81677967661731,,9.491405627861468,-12.91491249732988,6.941884522699802,,,,0.0,0.0,0.0,,,,,,,,0.9313854828895813,0.9459272027015686,0.9647253785267411,,,,,,,,0.9644771232662431,0.85493,0.958817387824001,,,,,
urgent_test-blind_0134_489__p006000,6,3.2737666136989283,3.2737666136989283,3.187178875049633,3.0109477259358424,3.148608149700061,,-0.08658773864929525,-0.26281888776308593,-0.1251584639988672,,4.091583251953125,4.091583251953125,4.092316354613706,3.786478042602539,4.132681272116052,,0.0007331026605807978,-0.30510520935058594,0.041098020162927185,,3.287929058074951,3.287929058074951,3.1971346671322745,2.8743040561676025,2.9320456665682504,,-0.09079439094267672,-0.41362500190734863,-0.3558833915067008,,3.19101881980896,3.19101881980896,2.96534251707146,2.82315673828125,2.7595813303108674,,-0.22567630273749995,-0.36786208152771005,-0.4314374894980926,,4.490196704864502,4.490196704864502,4.497222592840233,3.9144745031992594,4.2766554302639435,,0.007025887975730782,-0.5757222016652426,-0.2135412746005585,,4.556861877441406,4.556861877441406,4.4568971984357715,3.864074945449829,4.484505173671676,,-0.09996467900563477,-0.6927869319915771,-0.07235670376973058,,4.380147457122803,4.380147457122803,3.9595354465116936,3.9560060501098633,4.25769880785042,,-0.4206120106111091,-0.42414140701293945,-0.12244864927238286,,4.645318031311035,4.645318031311035,4.630159099417996,4.711663246154785,4.830354044236333,,-0.01515893189303874,0.06634521484375,0.18503601292529748,,39.27565002441406,39.27565002441406,41.73924255371094,20.020647048950195,38.344276428222656,,2.463592529296875,-19.255002975463867,-0.9313735961914062,,39.94288553645853,39.94288553645853,42.366300781778975,19.959982656587627,39.81677967661731,,2.4234152453204416,-19.982902879870906,-0.1261058598412248,,,,0.0,0.0,0.0,,,,,,,,0.9313854828895813,0.9459272027015686,0.9647253785267411,,,,,,,,0.9644771232662431,0.85493,0.958817387824001,,,,,
urgent_test-blind_0151_421__p006000,6,3.456523209590862,3.456523209590862,3.187178875049633,3.0109477259358424,3.2505456946717883,,-0.26934433454122875,-0.4455754836550194,-0.20597751491907346,,4.0628862380981445,4.0628862380981445,4.092316354613706,3.786478042602539,4.132681272116052,,0.029430116515561267,-0.27640819549560547,0.06979503401790765,,3.370500326156616,3.370500326156616,3.1971346671322745,3.3736504675394077,3.151167578965306,,-0.17336565902434176,0.0031501413827914604,-0.21933274719131024,,3.381769895553589,3.381769895553589,3.6653030223157037,3.421864988717688,3.0768062677728123,,0.28353312676211484,0.040095093164099094,-0.30496362778077657,,4.283200105031331,4.283200105031331,4.22817462783262,3.9670161406199136,4.428869763084524,,-0.055025477198711314,-0.3161839644114175,0.1456696580531931,,4.254997253417969,4.254997253417969,4.305478222398873,3.703178919941543,4.484505173671676,,0.05048096898090382,-0.551818333476426,0.22950792025370692,,4.236358165740967,4.236358165740967,4.321376662656485,3.9860012531280518,4.25769880785042,,0.08501849691551833,-0.25035691261291504,0.02134064210945308,,4.569975852966309,4.569975852966309,4.619546763868217,4.515913963317871,4.528436867587538,,0.04957091090190868,-0.0540618896484375,-0.041538985378770654,,40.754642486572266,40.754642486572266,41.73924255371094,20.020647048950195,38.344276428222656,,0.9846000671386719,-20.73399543762207,-2.4103660583496094,,42.22900865362103,42.22900865362103,42.366300781778975,19.959982656587627,39.81677967661731,,0.13729212815794511,-22.269025997033403,-2.4122289770037213,,,,0.0,0.0,0.0,,,,,,0.9445558190345764,0.9445558190345764,0.9313854828895813,0.9459272027015686,0.9647253785267411,,-0.013170336144995076,0.0013713836669921875,0.0201695594921647,,0.91051924,0.91051924,0.9644771232662431,0.9953312352618022,0.9950345898249063,,0.05395788326624318,0.08481199526180228,0.08451534982490638,
urgent_test-blind_0151_424__p006000,6,3.557411943389417,3.557411943389417,3.187178875049633,3.249502302100756,3.2865507248906676,,-0.37023306833978387,-0.30790964128866083,-0.27086121849874933,,4.037471771240234,4.037471771240234,4.092316354613706,3.786478042602539,4.132681272116052,,0.05484458337347142,-0.2509937286376953,0.09520950087581781,,3.4241175651550293,3.4241175651550293,3.1971346671322745,3.3736504675394077,2.902516322921079,,-0.22698289802275484,-0.050467097615621626,-0.5216012422339502,,3.464243268966675,3.464243268966675,3.6653030223157037,3.117723274230957,3.0768062677728123,,0.2010597533490288,-0.34651999473571804,-0.3874370011938626,,4.597098636627197,4.597098636627197,4.497222592840233,3.9144745031992594,4.2766554302639435,,-0.09987604378696435,-0.6826241334279377,-0.32044320636325363,,3.226903200149536,3.226903200149536,4.4568971984357715,3.864074945449829,4.484505173671676,,1.2299939982862353,0.637171745300293,1.2576019735221395,,3.9955477714538574,3.9955477714538574,4.321376662656485,3.9860012531280518,4.25769880785042,,0.3258288912026277,-0.009546518325805664,0.26215103639656245,,3.0589606761932373,3.0589606761932373,4.630159099417996,4.515913963317871,4.528436867587538,,1.571198423224759,1.4569532871246338,1.4694761913943006,,40.97580337524414,40.97580337524414,41.39754867553711,40.71783447265625,40.92424774169922,,0.42174530029296875,-0.2579689025878906,-0.051555633544921875,,41.97417418151125,41.97417418151125,42.366300781778975,41.34162749640854,39.81677967661731,,0.39212660026772284,-0.6325466851027102,-2.1573945048939436,,,,0.0,0.0,0.0,,,,,,0.953363299369812,0.953363299369812,0.9313854828895813,0.9459272027015686,0.9647253785267411,,-0.021977816480230672,-0.007436096668243408,0.011362079156929106,,0.93871975,0.93871975,0.9644771232662431,0.9953312352618022,0.9759322871644813,,0.025757373266243166,0.056611485261802263,0.03721253716448136,
urgent_test-blind_0174_519__p006000,6,3.240362009768179,3.240362009768179,3.187178875049633,3.208561765062164,3.2865507248906676,,-0.053183134718545855,-0.03180024470601506,0.04618871512248868,,3.1823482513427734,3.1823482513427734,3.4638023376464844,3.5265117093741174,3.3930183816626367,,0.28145408630371094,0.34416345803134396,0.21067013031986326,,2.144885301589966,2.144885301589966,2.1796877211835013,1.9622897153877352,1.9096191767229134,,0.03480241959353547,-0.1825955862022306,-0.23526612486705245,,2.261024284362793,2.261024284362793,2.7695862099827533,2.82315673828125,2.7433993513804364,,0.5085619256199605,0.5621324539184571,0.48237506701764366,,3.1259226322174074,3.1259226322174074,3.612587761400215,3.021787961324056,3.6664542737575263,,0.48666512918280747,-0.10413467089335127,0.5405316415401189,,2.63500714302063,2.63500714302063,3.513752831033913,3.003086417554372,2.9315143033682576,,0.8787456880132831,0.36807927453374223,0.2965071603476277,,3.3413689136505127,3.3413689136505127,3.9595354465116936,3.9860012531280518,3.3862234799258673,,0.618166532861181,0.6446323394775391,0.04485456627535456,,3.737732172012329,3.737732172012329,4.0373803851116135,3.8848892349794686,3.928551262162297,,0.29964821309928436,0.14715706296713948,0.19081909014996778,,40.79176330566406,40.79176330566406,41.73924255371094,17.370468139648438,38.344276428222656,,0.947479248046875,-23.421295166015625,-2.4474868774414062,,41.53307191609686,41.53307191609686,43.791269785517834,38.28654816687972,39.81677967661731,,2.2581978694209752,-3.2465237492171397,-1.7162922394795501,,,,0.0,0.0,0.0,,,,,,,,0.8958807491873163,0.8984962206288992,0.9168841319390569,,,,,,,,0.8598875627251314,0.7538637195725038,0.8453808024705174,,,,,
urgent_test-blind_0174_521__p006000,6,3.0918176421794867,3.0918176421794867,2.9144293797079417,3.094434717268767,3.0587917036867385,,-0.17738826247154504,0.0026170750892804406,-0.033025938492748264,,3.5954506397247314,3.5954506397247314,3.4638023376464844,3.2823985800685653,3.444607953948668,,-0.13164830207824707,-0.3130520596561661,-0.1508426857760634,,1.9639945030212402,1.9639945030212402,2.1796877211835013,1.8312695773251075,2.1640160203458807,,0.21569321816226106,-0.1327249256961327,0.20002151732464046,,3.4746535778045655,3.4746535778045655,2.7695862099827533,2.1282028916370437,2.7433993513804364,,-0.7050673678218122,-1.3464506861675218,-0.7312542264241291,,4.356499163309733,4.356499163309733,3.612587761400215,3.9737770714434273,4.2766554302639435,,-0.7439114019095183,-0.3827220918663059,-0.07984373304578973,,4.046643257141113,4.046643257141113,3.409874677658081,3.003086417554372,4.484505173671676,,-0.6367685794830322,-1.0435568395867412,0.4378619165305624,,4.193636417388916,4.193636417388916,3.9595354465116936,3.9860012531280518,4.25769880785042,,-0.23410097087722237,-0.20763516426086426,0.06406239046150386,,4.506512641906738,4.506512641906738,0.774645984172821,1.389709711074829,4.528436867587538,,-3.7318666577339172,-3.116802930831909,0.02192422568079966,,36.6663818359375,36.6663818359375,41.73924255371094,17.370468139648438,38.344276428222656,,5.0728607177734375,-19.295913696289062,1.6778945922851562,,36.67031768363578,36.67031768363578,44.8520983684421,38.28654816687972,39.81677967661731,,8.18178068480632,1.616230483243939,3.1464619929815285,,,,0.0,0.0,0.0,,,,,,,,0.8339530495275934,0.8168763518333435,0.843022027887015,,,,,,,,0.7203324336603464,0.7538637195725038,0.7812010723756452,,,,,
urgent_test-blind_0205_422__p006000,6,3.1981054884564615,3.1981054884564615,2.954026639966116,3.0109477259358424,3.0587917036867385,,-0.24407884849034556,-0.1871577625206191,-0.139313784769723,,3.2352871894836426,3.2352871894836426,3.2423034058995994,3.035421133041382,3.444607953948668,,0.007016216415956844,-0.19986605644226074,0.20932076446502546,,2.785989284515381,2.785989284515381,2.5203774463699524,2.4810056686401367,2.1640160203458807,,-0.26561183814542844,-0.30498361587524414,-0.6219732641695002,,2.5533329010009767,2.5533329010009767,2.7771919240913236,2.82315673828125,2.7433993513804364,,0.223859023090347,0.26982383728027326,0.1900664503794598,,3.522472604115804,3.522472604115804,3.612587761400215,2.3831069636057656,3.9040776577021385,,0.09011515728441077,-1.1393656405100385,0.38160505358633445,,3.076366662979126,3.076366662979126,3.409874677658081,3.003086417554372,3.612003642871197,,0.3335080146789551,-0.07328024542475386,0.5356369798920708,,2.141923666000366,2.141923666000366,3.18416780305196,2.009313520178737,2.773147483427362,,1.0422441370515938,-0.1326101458216291,0.6312238174269957,,3.840453863143921,3.840453863143921,4.0373803851116135,3.8848892349794686,4.318810380606287,,0.19692652196769256,0.04443537183554769,0.47835651746236607,,30.236225128173828,30.236225128173828,25.09438239714228,13.303008079528809,25.31194503048816,,-5.141842731031549,-16.93321704864502,-4.924280097685667,,31.163685291320014,31.163685291320014,25.202146780101433,16.429102280995643,19.233737300671013,,-5.961538511218581,-14.734583010324371,-11.929947990649001,,,,0.0,0.0,0.0,,,,,,,,0.8611998787845474,0.8168763518333435,0.843022027887015,,,,,,,,0.7203324336603464,0.6533812880516052,0.7622562882864343,,,,,
urgent_test-blind_0265_414__p006000,6,3.3328198962765283,3.3328198962765283,2.9144293797079417,3.0109477259358424,3.0587917036867385,,-0.4183905165685866,-0.32187217034068594,-0.27402819258978983,,3.0430450439453125,3.0430450439453125,3.4638023376464844,3.5265117093741174,3.693037991542893,,0.4207572937011719,0.4834666654288049,0.6499929475975805,,2.1982100009918213,2.1982100009918213,2.1796877211835013,1.8840898275375366,2.1640160203458807,,-0.018522279808319997,-0.31412017345428467,-0.03419398064594059,,2.538225793838501,2.538225793838501,2.96534251707146,2.82315673828125,2.7433993513804364,,0.42711672323295913,0.284930944442749,0.20517355754193556,,2.254822603861491,2.254822603861491,3.612587761400215,3.9737770714434273,3.9040776577021385,,1.357765157538724,1.7189544675819364,1.6492550538406476,,2.2242486476898193,2.2242486476898193,2.875215337937137,3.003086417554372,2.9315143033682576,,0.6509666902473175,0.7788377698645528,0.7072656556784382,,2.865241289138794,2.865241289138794,3.7479782233755277,3.9860012531280518,2.773147483427362,,0.8827369342367337,1.1207599639892578,-0.092093805711432,,3.7310049533843994,3.7310049533843994,4.0373803851116135,3.8848892349794686,3.928551262162297,,0.30637543172721404,0.15388428159506917,0.19754630877789747,,36.69290542602539,36.69290542602539,41.73924255371094,20.020647048950195,26.563229419141408,,5.046337127685547,-16.672258377075195,-10.129676006883983,,37.15555474036456,37.15555474036456,43.72556962887898,9.035438096368653,39.81677967661731,,6.570014888514422,-28.120116643995907,2.6612249362527507,,,,0.0,0.0,0.0,,,,,,,,0.8958807491873163,0.8984962206288992,0.9168841319390569,,,,,,,,0.8598875627251314,0.6533812880516052,0.8453808024705174,,,,,
urgent_test-blind_0265_429__p006000,6,3.085001931074154,3.085001931074154,2.9144293797079417,3.0109477259358424,2.849838142116112,,-0.1705725513662122,-0.07405420513831151,-0.23516378895804202,,3.385375738143921,3.385375738143921,3.3993454036942445,3.2823985800685653,3.444607953948668,,0.01396966555032364,-0.10297715807535557,0.059232215804747135,,2.4898757934570312,2.4898757934570312,2.1796877211835013,1.9622897153877352,2.5060901957822126,,-0.31018807227352996,-0.527586078069296,0.016214402325181343,,2.3717129230499268,2.3717129230499268,2.7695862099827533,2.82315673828125,2.7433993513804364,,0.39787328693282653,0.45144381523132315,0.3716864283305097,,3.9876611550649006,3.9876611550649006,3.612587761400215,3.9737770714434273,4.2766554302639435,,-0.37507339366468573,-0.013884083621473309,0.28899427519904286,,3.7706797122955322,3.7706797122955322,2.875215337937137,3.003086417554372,2.9315143033682576,,-0.8954643743583954,-0.7675932947411601,-0.8391654089272746,,3.7868688106536865,3.7868688106536865,3.7479782233755277,3.5392496212419258,3.3862234799258673,,-0.03889058727815886,-0.24761918941176075,-0.40064533072781927,,4.21420955657959,4.21420955657959,3.764311608061733,3.8848892349794686,3.871898666443116,,-0.4498979485178567,-0.32932032160012126,-0.34231089013647376,,35.913421630859375,35.913421630859375,41.73924255371094,20.020647048950195,41.73924255371094,,5.8258209228515625,-15.89277458190918,5.8258209228515625,,36.373649380688,36.373649380688,43.791269785517834,38.28654816687972,42.7296377254337,,7.417620404829833,1.9128987861917182,6.355988344745697,,,,0.0,0.0,0.0,,,,,,,,0.8755262415093111,0.8288424273571336,0.8606668361219536,,,,,,,,0.8598875627251314,0.6533812880516052,0.8453808024705174,,,,,
urgent_test-blind_0265_474__p006000,6,3.1006534387793314,3.1006534387793314,2.633601304863325,2.5893829857921133,2.732069293961549,,-0.46705213391600653,-0.5112704529872181,-0.36858414481778246,,3.1844990253448486,3.1844990253448486,3.3993454036942445,3.035421133041382,3.444607953948668,,0.2148463783493959,-0.1490778923034668,0.2601089286038194,,2.465869903564453,2.465869903564453,2.4434543632599244,2.4810056686401367,2.5060901957822126,,-0.022415540304528747,0.015135765075683594,0.04022029221775947,,3.1338769435882567,3.1338769435882567,2.96534251707146,2.82315673828125,2.7595813303108674,,-0.16853442651679673,-0.31072020530700684,-0.37429561327738936,,3.679235410690308,3.679235410690308,3.612587761400215,2.3831069636057656,3.9040776577021385,,-0.06664764929009293,-1.2961284470845422,0.22484224701183075,,3.1670687198638916,3.1670687198638916,2.875215337937137,3.003086417554372,2.9315143033682576,,-0.2918533819267548,-0.1639823023095195,-0.23555441649563402,,2.5479652881622314,2.5479652881622314,2.7466313063380228,2.562039852142334,2.4537845845203323,,0.19866601817579133,0.014074563980102539,-0.09418070364189912,,4.2053070068359375,4.2053070068359375,4.0373803851116135,3.8848892349794686,4.3614301681518555,,-0.16792662172432404,-0.3204177718564689,0.15612316131591797,,19.682100296020508,19.682100296020508,25.09438239714228,13.303008079528809,29.855589035524435,,5.412282101121772,-6.379092216491699,10.173488739503927,,19.777820759356164,19.777820759356164,25.202146780101433,13.375461168411661,30.05884296600842,,5.424326020745269,-6.402359590944503,10.281022206652256,,,,0.0,0.0,0.0,,,,,,,,0.8755262415093111,0.857771098613739,0.8606668361219536,,,,,,,,0.8598875627251314,0.85493,0.7622562882864343,,,,,
urgent_test-blind_0271_440__p006000,6,2.480689104330497,2.480689104330497,2.9144293797079417,3.0109477259358424,2.7434712627911653,,0.43374027537744464,0.5302586216053453,0.2627821584606682,,3.759594202041626,3.759594202041626,3.68261251679386,3.5265117093741174,3.8671293000140823,,-0.07698168524776605,-0.23308249266750858,0.1075350979724563,,2.325991630554199,2.325991630554199,2.5115185013736583,2.499022598726204,2.1640160203458807,,0.18552687081945907,0.17303096817200458,-0.16197561020831852,,3.0152968883514406,3.0152968883514406,2.96534251707146,2.82315673828125,2.7433993513804364,,-0.04995437127998059,-0.1921401500701907,-0.27189753697100416,,3.895772854487101,3.895772854487101,3.612587761400215,3.9144745031992594,3.6732178850825052,,-0.2831850930868862,0.018701648712158292,-0.22255496940459585,,3.9383938312530518,3.9383938312530518,3.513752831033913,3.003086417554372,2.9315143033682576,,-0.42464100021913875,-0.9353074136986796,-1.0068795278847942,,3.9385831356048584,3.9385831356048584,3.9595354465116936,3.9860012531280518,4.25769880785042,,0.020952310906835248,0.04741811752319336,0.3191156722455615,,4.45115852355957,4.45115852355957,4.295161913676434,4.300492355622441,3.871898666443116,,-0.15599660988313602,-0.15066616793712928,-0.5792598571164542,,15.470643043518066,15.470643043518066,25.09438239714228,14.87355550896212,13.059100162552063,,9.623739353624213,-0.5970875345559463,-2.411542880966003,,15.509278723296983,15.509278723296983,25.202146780101433,13.375461168411661,11.525480238086931,,9.69286805680445,-2.133817554885322,-3.983798485210052,,,,0.0,0.0,0.0,,,,,,,,0.9313854828895813,0.9459272027015686,0.9546775951921701,,,,,,,,0.9644771232662431,0.9953312352618022,0.958817387824001,,,,,
urgent_test-blind_0271_491__p006000,6,2.296661484478626,2.296661484478626,2.9144293797079417,3.0109477259358424,2.7434712627911653,,0.6177678952293157,0.7142862414572164,0.4468097783125393,,3.7961065769195557,3.7961065769195557,3.68261251679386,3.349735975265503,3.8671293000140823,,-0.11349406012569574,-0.44637060165405273,0.07102272309452662,,2.361806869506836,2.361806869506836,2.5115185013736583,2.499022598726204,2.1640160203458807,,0.14971163186682235,0.13721572921936787,-0.19779084916095524,,2.665484094619751,2.665484094619751,2.96534251707146,2.82315673828125,2.7433993513804364,,0.29985842245170913,0.15767264366149902,0.07791525676068556,,3.8041788895924884,3.8041788895924884,3.612587761400215,1.8128407716751098,3.6732178850825052,,-0.19159112819227353,-1.9913381179173786,-0.13096100450998316,,4.352018356323242,4.352018356323242,3.513752831033913,3.003086417554372,2.9315143033682576,,-0.8382655252893292,-1.34893193876887,-1.4205040529549846,,4.275694370269775,4.275694370269775,3.9595354465116936,3.5392496212419258,3.6059983466044963,,-0.31615892375808174,-0.7364447490278496,-0.6696960236652791,,4.562520980834961,4.562520980834961,4.295161913676434,3.8848892349794686,3.871898666443116,,-0.26735906715852664,-0.6776317458554924,-0.6906223143918448,,15.038396835327148,15.038396835327148,25.09438239714228,14.87355550896212,13.059100162552063,,10.055985561815131,-0.16484132636502835,-1.9792966727750851,,15.077361965403675,15.077361965403675,25.202146780101433,13.375461168411661,11.525480238086931,,10.124784814697758,-1.701900796992014,-3.5518817273167436,,,,0.0,0.0,0.0,,,,,,,,0.9313854828895813,0.9459272027015686,0.9546775951921701,,,,,,,,0.9644771232662431,0.9953312352618022,0.958817387824001,,,,,
urgent_test-blind_0271_493__p006000,6,2.3767245399487686,2.3767245399487686,2.9144293797079417,3.0109477259358424,2.7434712627911653,,0.537704839759173,0.6342231859870737,0.3667467228423966,,3.8219211101531982,3.8219211101531982,3.68261251679386,3.5265117093741174,3.8671293000140823,,-0.13930859335933832,-0.29540940077908084,0.04520818986088404,,2.3210887908935547,2.3210887908935547,2.5115185013736583,2.499022598726204,2.1640160203458807,,0.1904297104801036,0.17793380783264912,-0.157072770547674,,2.8249193668365478,2.8249193668365478,2.96534251707146,2.82315673828125,2.7433993513804364,,0.14042315023491225,-0.0017626285552978516,-0.08152001545611132,,3.7724759101867678,3.7724759101867678,3.612587761400215,3.9737770714434273,3.6732178850825052,,-0.15988814878655289,0.20130116125665953,-0.09925802510426252,,4.078852653503418,4.078852653503418,3.513752831033913,3.003086417554372,2.9315143033682576,,-0.565099822469505,-1.0757662359490459,-1.1473383501351604,,3.925842046737671,3.925842046737671,3.9595354465116936,3.5392496212419258,3.6059983466044963,,0.03369339977402275,-0.38659242549574513,-0.31984370013317465,,4.468961238861084,4.468961238861084,4.295161913676434,3.8848892349794686,3.871898666443116,,-0.1737993251846497,-0.5840720038816154,-0.5970625724179679,,15.216927528381348,15.216927528381348,25.09438239714228,14.87355550896212,13.059100162552063,,9.877454868760932,-0.34337201941922757,-2.1578273658292844,,15.256606818497097,15.256606818497097,25.202146780101433,13.375461168411661,11.525480238086931,,9.945539961604336,-1.8811456500854362,-3.731126580410166,,,,0.0,0.0,0.0,,,,,,,,0.9313854828895813,0.9459272027015686,0.9546775951921701,,,,,,,,0.9644771232662431,0.9953312352618022,0.958817387824001,,,,,
urgent_test-blind_0271_496__p006000,6,2.568197307849996,2.568197307849996,2.954026639966116,3.0109477259358424,2.7434712627911653,,0.38582933211612014,0.4427504180858466,0.17527395494116949,,3.937650203704834,3.937650203704834,3.847205618777907,3.5265117093741174,4.132681272116052,,-0.09044458492692709,-0.4111384943307166,0.1950310684112182,,2.3742852210998535,2.3742852210998535,2.5115185013736583,2.499022598726204,2.258863271958378,,0.13723328027380477,0.12473737762635029,-0.11542194914147563,,2.7059756755828857,2.7059756755828857,2.96534251707146,2.82315673828125,2.7433993513804364,,0.25936684148857436,0.11718106269836426,0.03742367579755079,,3.875424273808797,3.875424273808797,4.22817462783262,3.9670161406199136,3.6732178850825052,,0.3527503540238226,0.09159186681111642,-0.20220638872629193,,4.128847599029541,4.128847599029541,3.513752831033913,3.003086417554372,3.612003642871197,,-0.615094767995628,-1.125761181475169,-0.5168439561583442,,4.052155494689941,4.052155494689941,3.9595354465116936,3.9860012531280518,4.25769880785042,,-0.09262004817824776,-0.06615424156188965,0.20554331316047847,,4.52467155456543,4.52467155456543,4.619546763868217,3.8848892349794686,3.871898666443116,,0.09487520930278759,-0.6397823195859611,-0.6527728881223136,,16.39070701599121,16.39070701599121,25.09438239714228,14.87355550896212,13.059100162552063,,8.703675381151069,-1.5171515070290909,-3.3316068534391476,,16.41284181719803,16.41284181719803,42.366300781778975,13.375461168411661,11.525480238086931,,25.953458964580946,-3.0373806487863675,-4.887361579111097,,,,0.0,0.0,0.0,,,,,,,,0.9313854828895813,0.9459272027015686,0.9546775951921701,,,,,,,,0.9644771232662431,0.9953312352618022,0.9031822060131303,,,,,
urgent_test-blind_0357_450__p006000,6,3.1618160912435327,3.1618160912435327,3.447478152187994,3.365187941105417,3.1154742440839707,,0.28566206094446134,0.20337184986188417,-0.04634184715956202,,3.9876720905303955,3.9876720905303955,4.092316354613706,3.999065631843475,4.132681272116052,,0.10464426408331029,0.01139354131307968,0.14500918158565668,,3.9101338386535645,3.9101338386535645,4.060785678495844,3.924741744995117,3.8371845325791694,,0.15065183984227914,0.014607906341552734,-0.07294930607439509,,3.7049102783203125,3.7049102783203125,3.8994290745401954,3.600833463668823,3.0768062677728123,,0.19451879621988288,-0.10407681465148944,-0.6281040105475002,,4.1999813715616865,4.1999813715616865,4.817865442559421,4.652661832173665,4.428869763084524,,0.6178840709977349,0.45268046061197875,0.2288883915228377,,4.384734153747559,4.384734153747559,4.890166926096721,5.016104916492144,5.0101095452366105,,0.5054327723491623,0.6313707627445853,0.6253753914890519,,4.283722400665283,4.283722400665283,4.7164740562438965,4.566967964172363,4.607645464709485,,0.4327516555786133,0.2832455635070801,0.3239230640442017,,4.703320503234863,4.703320503234863,4.836176033479622,4.913525581359863,4.830354044236333,,0.1328555302447585,0.210205078125,0.12703354100146935,,41.944976806640625,41.944976806640625,42.316993713378906,42.84180450439453,42.46058654785156,,0.37201690673828125,0.8968276977539062,0.5156097412109375,,43.124462677059554,43.124462677059554,43.791269785517834,44.00420015714539,43.82666147389919,,0.6668071084582792,0.8797374800858364,0.7021987968396388,,,,0.0,0.0,0.0,,,,,,0.9572120308876038,0.9572120308876038,0.9566694577056242,0.9459272027015686,0.9647253785267411,,-0.0005425731819795887,-0.011284828186035156,0.007513347639137358,,0.67232037,0.67232037,0.9644771232662431,0.6533812880516052,0.9950345898249063,,0.29215675326624313,-0.018939081948394776,0.32271421982490633,
urgent_test-blind_0357_514__p006000,6,3.283317532670558,3.283317532670558,3.447478152187994,3.365187941105417,3.2865507248906676,,0.16416061951743588,0.08187040843485871,0.0032331922201094265,,3.952981948852539,3.952981948852539,4.092316354613706,3.999065631843475,4.132681272116052,,0.13933440576116674,0.046083682990936126,0.17969932326351312,,3.8603172302246094,3.8603172302246094,3.954536357557917,3.924741744995117,3.706664647443228,,0.09421912733330773,0.06442451477050781,-0.1536525827813815,,3.598017120361328,3.598017120361328,3.925560276479606,3.4658153126038704,3.0768062677728123,,0.3275431561182778,-0.1322018077574576,-0.5212108525885157,,4.464044761657715,4.464044761657715,4.817865442559421,3.9670161406199136,4.428869763084524,,0.3538206809017064,-0.49702862103780143,-0.03517499857319084,,4.741749286651611,4.741749286651611,4.890166926096721,5.016104916492144,5.0101095452366105,,0.14841763944510955,0.2743556298405325,0.2683602585849991,,4.489813327789307,4.489813327789307,4.7164740562438965,4.566967964172363,4.607645464709485,,0.22666072845458984,0.07715463638305664,0.11783213692017824,,4.820243835449219,4.820243835449219,4.908923562750758,4.913525581359863,4.830354044236333,,0.08867972730153895,0.09328174591064453,0.010110208787113883,,42.09333419799805,42.09333419799805,42.316993713378906,42.37028503417969,42.46058654785156,,0.22365951538085938,0.2769508361816406,0.3672523498535156,,43.195876645749294,43.195876645749294,43.791269785517834,44.00420015714539,43.94723624135117,,0.5953931397685395,0.8083235113960967,0.7513595956018762,,,,0.0,0.0,0.0,,,,,,0.9625653028488159,0.9625653028488159,0.9566694577056242,0.9459272027015686,0.9647253785267411,,-0.005895845143191747,-0.016638100147247314,0.0021600756779251995,,0.7233534,0.7233534,0.9228545798355318,0.8639521598815918,0.9950345898249063,,0.19950117983553173,0.14059875988159176,0.2716811898249063,
urgent_test-blind_0404_524__p006000,6,2.741473863476532,2.741473863476532,2.532496624886359,2.7851430607759675,2.7434712627911653,,-0.20897723859017292,0.043669197299435414,0.0019973993146331637,,3.011516809463501,3.011516809463501,3.2423034058995994,3.2823985800685653,3.007784935843992,,0.23078659643609845,0.27088177060506435,-0.0037318736195088853,,1.246060848236084,1.246060848236084,1.332007497189993,1.3807680937181037,1.2423320369548108,,0.08594664895390891,0.13470724548201973,-0.0037288112812732255,,2.4228506565093992,2.4228506565093992,2.407335205824978,2.1282028916370437,2.2371546574864523,,-0.015515450684421062,-0.29464776487235556,-0.18569599902294698,,2.8797664483388266,2.8797664483388266,3.612587761400215,2.3831069636057656,3.272867266337077,,0.7328213130613883,-0.496659484733061,0.3931008179982505,,1.790828824043274,1.790828824043274,2.875215337937137,2.163616924400788,2.355838153256949,,1.0843865138938629,0.3727881003575142,0.5650093292136749,,3.7462291717529297,3.7462291717529297,3.7479782233755277,3.9860012531280518,3.6059983466044963,,0.0017490516225979746,0.23977208137512207,-0.14023082514843344,,3.6382930278778076,3.6382930278778076,1.5425501846405396,3.8393420770943885,3.1656128354819426,,-2.095742843237268,0.20104904921658084,-0.472680192395865,,33.27824401855469,33.27824401855469,40.34908676147461,27.29269027709961,13.059100162552063,,7.070842742919922,-5.985553741455078,-20.219143856002624,,35.51578781261653,35.51578781261653,43.791269785517834,41.34162749640854,11.525480238086931,,8.275481972901304,5.825839683792012,-23.9903075745296,,,,0.0,0.0,0.0,,,,,,0.7658926248550415,0.7658926248550415,0.8755262415093111,0.8984962206288992,0.9032353517042107,,0.10963361665426963,0.13260359577385772,0.13734272684916915,,0.6668381,0.6668381,0.7203324336603464,0.7538637195725038,0.7622562882864343,,0.053494333660346394,0.08702561957250377,0.09541818828643434,
urgent_test-blind_0414_410__p006000,6,2.8805213036973334,2.8805213036973334,2.532496624886359,2.571678862714249,2.7434712627911653,,-0.3480246788109742,-0.30884244098308455,-0.13705004090616812,,3.327308177947998,3.327308177947998,3.2423034058995994,3.035421133041382,3.3930183816626367,,-0.08500477204839862,-0.2918870449066162,0.06571020371463865,,1.353843092918396,1.353843092918396,1.332007497189993,1.3642550520150059,1.4004102586263634,,-0.0218355957284031,0.010411959096609857,0.04656716570796737,,2.397614622116089,2.397614622116089,2.179533685163322,2.1282028916370437,2.2371546574864523,,-0.21808093695276698,-0.2694117304790451,-0.16045996462963652,,3.2321498870849608,3.2321498870849608,3.4801623478471995,2.3831069636057656,2.9756688731422067,,0.2480124607622387,-0.8490429234791952,-0.256481013942754,,2.375277519226074,2.375277519226074,2.875215337937137,2.51006817817688,2.9315143033682576,,0.4999378187110626,0.13479065895080566,0.5562367841421834,,2.7738966941833496,2.7738966941833496,3.18416780305196,3.5392496212419258,3.2534821004752654,,0.4102711088686104,0.7653529270585762,0.4795854062919158,,3.1241769790649414,3.1241769790649414,3.764311608061733,3.8393420770943885,3.928551262162297,,0.6401346289967917,0.715165098029447,0.8043742830973555,,21.65683364868164,21.65683364868164,41.73924255371094,17.370468139648438,38.344276428222656,,20.082408905029297,-4.286365509033203,16.687442779541016,,21.702885937603238,21.702885937603238,40.156060977297116,38.28654816687972,39.81677967661731,,18.45317503969388,16.58366222927648,18.11389373901407,,,,0.0,0.0,0.0,,,,,,,,0.7468902686513572,0.6995345562337393,0.7942898524812905,,,,,,,,0.12794155558668466,0.7538637195725038,0.6846697782895651,,,,,
urgent_test-blind_0417_452__p006000,6,3.1480307139953747,3.1480307139953747,3.394386716190266,3.1530025159952157,3.2865507248906676,,0.2463560021948914,0.004971801999841041,0.13852001089529287,,3.7704520225524902,3.7704520225524902,4.092316354613706,3.9014344215393066,4.132681272116052,,0.32186433206121556,0.1309823989868164,0.36222924956356195,,3.69865083694458,3.69865083694458,3.6123836988426112,3.3736504675394077,2.9320456665682504,,-0.08626713810196884,-0.3250003694051724,-0.7666051703763297,,3.0763810157775877,3.0763810157775877,3.6653030223157037,3.421864988717688,2.7595813303108674,,0.588922006538116,0.34548397294010025,-0.3167996854667203,,4.112440713246664,4.112440713246664,4.497222592840233,2.3831069636057656,2.9756688731422067,,0.3847818795935689,-1.7293337496408983,-1.136771840104457,,3.9244329929351807,3.9244329929351807,4.890166926096721,5.016104916492144,4.484505173671676,,0.9657339331615402,1.0916719235569632,0.560072180736495,,4.128316402435303,4.128316402435303,4.477402284920934,4.566967964172363,4.25769880785042,,0.3490858824856309,0.43865156173706055,0.12938240541511714,,4.561330795288086,4.561330795288086,4.836176033479622,4.913525581359863,4.830354044236333,,0.27484523819153583,0.35219478607177734,0.2690232489482467,,28.283823013305664,28.283823013305664,41.73924255371094,17.370468139648438,38.344276428222656,,13.455419540405273,-10.913354873657227,10.060453414916992,,28.991909941445456,28.991909941445456,43.791269785517834,19.959982656587627,39.81677967661731,,14.799359844072377,-9.03192728485783,10.824869735171852,,,,0.0,0.0,0.0,,,,,,0.9495146870613098,0.9495146870613098,0.9313854828895813,0.9459272027015686,0.9647253785267411,,-0.018129204171728475,-0.003587484359741211,0.015210691465431303,,0.9367454,0.9367454,0.9644771232662431,0.85493,0.7812010723756452,,0.02773172326624318,-0.08181539999999998,-0.15554432762435477,
urgent_test-blind_0425_414__p006000,6,3.221880809094966,3.221880809094966,2.9144293797079417,3.0109477259358424,3.0587917036867385,,-0.3074514293870245,-0.21093308315912385,-0.16308910540822774,,3.557377338409424,3.557377338409424,3.3993454036942445,3.336047758539039,3.3930183816626367,,-0.1580319347151793,-0.22132957987038493,-0.16435895674678713,,2.819143295288086,2.819143295288086,2.1796877211835013,2.4810056686401367,2.5060901957822126,,-0.6394555741045846,-0.3381376266479492,-0.31305309950587334,,2.6170843124389647,2.6170843124389647,2.7695862099827533,2.82315673828125,2.2371546574864523,,0.15250189754378862,0.20607242584228525,-0.3799296549525124,,3.916906213760376,3.916906213760376,3.612587761400215,3.9737770714434273,2.9756688731422067,,-0.3043184523601612,0.056870857683051224,-0.9412373406181693,,3.008366584777832,3.008366584777832,2.875215337937137,2.163616924400788,2.9315143033682576,,-0.13315124684069524,-0.8447496603770439,-0.07685228140957445,,4.069700241088867,4.069700241088867,4.20379814756922,3.5392496212419258,3.6059983466044963,,0.1340979064803527,-0.5304506198469414,-0.46370189448437094,,4.133059024810791,4.133059024810791,0.774645984172821,3.8848892349794686,3.928551262162297,,-3.35841304063797,-0.24816978983132243,-0.20450776264849413,,14.871169090270996,14.871169090270996,41.73924255371094,17.370468139648438,25.31194503048816,,26.86807346343994,2.4992990493774414,10.440775940217165,,15.719811779483475,15.719811779483475,43.791269785517834,22.153136366544626,19.884354983932738,,28.07145800603436,6.433324587061151,4.164543204449263,,,,0.0,0.0,0.0,,,,,,0.9347600340843201,0.9347600340843201,0.8958807491873163,0.9459272027015686,0.9546775951921701,,-0.03887928489700376,0.011167168617248535,0.019917561107850035,,0.8970297,0.8970297,0.8598875627251314,0.6533812880516052,0.6846697782895651,,-0.03714213727486859,-0.24364841194839482,-0.21235992171043494,
urgent_test-blind_0425_487__p006000,6,3.2612695324126473,3.2612695324126473,3.394386716190266,3.249502302100756,3.2865507248906676,,0.13311718377761883,-0.011767230311891197,0.025281192478020298,,3.3592476844787598,3.3592476844787598,3.847205618777907,3.786478042602539,3.3930183816626367,,0.48795793429914713,0.4272303581237793,0.03377069718387693,,3.6973373889923096,3.6973373889923096,3.6123836988426112,3.3736504675394077,3.557745835867273,,-0.08495369014969834,-0.3236869214529019,-0.13959155312503668,,3.6157622814178465,3.6157622814178465,3.6653030223157037,3.1549996376037597,3.0768062677728123,,0.049540740897857205,-0.4607626438140868,-0.5389560136450342,,4.126873143513998,4.126873143513998,4.497222592840233,4.416389624277751,4.428869763084524,,0.3703494493262349,0.28951648076375314,0.30199661957052637,,3.89877986907959,3.89877986907959,4.4568971984357715,3.864074945449829,4.484505173671676,,0.5581173293561816,-0.03470492362976074,0.5857253045920858,,4.28718900680542,4.28718900680542,4.477402284920934,4.566967964172363,4.381644404078104,,0.1902132781155137,0.27977895736694336,0.09445539727268404,,4.2292046546936035,4.2292046546936035,4.8216062683656995,4.711663246154785,4.3614301681518555,,0.592401613672096,0.48245859146118164,0.13222551345825195,,31.875696182250977,31.875696182250977,42.316993713378906,42.37028503417969,29.855589035524435,,10.44129753112793,10.494588851928711,-2.0201071467265415,,35.07985650594422,35.07985650594422,43.791269785517834,44.00420015714539,30.05884296600842,,8.711413279573613,8.92434365120117,-5.021013539935801,,,,0.0,0.0,0.0,,,,,,0.9717195630073547,0.9717195630073547,0.9566694577056242,0.9459272027015686,0.9647253785267411,,-0.015050105301730565,-0.025792360305786133,-0.006994184480613619,,0.9269652,0.9269652,0.9228545798355318,0.6533812880516052,0.7812010723756452,,-0.004110620164468282,-0.2735839119483948,-0.14576412762435487,
urgent_test-blind_0495_421__p006000,6,3.487289917578425,3.487289917578425,3.447478152187994,3.501344510962443,3.4072578127644384,,-0.03981176539043085,0.014054593384018155,-0.08003210481398648,,3.85894513130188,3.85894513130188,4.092316354613706,4.087474822998047,4.132681272116052,,0.23337122331182591,0.228529691696167,0.2737361408141723,,4.079599380493164,4.079599380493164,4.060785678495844,3.924741744995117,3.8371845325791694,,-0.018813701997320464,-0.15485763549804688,-0.2424148479139947,,3.058075714111328,3.058075714111328,3.925560276479606,3.600833463668823,3.818478139433037,,0.8674845623682779,0.5427577495574951,0.760402425321709,,4.603015963236491,4.603015963236491,4.817865442559421,4.416389624277751,4.680386371689149,,0.21484947932293075,-0.1866263389587397,0.07737040845265852,,4.914367198944092,4.914367198944092,4.890166926096721,5.016104916492144,5.0101095452366105,,-0.02420027284737092,0.10173771754805205,0.09574234629251865,,4.531277179718018,4.531277179718018,4.7164740562438965,4.566967964172363,4.607645464709485,,0.1851968765258789,0.0356907844543457,0.0763682849914673,,4.881980895996094,4.881980895996094,4.908923562750758,4.913525581359863,4.830354044236333,,0.026942666754663946,0.03154468536376953,-0.051626851759761117,,42.53419876098633,42.53419876098633,42.316993713378906,42.37028503417969,42.46058654785156,,-0.21720504760742188,-0.16391372680664062,-0.07361221313476562,,44.25439447781323,44.25439447781323,43.791269785517834,44.00420015714539,44.14965460744504,,-0.4631246922953949,-0.25019432066783764,-0.104739870368185,,,,0.0,0.0,0.0,,,,,,0.9729281067848206,0.9729281067848206,0.9566694577056242,0.9459272027015686,0.9869922753797475,,-0.016258649079196386,-0.027000904083251953,0.014064168594926985,,0.99298984,0.99298984,0.9644771232662431,0.9060206263253012,0.9950345898249063,,-0.028512716733756882,-0.08696921367469879,0.0020447498249063223,
urgent_test-blind_0518_505__p006000,6,3.0983593579065984,3.0983593579065984,2.9144293797079417,3.0109477259358424,2.7434712627911653,,-0.18392997819865675,-0.08741163197075608,-0.3548880951154332,,3.695359230041504,3.695359230041504,3.5577549584898125,3.2823985800685653,3.444607953948668,,-0.13760427155169141,-0.4129606499729386,-0.2507512760928359,,1.3083751201629639,1.3083751201629639,1.5313415972583266,1.3807680937181037,1.4537379677037159,,0.22296647709536277,0.07239297355513985,0.14536284754075202,,3.3649956226348876,3.3649956226348876,2.96534251707146,2.82315673828125,2.7433993513804364,,-0.3996531055634276,-0.5418388843536377,-0.6215962712544512,,3.172576967875163,3.172576967875163,3.612587761400215,3.9670161406199136,3.424397902922777,,0.4400107935250519,0.7944391727447506,0.25182093504761394,,2.637941598892212,2.637941598892212,2.875215337937137,3.003086417554372,2.9315143033682576,,0.23727373904492488,0.3651448186621602,0.29357270447604566,,3.567462682723999,3.567462682723999,3.18416780305196,3.5392496212419258,3.310338367420028,,-0.383294879672039,-0.028213061482073254,-0.25712431530397106,,2.6847550868988037,2.6847550868988037,4.0373803851116135,3.8848892349794686,3.1656128354819426,,1.3526252982128097,1.2001341480806649,0.4808577485831389,,41.11411666870117,41.11411666870117,40.293331146240234,17.921680450439453,38.344276428222656,,-0.8207855224609375,-23.19243621826172,-2.7698402404785156,,42.07790580301227,42.07790580301227,42.366300781778975,42.35752823298853,39.81677967661731,,0.2883949787667035,0.2796224299762571,-2.261126126394963,,,,0.0,0.0,0.0,,,,,,,,0.9313854828895813,0.9459272027015686,0.9168841319390569,,,,,,,,0.9215558212851407,0.85493,0.9031822060131303,,,,,
urgent_test-blind_0542_450__p006000,6,3.129605026527223,3.129605026527223,3.187178875049633,3.1530025159952157,3.2865507248906676,,0.05757384852241021,0.023397489467992916,0.15694569836344474,,3.3012208938598633,3.3012208938598633,4.092316354613706,3.786478042602539,3.8671293000140823,,0.7910954607538425,0.4852571487426758,0.565908406154219,,3.2689266204833984,3.2689266204833984,3.1971346671322745,2.8743040561676025,3.1134543964661745,,-0.07179195335112398,-0.3946225643157959,-0.15547222401722394,,2.4486820220947267,2.4486820220947267,2.96534251707146,2.82315673828125,2.7433993513804364,,0.5166604949767333,0.37447471618652317,0.2947173292857097,,4.176564153035482,4.176564153035482,4.22817462783262,1.7995043436686198,3.9288912122029376,,0.05161047479713776,-2.3770598093668625,-0.24767294083254443,,3.8847179412841797,3.8847179412841797,4.396914752132921,3.864074945449829,4.484505173671676,,0.5121968108487414,-0.020642995834350586,0.599787232387496,,4.255857944488525,4.255857944488525,4.477402284920934,4.566967964172363,4.25769880785042,,0.22154434043240823,0.3111100196838379,0.0018408633618944847,,4.463560104370117,4.463560104370117,4.836176033479622,4.711663246154785,4.528436867587538,,0.3726159291095046,0.24810314178466797,0.06487676321742075,,42.79228591918945,42.79228591918945,42.316993713378906,42.84180450439453,42.46058654785156,,-0.4752922058105469,0.049518585205078125,-0.3316993713378906,,44.25895575173483,44.25895575173483,43.791269785517834,44.00420015714539,43.94723624135117,,-0.46768596621699743,-0.2547555945894402,-0.31171951038366075,,,,0.0,0.0,0.0,,,,,,,,0.9313854828895813,0.9459272027015686,0.9647253785267411,,,,,,,,0.8598875627251314,0.85493,0.9031822060131303,,,,,
urgent_test-blind_0542_496__p006000,6,3.0161967316362928,3.0161967316362928,3.187178875049633,2.62766209467963,2.849838142116112,,0.17098214341334028,-0.3885346369566629,-0.1663585895201809,,3.3110122680664062,3.3110122680664062,3.847205618777907,3.5265117093741174,3.693037991542893,,0.5361933507115006,0.21549944130771115,0.3820257234764868,,2.990710973739624,2.990710973739624,2.5115185013736583,2.5317776203155518,2.8018509882042206,,-0.47919247236596574,-0.45893335342407227,-0.1888599855354034,,2.968119812011719,2.968119812011719,2.96534251707146,2.82315673828125,2.7433993513804364,,-0.002777294940258912,-0.14496307373046902,-0.22472046063128248,,3.3860816319783527,3.3860816319783527,3.612587761400215,3.9737770714434273,3.9288912122029376,,0.2265061294218622,0.5876954394650746,0.5428095802245849,,3.439758539199829,3.439758539199829,4.305478222398873,3.864074945449829,4.484505173671676,,0.8657196831990435,0.42431640625,1.0447466344718466,,3.0996170043945312,3.0996170043945312,3.9595354465116936,3.5392496212419258,4.25769880785042,,0.8599184421171624,0.4396326168473945,1.1580818034558886,,4.470490455627441,4.470490455627441,4.619546763868217,4.515913963317871,4.528436867587538,,0.14905630824077587,0.04542350769042969,0.05794641196009653,,42.14393615722656,42.14393615722656,41.73924255371094,20.020647048950195,38.344276428222656,,-0.404693603515625,-22.123289108276367,-3.7996597290039062,,43.81706621650943,43.81706621650943,43.791269785517834,19.959982656587627,39.81677967661731,,-0.025796430991597674,-23.857083559921804,-4.000286539892123,,,,0.0,0.0,0.0,,,,,,,,0.8958807491873163,0.8984962206288992,0.9168841319390569,,,,,,,,0.8555067700615696,0.85493,0.958817387824001,,,,,
urgent_test-blind_0542_501__p006000,6,3.249566789777305,3.249566789777305,3.187178875049633,3.249502302100756,3.2865507248906676,,-0.06238791472767202,-6.448767654898546e-05,0.03698393511336251,,3.3711776733398438,3.3711776733398438,4.092316354613706,3.9014344215393066,3.8671293000140823,,0.721138681273862,0.5302567481994629,0.49595162667423853,,3.1716718673706055,3.1716718673706055,2.8687779874686736,2.8743040561676025,3.1134543964661745,,-0.30289387990193184,-0.29736781120300293,-0.05821747090443097,,2.5694863319396974,2.5694863319396974,2.96534251707146,2.82315673828125,2.7433993513804364,,0.3958561851317626,0.25367040634155247,0.173913019440739,,3.5208849906921387,3.5208849906921387,4.22817462783262,3.9670161406199136,4.2766554302639435,,0.7072896371404811,0.4461311499277749,0.7557704395718048,,4.19724178314209,4.19724178314209,4.396914752132921,3.864074945449829,4.484505173671676,,0.1996729689908312,-0.33316683769226074,0.2872633905295858,,4.29250431060791,4.29250431060791,4.477402284920934,4.566967964172363,4.25769880785042,,0.18489797431302346,0.2744636535644531,-0.03480550275749028,,4.44634485244751,4.44634485244751,4.8216062683656995,4.711663246154785,4.830354044236333,,0.37526141591818973,0.2653183937072754,0.38400919178882287,,42.56212615966797,42.56212615966797,42.316993713378906,42.84180450439453,41.73924255371094,,-0.2451324462890625,0.2796783447265625,-0.8228836059570312,,44.205714832801554,44.205714832801554,43.791269785517834,43.4873616866321,43.82666147389919,,-0.41444504728372067,-0.7183531461694557,-0.379053358902361,,,,0.0,0.0,0.0,,,,,,,,0.9313854828895813,0.9459272027015686,0.9647253785267411,,,,,,,,0.9228545798355318,0.85493,0.9031822060131303,,,,,
urgent_test-blind_0569_421__p006000,6,2.8724972990426845,2.8724972990426845,3.187178875049633,3.0109477259358424,3.0587917036867385,,0.31468157600694857,0.1384504268931579,0.186294404644054,,3.919872522354126,3.919872522354126,3.847205618777907,3.5265117093741174,4.132681272116052,,-0.07266690357621908,-0.3933608129800086,0.2128087497619262,,3.165087938308716,3.165087938308716,2.657192253204714,2.499022598726204,2.5060901957822126,,-0.507895685104002,-0.666065339582512,-0.6589977425265032,,3.177331829071045,3.177331829071045,2.96534251707146,2.82315673828125,3.0768062677728123,,-0.21198931199958482,-0.3541750907897949,-0.10052556129823254,,4.386404863993326,4.386404863993326,4.22817462783262,3.9737770714434273,3.9040776577021385,,-0.15823023616070664,-0.4126277925498991,-0.48232720629118786,,3.712566614151001,3.712566614151001,4.090921924774905,3.864074945449829,4.484505173671676,,0.3783553106239044,0.15150833129882812,0.7719385595206747,,4.103484630584717,4.103484630584717,4.20379814756922,3.9860012531280518,4.25769880785042,,0.10031351698450308,-0.11748337745666504,0.15421417726570308,,4.23374080657959,4.23374080657959,4.619546763868217,3.8848892349794686,4.830354044236333,,0.38580595728862743,-0.34885157160012126,0.5966132376567428,,41.46957778930664,41.46957778930664,41.73924255371094,20.020647048950195,41.73924255371094,,0.2696647644042969,-21.448930740356445,0.2696647644042969,,43.05012153149198,43.05012153149198,43.791269785517834,22.153136366544626,42.22886501482761,,0.7411482540258518,-20.896985164947356,-0.8212565166643699,,,,0.0,0.0,0.0,,,,,,0.9218729138374329,0.9218729138374329,0.9313854828895813,0.9459272027015686,0.9168841319390569,,0.009512569052148478,0.024054288864135742,-0.004988781898375927,,0.8727207,0.8727207,0.8598875627251314,0.85493,0.9031822060131303,,-0.012833137274868567,-0.017790700000000048,0.030461506013130246,
urgent_test-blind_0569_522__p006000,6,3.0763658151931903,3.0763658151931903,3.187178875049633,3.0109477259358424,3.2865507248906676,,0.11081305985644274,-0.06541808925734793,0.21018490969747727,,4.074113368988037,4.074113368988037,3.847205618777907,3.5265117093741174,4.132681272116052,,-0.2269077502101302,-0.5476016596139197,0.058567903128015075,,3.7815990447998047,3.7815990447998047,3.1971346671322745,3.3736504675394077,2.9320456665682504,,-0.5844643776675302,-0.407948577260397,-0.8495533782315543,,2.710928440093994,2.710928440093994,2.96534251707146,2.82315673828125,3.0768062677728123,,0.2544140769774659,0.11222829818725577,0.36587782767881816,,4.539055379231771,4.539055379231771,4.22817462783262,3.9144745031992594,4.2766554302639435,,-0.31088075139915095,-0.6245808760325113,-0.26239994896782726,,4.377577781677246,4.377577781677246,4.090921924774905,3.703178919941543,4.484505173671676,,-0.28665585690234074,-0.6743988617357033,0.10692739199442958,,4.23884391784668,4.23884391784668,4.321376662656485,3.9860012531280518,4.381644404078104,,0.08253274480980544,-0.25284266471862793,0.14280048623142427,,4.486608028411865,4.486608028411865,4.295161913676434,4.4204607009887695,4.830354044236333,,-0.19144611473543094,-0.0661473274230957,0.3437460158244674,,40.8733024597168,40.8733024597168,41.73924255371094,20.020647048950195,41.73924255371094,,0.8659400939941406,-20.8526554107666,0.8659400939941406,,42.82339907684271,42.82339907684271,43.791269785517834,19.959982656587627,42.7296377254337,,0.9678707086751217,-22.863416420255085,-0.09376135140901454,,,,0.0,0.0,0.0,,,,,,0.9408627152442932,0.9408627152442932,0.9313854828895813,0.9459272027015686,0.9647253785267411,,-0.009477232354711873,0.005064487457275391,0.023862663282447905,,0.9306919,0.9306919,0.9644771232662431,0.9060206263253012,0.9759322871644813,,0.033785223266243114,-0.02467127367469879,0.04524038716448131,
urgent_test-blind_0643_417__p006000,6,3.225900304300783,3.225900304300783,3.187178875049633,3.1530025159952157,3.0587917036867385,,-0.038721429251149964,-0.07289778830556726,-0.16710860061404453,,3.9201765060424805,3.9201765060424805,3.847205618777907,3.5265117093741174,3.8671293000140823,,-0.07297088726457357,-0.39366479666836307,-0.053047206028398186,,2.565340995788574,2.565340995788574,2.5203774463699524,2.5317776203155518,2.1640160203458807,,-0.044963549418621795,-0.03356337547302246,-0.4013249754426935,,3.2706062316894533,3.2706062316894533,2.96534251707146,2.82315673828125,2.7433993513804364,,-0.3052637146179933,-0.4474494934082034,-0.5272068803090169,,4.488185437520345,4.488185437520345,4.497222592840233,3.9670161406199136,4.428869763084524,,0.009037155319887802,-0.5211692969004313,-0.05931567443582075,,3.3621277809143066,3.3621277809143066,4.090921924774905,3.864074945449829,4.484505173671676,,0.7287941438605987,0.5019471645355225,1.122377392757369,,3.930649757385254,3.930649757385254,4.09345537208649,3.9860012531280518,4.25769880785042,,0.16280561470123622,0.05535149574279785,0.32704905046516597,,3.0536410808563232,3.0536410808563232,4.619546763868217,4.711663246154785,4.470257615468588,,1.565905683011894,1.658022165298462,1.416616534612265,,42.05992126464844,42.05992126464844,42.316993713378906,42.37028503417969,41.73924255371094,,0.25707244873046875,0.31036376953125,-0.3206787109375,,43.81668708754573,43.81668708754573,43.791269785517834,44.00420015714539,43.24447976954628,,-0.025417302027896937,0.1875130695996603,-0.5722073179994496,,,,0.0,0.0,0.0,,,,,,0.9012786746025085,0.9012786746025085,0.8958807491873163,0.8984962206288992,0.9168841319390569,,-0.0053979254151922396,-0.0027824539736093223,0.01560545733654839,,0.94782025,0.94782025,0.819221969349796,0.85493,0.9031822060131303,,-0.12859828065020407,-0.09289025000000006,-0.04463804398686977,
urgent_test-blind_0643_440__p006000,6,3.2686813171967204,3.2686813171967204,3.394386716190266,3.249502302100756,3.2865507248906676,,0.12570539899354571,-0.019179015095964314,0.01786940769394718,,3.819361448287964,3.819361448287964,4.092316354613706,3.786478042602539,3.8671293000140823,,0.27295490632574193,-0.032883405685424805,0.047767851726118415,,2.783496379852295,2.783496379852295,2.528921655861728,2.8743040561676025,2.5060901957822126,,-0.2545747239905669,0.09080767631530762,-0.27740618407008233,,3.5710769176483153,3.5710769176483153,2.96534251707146,2.82315673828125,2.7433993513804364,,-0.6057344005768552,-0.7479201793670653,-0.8276775662678788,,4.711662292480469,4.711662292480469,4.497222592840233,4.416389624277751,4.428869763084524,,-0.21443969964023601,-0.2952726682027178,-0.28279252939594457,,4.607471942901611,4.607471942901611,4.6822365335671305,4.575345039367676,4.584327113676262,,0.07476459066551921,-0.03212690353393555,-0.023144829225349106,,4.430139541625977,4.430139541625977,4.477402284920934,4.566967964172363,4.381644404078104,,0.047262743294957055,0.13682842254638672,-0.0484951375478726,,4.649076461791992,4.649076461791992,4.836176033479622,4.913525581359863,4.830354044236333,,0.18709957168762958,0.2644491195678711,0.18127758244434045,,42.27307891845703,42.27307891845703,42.316993713378906,42.37028503417969,41.73924255371094,,0.043914794921875,0.09720611572265625,-0.5338363647460938,,44.004676802777745,44.004676802777745,43.791269785517834,44.00420015714539,43.94723624135117,,-0.21340701725991096,-0.0004766456323537227,-0.05744056142657428,,,,0.0,0.0,0.0,,,,,,0.9189391136169434,0.9189391136169434,0.9411847373567911,0.9459272027015686,0.9647253785267411,,0.02224562373984773,0.026988089084625244,0.04578626490979776,,0.942789,0.942789,0.9228545798355318,0.85493,0.9142095314929763,,-0.019934420164468225,-0.08785900000000002,-0.028579468507023642,
urgent_test-blind_0643_451__p006000,6,3.1814640812761876,3.1814640812761876,3.187178875049633,2.698465546122062,3.2865507248906676,,0.005714793773445415,-0.4829985351541257,0.10508664361447995,,3.7825164794921875,3.7825164794921875,3.847205618777907,3.786478042602539,3.693037991542893,,0.0646891392857194,0.0039615631103515625,-0.08947848794929447,,2.468722343444824,2.468722343444824,2.1796877211835013,2.549746277820633,2.1640160203458807,,-0.2890346222613229,0.08102393437580879,-0.3047063230989435,,2.9599668979644775,2.9599668979644775,2.96534251707146,2.82315673828125,2.7433993513804364,,0.005375619106982477,-0.13681015968322763,-0.2165675465840411,,4.627402019500733,4.627402019500733,4.22817462783262,3.9737770714434273,4.2766554302639435,,-0.39922739166811283,-0.6536249480573053,-0.35074658923678914,,2.565190315246582,2.565190315246582,4.090921924774905,3.864074945449829,3.612003642871197,,1.5257316095283233,1.298884630203247,1.0468133276246148,,3.827784299850464,3.827784299850464,4.09345537208649,4.566967964172363,4.25769880785042,,0.26567107223602626,0.7391836643218994,0.429914507999956,,2.5402204990386963,2.5402204990386963,4.619546763868217,3.8848892349794686,3.871898666443116,,2.079326264829521,1.3446687359407723,1.3316781674044198,,42.186553955078125,42.186553955078125,42.316993713378906,42.37028503417969,41.73924255371094,,0.13043975830078125,0.1837310791015625,-0.4473114013671875,,43.396250272711356,43.396250272711356,43.791269785517834,43.798571638281274,43.24447976954628,,0.39501951280647774,0.40232136556991804,-0.1517705031650749,,,,0.0,0.0,0.0,,,,,,0.9008837938308716,0.9008837938308716,0.8958807491873163,0.9459272027015686,0.9168841319390569,,-0.005003044643555277,0.04504340887069702,0.016000338108185352,,0.66128033,0.66128033,0.8598875627251314,0.85493,0.8453808024705174,,0.19860723272513148,0.19364967,0.18410047247051742,
urgent_test-blind_0643_454__p006000,6,3.225900304300783,3.225900304300783,3.187178875049633,3.1530025159952157,3.0587917036867385,,-0.038721429251149964,-0.07289778830556726,-0.16710860061404453,,3.9201765060424805,3.9201765060424805,3.847205618777907,3.5265117093741174,3.8671293000140823,,-0.07297088726457357,-0.39366479666836307,-0.053047206028398186,,2.565340995788574,2.565340995788574,2.5203774463699524,2.5317776203155518,2.1640160203458807,,-0.044963549418621795,-0.03356337547302246,-0.4013249754426935,,3.5786428928375242,3.5786428928375242,2.96534251707146,2.82315673828125,2.7433993513804364,,-0.6133003757660642,-0.7554861545562743,-0.8352435414570878,,4.483902072906494,4.483902072906494,4.497222592840233,3.9670161406199136,4.428869763084524,,0.01332051993373895,-0.5168859322865802,-0.055032309821969605,,3.3621277809143066,3.3621277809143066,4.090921924774905,3.864074945449829,4.484505173671676,,0.7287941438605987,0.5019471645355225,1.122377392757369,,3.930649757385254,3.930649757385254,4.09345537208649,3.9860012531280518,4.25769880785042,,0.16280561470123622,0.05535149574279785,0.32704905046516597,,3.0536410808563232,3.0536410808563232,4.619546763868217,4.711663246154785,4.470257615468588,,1.565905683011894,1.658022165298462,1.416616534612265,,42.06825256347656,42.06825256347656,42.316993713378906,42.37028503417969,41.73924255371094,,0.24874114990234375,0.302032470703125,-0.329010009765625,,43.81668679224867,43.81668679224867,43.791269785517834,44.00420015714539,43.24447976954628,,-0.02541700673083369,0.18751336489672354,-0.5722070227023863,,,,0.0,0.0,0.0,,,,,,0.9012786746025085,0.9012786746025085,0.8958807491873163,0.8984962206288992,0.9168841319390569,,-0.0053979254151922396,-0.0027824539736093223,0.01560545733654839,,0.94782025,0.94782025,0.819221969349796,0.85493,0.9031822060131303,,-0.12859828065020407,-0.09289025000000006,-0.04463804398686977,
urgent_test-blind_0716_483__p006000,6,3.2719389475421363,3.2719389475421363,3.402553986202744,3.4701656673819166,3.2865507248906676,,0.13061503866060775,0.19822671983978024,0.014611777348531252,,3.8971800804138184,3.8971800804138184,4.092316354613706,4.014078617095947,4.132681272116052,,0.19513627419988744,0.1168985366821289,0.23550119170223383,,3.595379114151001,3.595379114151001,3.954536357557917,3.3736504675394077,3.706664647443228,,0.3591572434069161,-0.2217286466115933,0.1112855332922269,,3.598528242111206,3.598528242111206,3.925560276479606,3.4658153126038704,3.818478139433037,,0.32703203436839967,-0.1327129295073357,0.2199498973218308,,4.155323155721029,4.155323155721029,4.817865442559421,4.416389624277751,4.526431086360211,,0.6625422868383923,0.2610664685567219,0.371107930639182,,4.914485931396484,4.914485931396484,4.890166926096721,5.016104916492144,5.0101095452366105,,-0.024319005299763496,0.10161898509565948,0.09562361384012608,,4.631887912750244,4.631887912750244,4.58849601860506,4.566967964172363,4.607645464709485,,-0.043391894145184295,-0.06491994857788086,-0.024242448040759257,,4.883089542388916,4.883089542388916,4.836176033479622,4.913525581359863,4.830354044236333,,-0.046913508909294244,0.030436038970947266,-0.05273549815258338,,41.944976806640625,41.944976806640625,42.316993713378906,42.37028503417969,42.46058654785156,,0.37201690673828125,0.4253082275390625,0.5156097412109375,,43.32621641013374,43.32621641013374,43.791269785517834,43.76383551210447,43.94723624135117,,0.46505337538409464,0.43761910197073206,0.6210198312174313,,,,0.0,0.0,0.0,,,,,,0.9329379200935364,0.9329379200935364,0.9566694577056242,0.9459272027015686,0.9647253785267411,,0.023731537612087794,0.012989282608032227,0.03178745843320474,,0.9015488,0.9015488,0.9228545798355318,0.9670616984367371,0.9950345898249063,,0.021305779835531724,0.06551289843673702,0.0934857898249063,
urgent_test-blind_0747_417__p006000,6,2.7241558594513307,2.7241558594513307,3.187178875049633,3.0109477259358424,3.2865507248906676,,0.4630230155983024,0.2867918664845117,0.5623948654393369,,3.438380002975464,3.438380002975464,3.847205618777907,3.5265117093741174,3.693037991542893,,0.40882561580244303,0.08813170639865353,0.25465798856742916,,2.772001028060913,2.772001028060913,2.528921655861728,2.725235939025879,2.5060901957822126,,-0.24307937219918507,-0.04676508903503418,-0.2659108322787005,,3.2152458667755126,3.2152458667755126,2.96534251707146,2.82315673828125,2.7595813303108674,,-0.2499033497040526,-0.3920891284942627,-0.4556645364646452,,3.033578093846639,3.033578093846639,4.22817462783262,2.3831069636057656,3.6664542737575263,,1.194596533985981,-0.6504711302408732,0.6328761799108875,,3.041447877883911,3.041447877883911,4.090921924774905,3.864074945449829,4.484505173671676,,1.0494740468909942,0.822627067565918,1.4430572957877645,,3.1418731212615967,3.1418731212615967,4.20379814756922,3.9860012531280518,4.25769880785042,,1.0619250263076232,0.8441281318664551,1.1158256865888232,,3.1853740215301514,3.1853740215301514,4.619546763868217,4.515913963317871,4.528436867587538,,1.434172742338066,1.3305399417877197,1.3430628460573866,,42.34355926513672,42.34355926513672,42.316993713378906,40.71783447265625,41.73924255371094,,-0.0265655517578125,-1.6257247924804688,-0.6043167114257812,,43.54376336364882,43.54376336364882,43.791269785517834,43.798571638281274,42.22886501482761,,0.24750642186901217,0.2548082746324525,-1.3148983488212096,,,,0.0,0.0,0.0,,,,,,0.9068677425384521,0.9068677425384521,0.8958807491873163,0.8984962206288992,0.9168841319390569,,-0.010986993351135843,-0.008371521909552926,0.010016389400604786,,0.7421794,0.7421794,0.8598875627251314,0.85493,0.9031822060131303,,0.1177081627251314,0.11275059999999992,0.16100280601313022,
urgent_test-blind_0747_457__p006000,6,2.6814363543482735,2.6814363543482735,3.187178875049633,3.0109477259358424,3.2865507248906676,,0.5057425207013595,0.3295113715875688,0.605114370542394,,3.004215955734253,3.004215955734253,3.3993454036942445,3.2823985800685653,3.3930183816626367,,0.3951294479599916,0.2781826243343124,0.38880242592838377,,2.527923107147217,2.527923107147217,2.1796877211835013,2.4810056686401367,2.1640160203458807,,-0.3482353859637155,-0.04691743850708008,-0.3639070868013361,,2.946695852279663,2.946695852279663,2.96534251707146,2.82315673828125,2.7433993513804364,,0.018646664791797107,-0.123539113998413,-0.20329650089922646,,3.809426689147949,3.809426689147949,3.612587761400215,3.175409730275472,3.272867266337077,,-0.19683892774773426,-0.6340169588724773,-0.5365594228108721,,2.657327890396118,2.657327890396118,2.875215337937137,3.003086417554372,2.9315143033682576,,0.21788744754101863,0.34575852715825395,0.2741864129721394,,3.240196466445923,3.240196466445923,4.011245566678334,3.795878034040152,3.6343171912503527,,0.7710491002324114,0.5556815675942293,0.39412072480442983,,2.961148738861084,2.961148738861084,1.5425501846405396,1.9989220722612127,3.928551262162297,,-1.4185985542205444,-0.9622266665998713,0.9674025233012129,,33.42396545410156,33.42396545410156,41.73924255371094,27.29269027709961,29.855589035524435,,8.315277099609375,-6.131275177001953,-3.5683764185771274,,37.15099411267679,37.15099411267679,43.791269785517834,37.4572963847962,30.05884296600842,,6.640275672841042,0.3063022721194102,-7.092151146668371,,,,0.0,0.0,0.0,,,,,,0.911128580570221,0.911128580570221,0.8755262415093111,0.8984962206288992,0.8721878545351297,,-0.035602339060909816,-0.012632359941321725,-0.038940726035091244,,0.805389,0.805389,0.8598875627251314,0.7538637195725038,0.6846697782895651,,0.05449856272513143,-0.05152528042749627,-0.12071922171043492,
urgent_test-blind_0763_532__p006000,6,2.999718889569188,2.999718889569188,3.187178875049633,3.0109477259358424,3.0587917036867385,,0.18745998548044485,0.011228836366654171,0.059072814117550276,,3.736952304840088,3.736952304840088,3.68261251679386,3.5265117093741174,3.444607953948668,,-0.054339788046227966,-0.2104405954659705,-0.29234435089141986,,2.49696946144104,2.49696946144104,2.4434543632599244,2.499022598726204,2.5060901957822126,,-0.05351509818111566,0.002053137285163764,0.009120734341172554,,2.944104814529419,2.944104814529419,2.96534251707146,2.82315673828125,2.7595813303108674,,0.02123770254204116,-0.12094807624816895,-0.18452348421855147,,3.8073615550994875,3.8073615550994875,3.612587761400215,3.9670161406199136,3.6732178850825052,,-0.1947737936992726,0.1596545855204261,-0.13414367001698224,,3.9136531352996826,3.9136531352996826,3.513752831033913,3.864074945449829,2.9315143033682576,,-0.3999003042657696,-0.049578189849853516,-0.982138831931425,,4.246371269226074,4.246371269226074,3.9595354465116936,3.9860012531280518,4.25769880785042,,-0.2868358227143806,-0.26037001609802246,0.011327538624345657,,4.578185558319092,4.578185558319092,4.4369019427931455,4.515913963317871,3.928551262162297,,-0.14128361552594626,-0.0622715950012207,-0.6496342961567949,,41.928794860839844,41.928794860839844,40.293331146240234,18.215276419398286,18.989276457024385,,-1.6354637145996094,-23.713518441441558,-22.93951840381546,,43.892234092294615,43.892234092294615,42.366300781778975,15.344282541230317,19.233737300671013,,-1.52593331051564,-28.547951551064298,-24.6584967916236,,,,0.0,0.0,0.0,,,,,,,,0.9313854828895813,0.9459272027015686,0.9647253785267411,,,,,,,,0.9644771232662431,0.85493,0.958817387824001,,,,,
urgent_test-blind_0801_455__p006000,6,2.727844997455682,2.727844997455682,2.33905517046609,2.332197092064295,2.51490741576413,,-0.3887898269895924,-0.39564790539138706,-0.2129375816915524,,2.8814432621002197,2.8814432621002197,3.2423034058995994,3.035421133041382,2.839452436171382,,0.3608601437993797,0.1539778709411621,-0.041990825928837516,,1.3400324583053589,1.3400324583053589,1.2825378481164036,1.2598223686218262,1.2423320369548108,,-0.0574946101889553,-0.08021008968353271,-0.09770042135054813,,1.7976871967315673,1.7976871967315673,2.179533685163322,2.1282028916370437,1.7205357574554812,,0.3818464884317545,0.3305156949054764,-0.07715143927608614,,2.189395793279012,2.189395793279012,3.4801623478471995,2.3831069636057656,2.5688801321159884,,1.2907665545681875,0.19371117032675356,0.3794843388369764,,2.2980029582977295,2.2980029582977295,2.875215337937137,2.163616924400788,1.5732554288274314,,0.5772123796394073,-0.13438603389694137,-0.7247475294702981,,2.922367811203003,2.922367811203003,3.18416780305196,2.562039852142334,2.4537845845203323,,0.2617999918489571,-0.36032795906066895,-0.4685832266826706,,3.1540095806121826,3.1540095806121826,3.764311608061733,2.94353985786438,3.1656128354819426,,0.6103020274495505,-0.21046972274780273,0.011603254869759994,,37.375022888183594,37.375022888183594,39.603267669677734,13.303008079528809,25.31194503048816,,2.2282447814941406,-24.072014808654785,-12.063077857695433,,38.18221724110113,38.18221724110113,29.557516334928224,35.4257667017665,29.50023889907705,,-8.624700906172905,-2.7564505393346295,-8.681978342024077,,,,0.0,0.0,0.0,,,,,,0.774182915687561,0.774182915687561,0.8339530495275934,0.7907151579856873,0.7390830727466139,,0.05977013384003238,0.01653224229812622,-0.035099842940947146,,0.3588304,0.3588304,0.3552078536475997,0.6533812880516052,0.46247691813721714,,-0.00362254635240028,0.29455088805160523,0.10364651813721715,
urgent_test-blind_0801_459__p006000,6,2.6386275059363555,2.6386275059363555,1.961464750681442,1.6061153759472475,1.8254229189052373,,-0.6771627552549135,-1.032512129989108,-0.8132045870311182,,2.329663038253784,2.329663038253784,2.506017919046333,2.456054449081421,2.4170224853308806,,0.17635488079254902,0.12639141082763672,0.08735944707709642,,1.3014639616012573,1.3014639616012573,1.2833385366991341,1.2598223686218262,1.2423320369548108,,-0.01812542490212321,-0.04164159297943115,-0.059131924646446565,,1.7564461708068848,1.7564461708068848,1.7044373755474167,1.94289536418685,1.7205357574554812,,-0.05200879525946811,0.18644919337996524,-0.03591041335140366,,1.3995797077814738,1.3995797077814738,2.6023343245188397,1.375575335820516,1.733218263047766,,1.202754616737366,-0.024004371960957727,0.33363855526629216,,0.9872192740440369,0.9872192740440369,1.6865811908101462,1.1118789911270142,1.5732554288274314,,0.6993619167661094,0.1246597170829773,0.5860361547833945,,2.1857638359069824,2.1857638359069824,2.3768977084791802,2.009313520178737,1.910053672081974,,0.19113387257219783,-0.17645031572824532,-0.27571016382500835,,3.347097396850586,3.347097396850586,3.667062759399414,3.3011369705200195,3.1656128354819426,,0.3199653625488281,-0.045960426330566406,-0.18148456136864333,,15.241104125976562,15.241104125976562,11.135773340861004,9.351889610290527,13.059100162552063,,-4.105330785115559,-5.889214515686035,-2.182003963424499,,15.278123960813183,15.278123960813183,6.834070367619018,7.506840487240041,11.525480238086931,,-8.444053593194164,-7.771283473573142,-3.7526437227262512,,,,0.0,0.0,0.0,,,,,,0.6539775729179382,0.6539775729179382,0.7270962193787817,0.6807832717895508,0.6905761009239288,,0.07311864646084343,0.02680569887161255,0.036598528005990616,,0.14956535,0.14956535,0.12794155558668466,0.37378006706754846,0.46247691813721714,,-0.021623794413315356,0.22421471706754845,0.3129115681372171,
urgent_test-blind_0801_468__p006000,6,2.684051002307226,2.684051002307226,2.532496624886359,2.7851430607759675,2.51490741576413,,-0.15155437742086697,0.10109205846874136,-0.16914358654309636,,3.177006721496582,3.177006721496582,3.3993454036942445,3.2239513397216797,3.3930183816626367,,0.2223386821976625,0.046944618225097656,0.21601166016605466,,1.3157093524932861,1.3157093524932861,1.332007497189993,1.293726921081543,1.4004102586263634,,0.016298144696706762,-0.021982431411743164,0.08470090613307724,,1.8402361392974853,1.8402361392974853,2.179533685163322,2.1282028916370437,2.2371546574864523,,0.3392975458658365,0.2879667523395584,0.39691851818896695,,2.3487377802530927,2.3487377802530927,3.612587761400215,2.3831069636057656,3.272867266337077,,1.2638499811471222,0.034369183352672916,0.9241294860839844,,2.9085824489593506,2.9085824489593506,2.875215337937137,2.51006817817688,2.355838153256949,,-0.03336711102221379,-0.3985142707824707,-0.5527442957024018,,3.9116671085357666,3.9116671085357666,3.7479782233755277,3.5392496212419258,3.310338367420028,,-0.16368888516023894,-0.37241748729384083,-0.6013287411157386,,3.8824546337127686,3.8824546337127686,3.764311608061733,2.706125951675047,3.871898666443116,,-0.1181430256510354,-1.1763286820377217,-0.010555967269652466,,9.590417861938477,9.590417861938477,40.34908676147461,27.29269027709961,38.344276428222656,,30.758668899536133,17.702272415161133,28.75385856628418,,9.915670351488403,9.915670351488403,42.366300781778975,38.28654816687972,39.81677967661731,,32.45063043029057,28.370877815391317,29.901109325128907,,,,0.0,0.0,0.0,,,,,,0.8205379247665405,0.8205379247665405,0.8339530495275934,0.7907151579856873,0.7942898524812905,,0.013415124761052888,-0.02982276678085327,-0.026248072285250057,,0.43893132,0.43893132,0.4107864313575637,0.7538637195725038,0.6846697782895651,,-0.028144888642436305,0.31493239957250374,0.2457384582895651,
urgent_test-blind_0804_447__p006000,6,2.330600993559453,2.330600993559453,2.33905517046609,1.914404993512341,1.9495668063148022,,0.008454176906636857,-0.4161960000471119,-0.38103418724465077,,3.1463794708251953,3.1463794708251953,3.155165635917081,2.730695267757737,2.950676418212523,,0.008786165091885678,-0.4156842030674581,-0.1957030526126724,,1.263290524482727,1.263290524482727,1.2752637906246875,1.2598223686218262,1.2423320369548108,,0.011973266141960481,-0.003468155860900879,-0.020958487527916292,,1.9935224533081055,1.9935224533081055,2.179533685163322,2.1282028916370437,1.946901224703195,,0.18601123185521629,0.13468043832893817,-0.04662122860491058,,2.866141907374064,2.866141907374064,2.905926442050551,2.3831069636057656,2.9756688731422067,,0.03978453467648668,-0.4830349437682986,0.10952696576814258,,1.8188713788986206,1.8188713788986206,1.6865811908101462,1.6024618608405792,2.0512023359896188,,-0.13229018808847437,-0.21640951805804143,0.23233095709099816,,3.1415112018585205,3.1415112018585205,3.18416780305196,2.432377576828003,2.773147483427362,,0.0426566011934395,-0.7091336250305176,-0.36836371843115856,,3.262483835220337,3.262483835220337,3.667062759399414,2.706125951675047,2.1205695091959944,,0.40457892417907715,-0.55635788354529,-1.1419143260243425,,39.54692077636719,39.54692077636719,5.218179266136812,-17.183237719248577,-8.64126807523061,,-34.32874151023037,-56.73015849561577,-48.1881888515978,,40.49033281218952,40.49033281218952,40.156060977297116,-9.015849860227167,6.232710788945009,,-0.3342718348924052,-49.506182672416685,-34.257622023244515,,,,0.0,0.0,0.0,,,,,,,,0.7270962193787817,0.7375310034636992,0.6905761009239288,,,,,,,,0.4107864313575637,0.6533812880516052,0.46247691813721714,,,,,
urgent_test-blind_0825_443__p006000,6,2.139134755928223,2.139134755928223,2.1170152590103855,2.2511874260427778,1.8254229189052373,,-0.022119496917837544,0.11205267011455478,-0.31371183702298566,,3.06086802482605,3.06086802482605,2.9317514561266305,2.730695267757737,3.007784935843992,,-0.12911656869941934,-0.3301727570683126,-0.05308308898205771,,1.2547131776809692,1.2547131776809692,1.3025178148085812,1.2770386934280396,1.2423320369548108,,0.04780463712761196,0.022325515747070312,-0.01238114072615848,,1.955368661880493,1.955368661880493,2.1746742607599283,2.1282028916370437,1.946901224703195,,0.21930559887943524,0.1728342297565506,-0.008467437177298143,,2.6760416348775227,2.6760416348775227,3.612587761400215,2.3831069636057656,2.5688801321159884,,0.9365461265226922,-0.2929346712717571,-0.10716150276153424,,1.8424931764602661,1.8424931764602661,2.875215337937137,1.6024618608405792,1.5732554288274314,,1.0327221614768707,-0.24003131561968694,-0.2692377476328347,,1.6940367221832275,1.6940367221832275,2.640939482723374,2.009313520178737,1.910053672081974,,0.9469027605401465,0.31527679799550956,0.21601694989874654,,2.289278745651245,2.289278745651245,3.764311608061733,2.706125951675047,3.871898666443116,,1.475032862410488,0.41684720602380176,1.582619920791871,,36.803131103515625,36.803131103515625,11.135773340861004,10.081348419189453,13.059100162552063,,-25.66735776265462,-26.721782684326172,-23.74403094096356,,37.29789004121247,37.29789004121247,17.13514428598346,9.035438096368653,19.233737300671013,,-20.162745755229007,-28.262451944843818,-18.064152740541456,,,,0.0,0.0,0.0,,,,,,,,0.8755262415093111,0.819348156452179,0.802390929685539,,,,,,,,0.8598875627251314,0.85493,0.6846697782895651,,,,,
urgent_test-blind_0825_517__p006000,6,2.3932615011765677,2.3932615011765677,2.5217681890362464,2.50074513121587,1.9495668063148022,,0.12850668785967878,0.10748363003930228,-0.4436946948617655,,3.1660549640655518,3.1660549640655518,3.155165635917081,3.035421133041382,3.007784935843992,,-0.010889328148470767,-0.13063383102416992,-0.15827002822155967,,1.2781610488891602,1.2781610488891602,1.2752637906246875,1.2770386934280396,1.2701144151419521,,-0.002897258264472624,-0.0011223554611206055,-0.008046633747208043,,1.9055005073547364,1.9055005073547364,2.402447387779573,2.1282028916370437,2.2371546574864523,,0.4969468804248365,0.22270238428230726,0.33165415013171584,,2.6353538354237873,2.6353538354237873,3.308780992844976,2.3831069636057656,2.9756688731422067,,0.6734271574211887,-0.25224687181802175,0.3403150377184194,,2.140369176864624,2.140369176864624,2.875215337937137,2.217057466506958,2.0590989790767074,,0.7348461610725128,0.07668828964233398,-0.08127019778791666,,1.8227207660675049,1.8227207660675049,2.7466313063380228,2.009313520178737,2.773147483427362,,0.9239105402705179,0.18659275411123222,0.9504267173598571,,3.738661766052246,3.738661766052246,3.667062759399414,3.1096510887145996,3.871898666443116,,-0.07159900665283203,-0.6290106773376465,0.13323690039087,,38.29154586791992,38.29154586791992,39.603267669677734,17.921680450439453,25.31194503048816,,1.3117218017578125,-20.36986541748047,-12.97960083743176,,38.8817140823966,38.8817140823966,29.557516334928224,35.4257667017665,19.233737300671013,,-9.324197747468375,-3.4559473806301,-19.647976781725585,,,,0.0,0.0,0.0,,,,,,,,0.8755262415093111,0.819348156452179,0.8244241985930018,,,,,,,,0.8598875627251314,0.85493,0.7622562882864343,,,,,
urgent_test-blind_0855_492__p006000,6,2.8013297982852983,2.8013297982852983,2.532496624886359,2.7851430607759675,2.7434712627911653,,-0.2688331733989391,-0.01618673750933075,-0.057858535494133,,3.5893170833587646,3.5893170833587646,3.3993454036942445,3.2823985800685653,3.444607953948668,,-0.1899716796645201,-0.3069185032901993,-0.14470912941009662,,1.3325715065002441,1.3325715065002441,1.332007497189993,1.293726921081543,1.2701144151419521,,-0.0005640093102512456,-0.03884458541870117,-0.06245709135829203,,2.5805243968963625,2.5805243968963625,2.179533685163322,2.1282028916370437,2.2371546574864523,,-0.4009907117330407,-0.4523215052593188,-0.3433697394099102,,3.7266883850097656,3.7266883850097656,3.612587761400215,2.3831069636057656,3.272867266337077,,-0.11410062360955076,-1.343581421404,-0.4538211186726886,,2.9151265621185303,2.9151265621185303,2.875215337937137,2.163616924400788,2.9315143033682576,,-0.03991122418139348,-0.7515096377177422,0.016387741249727306,,3.948681592941284,3.948681592941284,3.9595354465116936,3.9860012531280518,3.6343171912503527,,0.010853853570409466,0.03731966018676758,-0.3143644016909315,,3.91361927986145,3.91361927986145,0.774645984172821,1.9989220722612127,2.600325950657029,,-3.138973295688629,-1.9146972076002375,-1.3132933292044213,,38.64825439453125,38.64825439453125,40.9306640625,9.976408958435059,38.344276428222656,,2.28240966796875,-28.67184543609619,-0.30397796630859375,,39.460909829833675,39.460909829833675,42.366300781778975,35.4257667017665,39.81677967661731,,2.9053909519453,-4.035143128067176,0.35586984678363365,,,,0.0,0.0,0.0,,,,,,0.79161536693573,0.79161536693573,0.8339530495275934,0.7907151579856873,0.7592826751341303,,0.042337682591863435,-0.0009002089500427246,-0.0323326918015997,,0.57959175,0.57959175,0.4107864313575637,0.7538637195725038,0.6846697782895651,,-0.16880531864243625,0.1742719695725038,0.10507802828956514,
urgent_test-blind_0855_502__p006000,6,2.6712777094251616,2.6712777094251616,3.187178875049633,3.249502302100756,2.859190057256112,,0.5159011656244714,0.5782245926755945,0.18791234783095057,,3.7339842319488525,3.7339842319488525,3.847205618777907,3.5265117093741174,3.693037991542893,,0.11322138682905436,-0.20747252257473514,-0.04094624040595951,,1.3515374660491943,1.3515374660491943,1.332007497189993,1.3807680937181037,1.3144711720416824,,-0.01952996885920144,0.02923062766890938,-0.037066294007511935,,2.6835415363311768,2.6835415363311768,2.7695862099827533,2.82315673828125,2.7433993513804364,,0.08604467365157653,0.13961520195007315,0.05985781504925969,,4.055669260025025,4.055669260025025,3.612587761400215,3.9670161406199136,3.6732178850825052,,-0.4430814986248097,-0.088653119405111,-0.38245137494251935,,3.9333832263946533,3.9333832263946533,2.875215337937137,3.003086417554372,2.9315143033682576,,-1.0581678884575165,-0.9302968088402812,-1.0018689230263957,,4.239184856414795,4.239184856414795,4.09345537208649,3.9560060501098633,3.656655172267592,,-0.1457294843283048,-0.28317880630493164,-0.582529684147203,,4.440157413482666,4.440157413482666,1.9930391512721417,1.9989220722612127,2.600325950657029,,-2.447118262210524,-2.4412353412214536,-1.8398314628256371,,41.28472900390625,41.28472900390625,41.73924255371094,40.71783447265625,41.73924255371094,,0.4545135498046875,-0.56689453125,0.4545135498046875,,42.62239534594425,42.62239534594425,43.791269785517834,41.34162749640854,42.22886501482761,,1.1688744395735853,-1.2807678495357067,-0.3935303311166365,,,,0.0,0.0,0.0,,,,,,0.90810626745224,0.90810626745224,0.8958807491873163,0.9459272027015686,0.9168841319390569,,-0.012225518264923685,0.03782093524932861,0.008777864486816944,,0.84048593,0.84048593,0.8772602619895016,0.85493,0.9031822060131303,,0.03677433198950153,0.01444406999999992,0.06269627601313021,
urgent_test-blind_0867_421__p006000,6,2.630578336575243,2.630578336575243,2.33905517046609,2.3017087723212546,2.51490741576413,,-0.2915231661091533,-0.3288695642539885,-0.1156709208111133,,2.809223175048828,2.809223175048828,2.8841983582600053,2.730695267757737,3.007784935843992,,0.07497518321117713,-0.07852790729109094,0.19856176079516397,,1.2428404092788696,1.2428404092788696,1.2462396621704102,1.2598223686218262,1.2423320369548108,,0.0033992528915405273,0.016981959342956543,-0.00050837232405887,,2.0506198406219482,2.0506198406219482,2.179533685163322,2.1282028916370437,1.7205357574554812,,0.12891384454137356,0.07758305101509544,-0.3300840831664671,,3.33380659421285,3.33380659421285,2.905926442050551,1.375575335820516,2.9756688731422067,,-0.42788015216229924,-1.958231258392334,-0.35813772107064334,,2.47786283493042,2.47786283493042,1.6865811908101462,1.6024618608405792,1.5732554288274314,,-0.7912816441202737,-0.8754009740898407,-0.9046074061029885,,2.7099289894104004,2.7099289894104004,2.7466313063380228,2.562039852142334,2.773147483427362,,0.03670231692762238,-0.1478891372680664,0.06321849401696156,,4.016177654266357,4.016177654266357,3.667062759399414,2.706125951675047,2.1205695091959944,,-0.34911489486694336,-1.3100517025913105,-1.895608145070363,,33.12871551513672,33.12871551513672,25.09438239714228,9.976408958435059,25.31194503048816,,-8.03433311799444,-23.15230655670166,-7.816770484648558,,35.72107314481117,35.72107314481117,29.557516334928224,35.4257667017665,29.50023889907705,,-6.163556809882948,-0.295306443044673,-6.220834245734121,,,,0.0,0.0,0.0,,,,,,,,0.7468902686513572,0.7907151579856873,0.7390830727466139,,,,,,,,0.12794155558668466,0.43203091621398926,0.40332496317269073,,,,,
urgent_test-blind_0927_490__p006000,6,2.637130175804639,2.637130175804639,2.633601304863325,2.6361955491527693,2.7434712627911653,,-0.003528870941313933,-0.0009346266518694968,0.10634108698652645,,2.489037275314331,2.489037275314331,3.3993454036942445,3.2823985800685653,3.444607953948668,,0.9103081283799135,0.7933613047542343,0.955570678634337,,1.464199185371399,1.464199185371399,1.332007497189993,1.3172378540039062,1.4004102586263634,,-0.13219168818140603,-0.14696133136749268,-0.06378892674503556,,2.5402016162872316,2.5402016162872316,2.402447387779573,2.1282028916370437,2.2371546574864523,,-0.13775422850765873,-0.41199872465018794,-0.30304695880077936,,4.563501930236816,4.563501930236816,3.612587761400215,2.3831069636057656,3.6664542737575263,,-0.9509141688366012,-2.1803949666310505,-0.8970476564792897,,2.8253989219665527,2.8253989219665527,2.875215337937137,2.51006817817688,2.9315143033682576,,0.04981641597058406,-0.31533074378967285,0.10611538140170484,,3.217122793197632,3.217122793197632,3.7479782233755277,3.9860012531280518,3.3862234799258673,,0.5308554301778958,0.7688784599304199,0.16910068672823542,,3.30369234085083,3.30369234085083,3.764311608061733,3.8393420770943885,3.871898666443116,,0.46061926721090307,0.5356497362435584,0.568206325592286,,39.76210403442383,39.76210403442383,41.73924255371094,17.370468139648438,38.344276428222656,,1.9771385192871094,-22.39163589477539,-1.4178276062011719,,40.977845145780464,40.977845145780464,42.366300781778975,37.4572963847962,42.22886501482761,,1.3884556359985112,-3.520548760984262,1.2510198690471483,,,,0.0,0.0,0.0,,,,,,0.8587958216667175,0.8587958216667175,0.8339530495275934,0.8168763518333435,0.843022027887015,,-0.024842772139124114,-0.04191946983337402,-0.01577379377970256,,0.8676384,0.8676384,0.8555067700615696,0.85493,0.7622562882864343,,-0.012131629938430422,-0.012708400000000064,-0.10538211171356571,
urgent_test-blind_0975_469__p006000,6,2.9933437200347512,2.9933437200347512,3.187178875049633,3.249502302100756,3.148608149700061,,0.1938351550148818,0.25615858206600484,0.15526442966530984,,3.6345694065093994,3.6345694065093994,3.847205618777907,3.786478042602539,3.693037991542893,,0.21263621226850749,0.15190863609313965,0.058468585033493614,,2.0772318840026855,2.0772318840026855,3.1971346671322745,2.8743040561676025,2.9320456665682504,,1.119902783129589,0.797072172164917,0.8548137825655648,,2.9097238063812254,2.9097238063812254,2.96534251707146,2.82315673828125,3.2848640172835815,,0.05561871069023461,-0.0865670680999755,0.37514021090235605,,2.9389689763387046,2.9389689763387046,4.22817462783262,2.3831069636057656,3.9040776577021385,,1.2892056514939152,-0.555862012732939,0.965108681363434,,4.332660675048828,4.332660675048828,4.640487311834312,4.575345039367676,4.555389162048279,,0.3078266367854843,0.24268436431884766,0.22272848699945058,,4.335922718048096,4.335922718048096,4.321376662656485,4.515665054321289,4.25769880785042,,-0.01454605539161058,0.17974233627319336,-0.07822391019767583,,4.731818199157715,4.731818199157715,4.630159099417996,4.711663246154785,4.637417793273926,,-0.10165909973971843,-0.020154953002929688,-0.09440040588378906,,36.49665832519531,36.49665832519531,42.316993713378906,42.84180450439453,41.73924255371094,,5.820335388183594,6.345146179199219,5.242584228515625,,37.026111718376136,37.026111718376136,43.791269785517834,44.00420015714539,43.94723624135117,,6.765158067141698,6.978088438769255,6.921124522975035,,,,0.0,0.0,0.0,,,,,,,,0.8958807491873163,0.9459272027015686,0.9168841319390569,,,,,,,,0.9228545798355318,0.9060206263253012,0.9031822060131303,,,,,
fileid_243432__p008000,8,2.6129405193919375,2.6129405193919375,2.4868633897095065,2.5104980333264404,2.51490741576413,,-0.126077129682431,-0.10244248606549711,-0.0980331036278077,,3.1454899311065674,3.1454899311065674,3.048080182937254,2.8491427898406982,3.007784935843992,,-0.09740974816931347,-0.29634714126586914,-0.1377049952625753,,3.201009750366211,3.201009750366211,2.8687779874686736,2.5317776203155518,3.151167578965306,,-0.3322317628975373,-0.6692321300506592,-0.04984217140090497,,3.203497123718262,3.203497123718262,2.7695862099827533,2.82315673828125,2.7595813303108674,,-0.4339109137355086,-0.380340385437012,-0.4439157934073945,,2.395634078979492,2.395634078979492,3.612587761400215,2.3831069636057656,2.9756688731422067,,1.2169536824207228,-0.012527115373726527,0.5800347941627146,,2.8249523639678955,2.8249523639678955,2.6053803354860787,2.163616924400788,2.9315143033682576,,-0.21957202848181678,-0.6613354395671074,0.10656193940036207,,1.4231338500976562,1.4231338500976562,1.779678765549717,1.6024749279022217,1.5456904941294567,,0.3565449154520608,0.17934107780456543,0.12255664403180044,,4.620725154876709,4.620725154876709,4.0373803851116135,4.128790855407715,4.3614301681518555,,-0.5833447697650955,-0.49193429946899414,-0.2592949867248535,,18.03567886352539,18.03567886352539,14.268370904118175,16.960037231445312,18.989276457024385,,-3.7673079594072156,-1.0756416320800781,0.9535975934989942,,18.090674535354353,18.090674535354353,14.338206997795739,13.630811448798719,16.353694378855796,,-3.752467537558614,-4.459863086555634,-1.7369801564985572,,0.0,0.0,0.0,0.0,0.0,,0.0,0.0,0.0,,0.9184480309486389,0.9184480309486389,0.8863765539893185,0.8984962206288992,0.9168841319390569,,-0.032071476959320444,-0.019951810319739693,-0.0015638990095819816,,0.7717872262001038,0.7717872262001038,0.8555067700615696,0.85493,0.958817387824001,,0.08371954386146585,0.08314277379989621,0.1870301616238973,
fileid_306980__p008000,8,1.288291883016466,1.288291883016466,1.4514493439745877,1.1119407456883643,1.3574698774258431,,0.16315746095812167,-0.1763511373281017,0.06917799440937711,,2.532581329345703,2.532581329345703,2.3243172728871726,2.456054449081421,2.5492957327739303,,-0.20826405645853052,-0.07652688026428223,0.016714403428227165,,1.2358733415603638,1.2358733415603638,1.2159572839736938,1.2265331745147705,1.2279622549991531,,-0.019916057586669922,-0.009340167045593262,-0.007911086561210645,,2.2637842178344725,2.2637842178344725,1.7044373755474167,1.6813594341278075,1.7205357574554812,,-0.5593468422870558,-0.582424783706665,-0.5432484603789913,,1.5199055830637613,1.5199055830637613,2.6023343245188397,1.133904186884562,1.3676214585821314,,1.0824287414550784,-0.38600139617919926,-0.15228412448162998,,1.6751192808151245,1.6751192808151245,1.0790071473064193,0.9165201783180237,1.2502683085131359,,-0.5961121335087052,-0.7585991024971008,-0.42485097230198865,,1.4060618877410889,1.4060618877410889,1.3122871266790184,1.3980427133031639,1.4412141308248283,,-0.0937747610620705,-0.008019174437924992,0.03515224308373943,,4.3502726554870605,4.3502726554870605,2.8447554614170487,2.706125951675047,2.1205695091959944,,-1.5055171940700118,-1.6441467038120137,-2.229703146291066,,-2.103492259979248,-2.103492259979248,-2.5949078985007414,-1.504611179053067,-2.2354083147393653,,-0.4914156385214934,0.5988810809261811,-0.13191605476011725,,-2.082663593792578,-2.082663593792578,-5.18663387744421,-9.015849860227167,-2.239942036379712,,-3.1039702836516323,-6.933186266434589,-0.15727844258713386,,0.1188118811881188,0.1188118811881188,0.0,0.0,0.0,,-0.1188118811881188,-0.1188118811881188,-0.1188118811881188,,0.7412806153297424,0.7412806153297424,0.7270962193787817,0.7375310034636992,0.7047600253040054,,-0.014184395950960771,-0.0037496118660432787,-0.03652059002573704,,0.8758246898651123,0.8758246898651123,0.5200078583146673,0.37378006706754846,0.7622562882864343,,-0.35581683155044497,-0.5020446227975639,-0.11356840157867798,
fileid_356984__p008000,8,1.9157534953400528,1.9157534953400528,2.1170152590103855,2.099462998773271,2.2348783364986087,,0.20126176367033266,0.18370950343321835,0.3191248411585559,,2.735708236694336,2.735708236694336,2.9518992211445267,2.8491427898406982,2.7784571173679398,,0.2161909844501908,0.1134345531463623,0.04274888067360383,,2.0705130100250244,2.0705130100250244,1.5313415972583266,1.8312695773251075,2.1640160203458807,,-0.5391714127666978,-0.23924343269991688,0.09350301032085628,,2.7767474174499513,2.7767474174499513,2.1746742607599283,2.486354217759098,2.7595813303108674,,-0.602073156690023,-0.29039319969085353,-0.017166087139083963,,2.4817339420318603,2.4817339420318603,2.905926442050551,1.6903308788935343,1.733218263047766,,0.4241925000186906,-0.791403063138326,-0.7485156789840943,,1.9451086521148682,1.9451086521148682,1.6865811908101462,1.9918286039168582,1.5732554288274314,,-0.25852746130472193,0.04671995180199007,-0.37185322328743675,,1.4560906887054443,1.4560906887054443,2.145947439124785,2.009313520178737,1.910053672081974,,0.6898567504193407,0.5532228314732928,0.45396298337652974,,3.8988211154937744,3.8988211154937744,3.764311608061733,3.8848892349794686,3.5737028107585678,,-0.13450950743204126,-0.013931880514305828,-0.32511830473520664,,6.4828901290893555,6.4828901290893555,9.675816769580765,10.081348419189453,6.189001071883972,,3.192926640491409,3.5984582901000977,-0.2938890572053836,,7.437012838108958,7.437012838108958,8.939998784915948,7.506840487240041,6.232710788945009,,1.50298594680699,0.0698276491310823,-1.2043020491639496,,0.0,0.0,0.0,0.0,0.0,,0.0,0.0,0.0,,0.9202598333358765,0.9202598333358765,0.8611998787845474,0.8984962206288992,0.9168841319390569,,-0.059059954551329064,-0.021763612706977242,-0.0033757013968195304,,0.7785623073577881,0.7785623073577881,0.8555067700615696,0.85493,0.5942318937385896,,0.07694446270378152,0.07636769264221188,-0.18433041361919844,
fileid_519109__p008000,8,1.1880580125738156,1.1880580125738156,1.4514493439745877,1.0979826890714457,1.3574698774258431,,0.2633913314007721,-0.09007532350236991,0.16941186485202753,,2.3521854877471924,2.3521854877471924,2.3243172728871726,2.456054449081421,2.4170224853308806,,-0.02786821486001978,0.10386896133422852,0.06483699758368822,,1.2276084423065186,1.2276084423065186,1.2462396621704102,1.2265331745147705,1.2279622549991531,,0.0186312198638916,-0.0010752677917480469,0.0003538126926345697,,3.10388240814209,3.10388240814209,1.7044373755474167,1.94289536418685,1.946901224703195,,-1.3994450325946732,-1.1609870439552399,-1.156981183438895,,2.2396119594573975,2.2396119594573975,2.905926442050551,1.133904186884562,1.3676214585821314,,0.6663144825931533,-1.1057077725728355,-0.8719905008752662,,1.3296464681625366,1.3296464681625366,1.0790071473064193,1.1118789911270142,0.6965742455907615,,-0.2506393208561173,-0.21776747703552246,-0.6330722225717751,,1.2425618171691895,1.2425618171691895,1.779678765549717,1.5445537567138672,1.5456904941294567,,0.5371169483805276,0.30199193954467773,0.30312867696026724,,3.692073106765747,3.692073106765747,2.58756451721651,2.706125951675047,2.1205695091959944,,-1.104508589549237,-0.9859471550907002,-1.5715035975697527,,-5.387239456176758,-5.387239456176758,-2.5949078985007414,0.874367442475744,-2.2354083147393653,,2.7923315576760164,6.261606898652502,3.1518311414373925,,-5.328410123319233,-5.328410123319233,-5.18663387744421,1.0315277089828985,-2.239942036379712,,0.1417762458750227,6.359937832302132,3.088468086939521,,0.017123287671232876,0.017123287671232876,0.0,0.0,0.0,,-0.017123287671232876,-0.017123287671232876,-0.017123287671232876,,0.7591985464096069,0.7591985464096069,0.7270962193787817,0.7375310034636992,0.7390830727466139,,-0.03210232703082527,-0.02166754294590778,-0.020115473662993044,,0.8714261054992676,0.8714261054992676,0.5200078583146673,0.6533812880516052,0.5942318937385896,,-0.35141824718460024,-0.21804481744766235,-0.27719421176067793,
fileid_549708__p008000,8,1.0833423849900403,1.0833423849900403,1.139229178396868,1.0658554550657893,1.3574698774258431,,0.05588679340682767,-0.01748692992425105,0.2741274924358028,,2.296647310256958,2.296647310256958,2.3243172728871726,2.456054449081421,2.241893527019455,,0.027669962630214595,0.1594071388244629,-0.05475378323750313,,1.6669315099716187,1.6669315099716187,1.3025178148085812,1.3642550520150059,1.3144711720416824,,-0.36441369516303745,-0.3026764579566128,-0.35246033792993625,,1.481260395050049,1.481260395050049,1.7044373755474167,1.6316936016082764,1.7205357574554812,,0.22317698049736778,0.15043320655822745,0.23927536240543223,,1.8205495516459147,1.8205495516459147,2.4114468622399143,1.375575335820516,1.3676214585821314,,0.5908973105939996,-0.44497421582539864,-0.45292809306378334,,0.8941184878349304,0.8941184878349304,0.7466672486569508,0.9165201783180237,0.6965742455907615,,-0.14745123917797964,0.02240169048309326,-0.1975442422441689,,1.3886029720306396,1.3886029720306396,1.0615486574460224,1.3980427133031639,1.4412141308248283,,-0.3270543145846172,0.009439741272524227,0.05261115879418865,,2.92797589302063,2.92797589302063,2.309382260563862,2.706125951675047,2.8586623295243965,,-0.618593632456768,-0.221849941345583,-0.06931356349623341,,-0.8125245571136475,-0.8125245571136475,-5.49119660940515,-1.504611179053067,-2.2354083147393653,,-4.678672052291502,-0.6920866219394195,-1.4228837576257178,,-0.7731301096782833,-0.7731301096782833,-5.18663387744421,-4.859101324135397,-0.7119967239552988,,-4.413503767765927,-4.085971214457113,0.061133385722984546,,0.0,0.0,0.0,0.0,0.0,,0.0,0.0,0.0,,0.6636106967926025,0.6636106967926025,0.5708257721131107,0.4796525239944458,0.595155013612954,,-0.09278492467949184,-0.18395817279815674,-0.06845568317964856,,0.5766098499298096,0.5766098499298096,0.3751673324998603,0.37378006706754846,0.45785918903638084,,-0.20144251742994929,-0.2028297828622611,-0.11875066089342873,
fileid_571087__p008000,8,2.512376218191459,2.512376218191459,2.032684310048387,2.1801044883189347,2.51490741576413,,-0.4796919081430717,-0.3322717298725242,0.0025311975726709512,,3.409864664077759,3.409864664077759,2.9518992211445267,2.8491427898406982,2.839452436171382,,-0.45796544293323205,-0.5607218742370605,-0.5704122279063766,,2.1285483837127686,2.1285483837127686,1.5313415972583266,1.8312695773251075,2.1640160203458807,,-0.5972067864544419,-0.297278806387661,0.03546763663311214,,2.593095064163208,2.593095064163208,2.7695862099827533,2.82315673828125,2.7595813303108674,,0.17649114581954528,0.2300616741180419,0.16648626614765938,,3.629856983820597,3.629856983820597,2.905926442050551,2.3831069636057656,2.5688801321159884,,-0.7239305417700463,-1.2467500202148316,-1.0609768517046088,,2.330479383468628,2.330479383468628,2.1353724663516127,1.9918286039168582,2.355838153256949,,-0.19510691711701522,-0.3386507795517697,0.025358769788320856,,1.9029600620269775,1.9029600620269775,2.145947439124785,2.009313520178737,1.910053672081974,,0.2429873770978075,0.10635345815175956,0.007093610054996535,,4.209768772125244,4.209768772125244,3.764311608061733,3.8848892349794686,3.871898666443116,,-0.445457164063511,-0.32487953714577555,-0.33787010568212805,,12.909866333007812,12.909866333007812,11.135773340861004,10.081348419189453,13.059100162552063,,-1.7740929921468087,-2.8285179138183594,0.1492338295442508,,12.950487991144847,12.950487991144847,11.803491221074792,9.227086711610253,11.525480238086931,,-1.1469967700700554,-3.7234012795345937,-1.4250077530579155,,0.0,0.0,0.0,0.0,0.0,,0.0,0.0,0.0,,0.8568639755249023,0.8568639755249023,0.8755262415093111,0.8984962206288992,0.8582770192479513,,0.018662265984408788,0.04163224510399688,0.0014130437230489568,,0.9343650937080383,0.9343650937080383,0.8555067700615696,0.85493,0.9421174420889122,,-0.07885832364646872,-0.07943509370803836,0.007752348380873908,
fileid_717410__p008000,8,2.418300232696159,2.418300232696159,1.139229178396868,1.0979826890714457,1.8254229189052373,,-1.2790710542992911,-1.3203175436247134,-0.5928773137909218,,2.6119370460510254,2.6119370460510254,2.506017919046333,2.6543190479278564,2.6009022696429946,,-0.10591912700469219,0.042382001876831055,-0.011034776408030744,,1.237825870513916,1.237825870513916,1.2159572839736938,1.2265331745147705,1.2279622549991531,,-0.021868586540222168,-0.011292695999145508,-0.009863615514762891,,2.0872854709625246,2.0872854709625246,1.7044373755474167,1.6813594341278075,2.0609634577509865,,-0.3828480954151079,-0.40592603683471706,-0.026322013211538042,,1.329679751396179,1.329679751396179,2.4114468622399143,1.375575335820516,1.3676214585821314,,1.0817671108437352,0.045895584424336944,0.037941707185952245,,1.459665298461914,1.459665298461914,1.0790071473064193,1.224821959633425,1.5732554288274314,,-0.38065815115549473,-0.23484333882848896,0.11359013036551735,,1.55763840675354,1.55763840675354,1.0615486574460224,1.5544850826263428,1.5456904941294567,,-0.4960897493075176,-0.0031533241271972656,-0.011947912624083346,,3.5510671138763428,3.5510671138763428,3.0703602038234115,2.706125951675047,3.1656128354819426,,-0.4807069100529313,-0.8449411622012959,-0.38545427839440016,,-3.5191166400909424,-3.5191166400909424,3.53799064954122,0.874367442475744,-1.1347682397049592,,7.057107289632162,4.393484082566687,2.384348400385983,,-1.7392282759799698,-1.7392282759799698,3.4168524830737987,3.096153933050343,-0.7119967239552988,,5.1560807590537685,4.835382209030312,1.0272315520246709,,0.010416666666666666,0.010416666666666666,0.0,0.0,0.0,,-0.010416666666666666,-0.010416666666666666,-0.010416666666666666,,0.6953115463256836,0.6953115463256836,0.7270962193787817,0.6807832717895508,0.595155013612954,,0.03178467305309807,-0.014528274536132812,-0.10015653271272962,,0.5668582916259766,0.5668582916259766,0.3751673324998603,0.37378006706754846,0.40332496317269073,,-0.19169095912611628,-0.1930782245584281,-0.16353332845328583,
fileid_796495__p008000,8,1.6763109245455923,1.6763109245455923,1.139229178396868,1.0979826890714457,1.3574698774258431,,-0.5370817461487243,-0.5783282354741466,-0.31884104711974914,,2.6287217140197754,2.6287217140197754,2.3243172728871726,2.456054449081421,2.5492957327739303,,-0.3044044411326028,-0.1726672649383545,-0.0794259812458451,,1.30419921875,1.30419921875,1.2462396621704102,1.2598223686218262,1.2279622549991531,,-0.057959556579589844,-0.04437685012817383,-0.07623696375084688,,2.219864845275879,2.219864845275879,1.7044373755474167,1.6813594341278075,1.946901224703195,,-0.5154274697284622,-0.5385054111480714,-0.272963620572684,,3.4893624146779376,3.4893624146779376,2.4114468622399143,1.4681542585173764,1.3676214585821314,,-1.0779155524380233,-2.0212081561605615,-2.121740956095806,,2.110966444015503,2.110966444015503,1.0790071473064193,1.224821959633425,0.9307751843488838,,-1.0319592967090836,-0.8861444843820778,-1.180191259666619,,1.8307781219482422,1.8307781219482422,1.0615486574460224,1.2911411667444619,1.4412141308248283,,-0.7692294645022197,-0.5396369552037803,-0.3895639911234139,,3.887672185897827,3.887672185897827,3.0703602038234115,2.706125951675047,3.1656128354819426,,-0.8173119820744157,-1.1815462342227803,-0.7220593504158845,,4.460902690887451,4.460902690887451,3.53799064954122,1.9207297563552856,1.7227483889664035,,-0.9229120413462311,-2.5401729345321655,-2.738154301921048,,4.537227037225517,4.537227037225517,3.698935347968489,4.873959255461502,1.673738914647876,,-0.8382916892570274,0.3367322182359853,-2.8634881225776407,,0.0,0.0,0.0,0.0,0.0,,0.0,0.0,0.0,,0.7628560662269592,0.7628560662269592,0.7270962193787817,0.7510534524917603,0.7390830727466139,,-0.03575984684817757,-0.011802613735198975,-0.02377299348034534,,0.5720839500427246,0.5720839500427246,0.5200078583146673,0.37378006706754846,0.40332496317269073,,-0.05207609172805727,-0.19830388297517615,-0.16875898687003388,
fileid_806703__p008000,8,1.771238647305787,1.771238647305787,1.558457046195089,1.7017061366343533,1.8254229189052373,,-0.212781601110698,-0.06953251067143373,0.05418427159945027,,2.686206340789795,2.686206340789795,2.506017919046333,2.456054449081421,2.4170224853308806,,-0.18018842174346172,-0.23015189170837402,-0.2691838554589143,,1.2525877952575684,1.2525877952575684,1.235606347221926,1.2427181005477905,1.2423320369548108,,-0.016981448035642277,-0.009869694709777832,-0.0102557583027576,,3.036758804321289,3.036758804321289,2.1746742607599283,2.149474859237671,2.2371546574864523,,-0.8620845435613607,-0.8872839450836181,-0.7996041468348367,,2.1585904677708943,2.1585904677708943,2.905926442050551,1.375575335820516,1.733218263047766,,0.7473359742796566,-0.7830151319503782,-0.4253722047231283,,0.9512929320335388,0.9512929320335388,1.0790071473064193,1.224821959633425,0.9307751843488838,,0.12771421527288052,0.2735290275998863,-0.020517747684654974,,1.4718194007873535,1.4718194007873535,1.6228793694312313,1.5445537567138672,1.5456904941294567,,0.15105996864387783,0.07273435592651367,0.07387109334210318,,2.800147771835327,2.800147771835327,2.8447554614170487,2.706125951675047,2.9252545038859052,,0.044607689581721566,-0.09402182016028027,0.1251067320505781,,16.64920997619629,16.64920997619629,1.0087677302609483,0.874367442475744,4.930917533047227,,-15.64044224593534,-15.774842533720545,-11.718292443149062,,17.09278193593373,17.09278193593373,3.4168524830737987,4.873959255461502,4.140567098095246,,-13.675929452859931,-12.218822680472227,-12.952214837838483,,0.0058823529411764705,0.0058823529411764705,0.0,0.0,0.0,,-0.0058823529411764705,-0.0058823529411764705,-0.0058823529411764705,,0.8588191270828247,0.8588191270828247,0.8436501145841606,0.8431961536407471,0.8606668361219536,,-0.015169012498664092,-0.015622973442077637,0.0018477090391288975,,0.7130538821220398,0.7130538821220398,0.7861812009390099,0.85493,0.5942318937385896,,0.0731273188169701,0.14187611787796017,-0.11882198838345015,
urgent_test-blind_0098_447__p008000,8,3.489025646887784,3.489025646887784,3.447478152187994,3.4701656673819166,3.4595467955537127,,-0.04154749469979002,-0.018859979505867486,-0.029478851334071354,,3.913747787475586,3.913747787475586,4.092316354613706,4.007903156510318,4.132681272116052,,0.17856856713811986,0.09415536903473232,0.21893348464046625,,3.692322015762329,3.692322015762329,3.9360992764852134,3.3736504675394077,3.706664647443228,,0.2437772607228843,-0.31867154822292143,0.014342631680898776,,3.5654321193695067,3.5654321193695067,3.925560276479606,3.4658153126038704,3.818478139433037,,0.36012815711009916,-0.09961680676563622,0.2530460200635303,,4.456088066101074,4.456088066101074,4.817865442559421,2.3831069636057656,2.1167192651564815,,0.3617773764583472,-2.0729811024953086,-2.3393688009445928,,4.7604780197143555,4.7604780197143555,4.890166926096721,5.016104916492144,5.0101095452366105,,0.1296889063823654,0.2556268967777884,0.24963152552225498,,4.48667049407959,4.48667049407959,4.7164740562438965,4.566967964172363,4.607645464709485,,0.22980356216430664,0.08029747009277344,0.12097497062989504,,4.785078525543213,4.785078525543213,4.836176033479622,4.913525581359863,4.830354044236333,,0.05109750793640888,0.1284470558166504,0.04527551869311974,,41.85674285888672,41.85674285888672,42.316993713378906,42.37028503417969,42.46058654785156,,0.4602508544921875,0.5135421752929688,0.6038436889648438,,43.1078623731245,43.1078623731245,43.791269785517834,44.00420015714539,43.82666147389919,,0.6834074123933362,0.8963377840208935,0.7187991007746959,,,,0.0,0.0,0.0,,,,,,0.9633904695510864,0.9633904695510864,0.9566694577056242,0.9459272027015686,0.9647253785267411,,-0.006721011845462255,-0.017463266849517822,0.0013349089756546917,,0.95281905,0.95281905,0.9228545798355318,0.85493,0.9759322871644813,,-0.029964470164468238,-0.09788905000000003,0.023113237164481326,
urgent_test-blind_0105_511__p008000,8,2.7451776300090747,2.7451776300090747,2.5217681890362464,2.5893829857921133,2.7434712627911653,,-0.22340944097282822,-0.15579464421696132,-0.0017063672179093992,,3.5656545162200928,3.5656545162200928,3.2725541706544807,3.2823985800685653,3.448299817292087,,-0.29310034556561204,-0.28325593615152744,-0.11735469892800587,,1.9423896074295044,1.9423896074295044,1.5313415972583266,1.999329298375598,1.7314075930530288,,-0.41104801017117776,0.056939690946093524,-0.21098201437647557,,2.7268166542053223,2.7268166542053223,2.402447387779573,2.486354217759098,2.213018479117428,,-0.32436926642574937,-0.24046243644622445,-0.5137981750878944,,3.0444907983144125,3.0444907983144125,2.905926442050551,1.651379942893982,2.1167192651564815,,-0.13856435626386165,-1.3931108554204306,-0.927771533157931,,2.337932825088501,2.337932825088501,2.875215337937137,1.9918286039168582,2.9315143033682576,,0.5372825128486358,-0.34610422117164275,0.5935814782797566,,3.634558916091919,3.634558916091919,3.6455966981060532,3.9860012531280518,3.3862234799258673,,0.0110377820141343,0.3514423370361328,-0.2483354361660517,,3.1267101764678955,3.1267101764678955,0.774645984172821,1.389709711074829,3.5737028107585678,,-2.3520641922950745,-1.7370004653930664,0.44699263429067226,,9.401217460632324,9.401217460632324,-11.666141655550424,-17.183237719248577,9.527900446849657,,-21.06735911618275,-26.5844551798809,0.12668298621733243,,9.891770928038182,9.891770928038182,-21.461951219307892,4.873959255461502,6.232710788945009,,-31.353722147346076,-5.017811672576681,-3.6590601390931736,,,,0.0,0.0,0.0,,,,,,0.8751540184020996,0.8751540184020996,0.8755262415093111,0.819348156452179,0.8661046480558005,,0.0003722231072115223,-0.055805861949920654,-0.009049370346299157,,0.6811022,0.6811022,0.7919414926724262,0.85493,0.6846697782895651,,0.1108392926724262,0.17382779999999998,0.00356757828956511,
urgent_test-blind_0105_noisy_source__p008000,8,1.9163753783501354,1.9163753783501354,1.7918044343266315,1.7017061366343533,1.8254229189052373,,-0.12457094402350388,-0.21466924171578206,-0.09095245944489805,,2.734964609146118,2.734964609146118,2.506017919046333,2.6543190479278564,2.7784571173679398,,-0.22894669009978497,-0.08064556121826172,0.0434925082218216,,1.2481281757354736,1.2481281757354736,1.2462396621704102,1.2770386934280396,1.2279622549991531,,-0.0018885135650634766,0.028910517692565918,-0.02016592073632051,,2.2755386352539064,2.2755386352539064,2.1746742607599283,2.149474859237671,1.946901224703195,,-0.10086437449397812,-0.12606377601623553,-0.3286374105507115,,2.728150161107381,2.728150161107381,2.4114468622399143,1.4573862942347087,1.4284352658742883,,-0.31670329886746673,-1.2707638668726724,-1.2997148952330928,,1.007347822189331,1.007347822189331,1.3749671406056507,1.224821959633425,1.5732554288274314,,0.3676193184163197,0.21747413744409405,0.5659076066381004,,1.9721567630767822,1.9721567630767822,1.6228793694312313,1.5544850826263428,1.5456904941294567,,-0.3492773936455509,-0.41767168045043945,-0.42646626894732553,,1.788815975189209,1.788815975189209,3.0703602038234115,2.706125951675047,2.1205695091959944,,1.2815442286342025,0.9173099764858379,0.3317535340067854,,12.547149658203125,12.547149658203125,5.048855207052576,1.9207297563552856,4.586391125338144,,-7.498294451150549,-10.62641990184784,-7.960758532864981,,12.58330801101572,12.58330801101572,2.814719541417475,4.873959255461502,4.140567098095246,,-9.768588469598246,-7.709348755554219,-8.442740912920474,,,,0.0,0.0,0.0,,,,,,0.8479591012001038,0.8479591012001038,0.8436501145841606,0.8288424273571336,0.802390929685539,,-0.0043089866159431445,-0.01911667384297011,-0.045568171514564715,,0.6937813,0.6937813,0.6857106309817976,0.85493,0.46247691813721714,,-0.008070669018202414,0.16114869999999992,-0.2313043818627829,
urgent_test-blind_0134_469__p008000,8,3.24024513660032,3.24024513660032,3.187178875049633,3.0109477259358424,3.1154742440839707,,-0.053066261550687166,-0.22929741066447784,-0.12477089251634954,,4.047950267791748,4.047950267791748,3.847205618777907,3.786478042602539,4.132681272116052,,-0.20074464901384115,-0.261472225189209,0.08473100432430414,,3.2126102447509766,3.2126102447509766,3.1971346671322745,3.3736504675394077,3.1134543964661745,,-0.015475577618702108,0.1610402227884311,-0.09915584828480206,,3.2132840156555176,3.2132840156555176,2.96534251707146,2.82315673828125,3.0768062677728123,,-0.24794149858405756,-0.39012727737426767,-0.13647774788270528,,4.307279332478841,4.307279332478841,4.22817462783262,3.9144745031992594,4.2766554302639435,,-0.07910470464622144,-0.3928048292795818,-0.030623902214897747,,4.3606791496276855,4.3606791496276855,4.090921924774905,3.864074945449829,4.484505173671676,,-0.2697572248527802,-0.49660420417785645,0.12382602404399012,,3.902803897857666,3.902803897857666,3.9595354465116936,3.9860012531280518,4.25769880785042,,0.05673154865402763,0.08319735527038574,0.35489490999275386,,4.544225692749023,4.544225692749023,4.619546763868217,4.515913963317871,4.528436867587538,,0.07532107111919384,-0.028311729431152344,-0.015788825161485498,,32.704856872558594,32.704856872558594,40.293331146240234,20.020647048950195,38.344276428222656,,7.588474273681641,-12.684209823608398,5.6394195556640625,,32.87489515391751,32.87489515391751,42.366300781778975,19.959982656587627,39.81677967661731,,9.491405627861468,-12.91491249732988,6.941884522699802,,,,0.0,0.0,0.0,,,,,,,,0.9313854828895813,0.9459272027015686,0.9546775951921701,,,,,,,,0.9644771232662431,0.9670616984367371,0.9759322871644813,,,,,
urgent_test-blind_0134_489__p008000,8,3.2737666136989283,3.2737666136989283,3.187178875049633,3.0109477259358424,3.1154742440839707,,-0.08658773864929525,-0.26281888776308593,-0.15829236961495763,,4.091583251953125,4.091583251953125,3.847205618777907,3.786478042602539,4.132681272116052,,-0.2443776331752181,-0.30510520935058594,0.041098020162927185,,3.287929058074951,3.287929058074951,3.1971346671322745,3.3736504675394077,2.9320456665682504,,-0.09079439094267672,0.0857214094644565,-0.3558833915067008,,3.19101881980896,3.19101881980896,2.96534251707146,2.82315673828125,3.0768062677728123,,-0.22567630273749995,-0.36786208152771005,-0.11421255203614766,,4.490196704864502,4.490196704864502,4.497222592840233,3.9144745031992594,4.2766554302639435,,0.007025887975730782,-0.5757222016652426,-0.2135412746005585,,4.556861877441406,4.556861877441406,4.305478222398873,3.864074945449829,4.484505173671676,,-0.2513836550425337,-0.6927869319915771,-0.07235670376973058,,4.380147457122803,4.380147457122803,3.9595354465116936,3.9860012531280518,4.25769880785042,,-0.4206120106111091,-0.394146203994751,-0.12244864927238286,,4.645318031311035,4.645318031311035,4.630159099417996,4.515913963317871,4.761182095631059,,-0.01515893189303874,-0.12940406799316406,0.11586406432002416,,39.27565002441406,39.27565002441406,41.39754867553711,20.020647048950195,38.344276428222656,,2.121898651123047,-19.255002975463867,-0.9313735961914062,,39.94288553645853,39.94288553645853,42.366300781778975,19.959982656587627,39.81677967661731,,2.4234152453204416,-19.982902879870906,-0.1261058598412248,,,,0.0,0.0,0.0,,,,,,,,0.9313854828895813,0.9459272027015686,0.9647253785267411,,,,,,,,0.9644771232662431,0.85493,0.9759322871644813,,,,,
urgent_test-blind_0151_421__p008000,8,3.456523209590862,3.456523209590862,3.266863423412649,3.0109477259358424,3.2865507248906676,,-0.189659786178213,-0.4455754836550194,-0.16997248470019422,,4.0628862380981445,4.0628862380981445,4.092316354613706,3.5265117093741174,4.132681272116052,,0.029430116515561267,-0.5363745287240271,0.06979503401790765,,3.370500326156616,3.370500326156616,3.1971346671322745,3.3736504675394077,3.151167578965306,,-0.17336565902434176,0.0031501413827914604,-0.21933274719131024,,3.381769895553589,3.381769895553589,3.6653030223157037,3.421864988717688,3.0768062677728123,,0.28353312676211484,0.040095093164099094,-0.30496362778077657,,4.283200105031331,4.283200105031331,4.497222592840233,3.9144745031992594,4.428869763084524,,0.21402248780890165,-0.3687256018320717,0.1456696580531931,,4.254997253417969,4.254997253417969,4.305478222398873,3.703178919941543,4.484505173671676,,0.05048096898090382,-0.551818333476426,0.22950792025370692,,4.236358165740967,4.236358165740967,4.321376662656485,3.9860012531280518,4.25769880785042,,0.08501849691551833,-0.25035691261291504,0.02134064210945308,,4.569975852966309,4.569975852966309,4.619546763868217,4.515913963317871,4.528436867587538,,0.04957091090190868,-0.0540618896484375,-0.041538985378770654,,40.754642486572266,40.754642486572266,41.73924255371094,20.020647048950195,38.344276428222656,,0.9846000671386719,-20.73399543762207,-2.4103660583496094,,42.22900865362103,42.22900865362103,42.366300781778975,21.436966499267562,39.81677967661731,,0.13729212815794511,-20.792042154353467,-2.4122289770037213,,,,0.0,0.0,0.0,,,,,,0.9445558190345764,0.9445558190345764,0.957467080120102,0.9459272027015686,0.9647253785267411,,0.012911261085525538,0.0013713836669921875,0.0201695594921647,,0.91051924,0.91051924,0.9644771232662431,0.9953312352618022,0.9950345898249063,,0.05395788326624318,0.08481199526180228,0.08451534982490638,
urgent_test-blind_0151_424__p008000,8,3.557411943389417,3.557411943389417,3.266863423412649,3.249502302100756,3.2865507248906676,,-0.2905485199767681,-0.30790964128866083,-0.27086121849874933,,4.037471771240234,4.037471771240234,4.092316354613706,3.9014344215393066,4.132681272116052,,0.05484458337347142,-0.13603734970092773,0.09520950087581781,,3.4241175651550293,3.4241175651550293,3.1971346671322745,3.3736504675394077,2.9320456665682504,,-0.22698289802275484,-0.050467097615621626,-0.4920718985867789,,3.464243268966675,3.464243268966675,2.96534251707146,3.117723274230957,3.0768062677728123,,-0.4989007518952149,-0.34651999473571804,-0.3874370011938626,,4.597098636627197,4.597098636627197,4.497222592840233,3.9737770714434273,4.428869763084524,,-0.09987604378696435,-0.6233215651837698,-0.1682288735426729,,3.226903200149536,3.226903200149536,4.4568971984357715,3.864074945449829,4.484505173671676,,1.2299939982862353,0.637171745300293,1.2576019735221395,,3.9955477714538574,3.9955477714538574,4.387541816895267,3.9860012531280518,4.25769880785042,,0.39199404544140926,-0.009546518325805664,0.26215103639656245,,3.0589606761932373,3.0589606761932373,4.619546763868217,4.515913963317871,4.528436867587538,,1.56058608767498,1.4569532871246338,1.4694761913943006,,40.97580337524414,40.97580337524414,41.73924255371094,20.020647048950195,38.344276428222656,,0.7634391784667969,-20.955156326293945,-2.6315269470214844,,41.97417418151125,41.97417418151125,42.366300781778975,41.990012498672755,39.81677967661731,,0.39212660026772284,0.015838317161502857,-2.1573945048939436,,,,0.0,0.0,0.0,,,,,,0.953363299369812,0.953363299369812,0.957467080120102,0.9459272027015686,0.9647253785267411,,0.004103780750289943,-0.007436096668243408,0.011362079156929106,,0.93871975,0.93871975,0.9644771232662431,0.9953312352618022,0.9759322871644813,,0.025757373266243166,0.056611485261802263,0.03721253716448136,
urgent_test-blind_0265_414__p008000,8,3.3328198962765283,3.3328198962765283,3.187178875049633,3.0109477259358424,3.0587917036867385,,-0.14564102122689526,-0.32187217034068594,-0.27402819258978983,,3.0430450439453125,3.0430450439453125,3.4638023376464844,3.5265117093741174,3.444607953948668,,0.4207572937011719,0.4834666654288049,0.40156291000335553,,2.1982100009918213,2.1982100009918213,2.1796877211835013,1.8312695773251075,2.1640160203458807,,-0.018522279808319997,-0.36694042366671376,-0.03419398064594059,,2.538225793838501,2.538225793838501,2.96534251707146,2.82315673828125,2.7595813303108674,,0.42711672323295913,0.284930944442749,0.2213555364723665,,2.254822603861491,2.254822603861491,3.612587761400215,3.9737770714434273,3.9040776577021385,,1.357765157538724,1.7189544675819364,1.6492550538406476,,2.2242486476898193,2.2242486476898193,3.400463463312172,3.003086417554372,2.9315143033682576,,1.1762148156223526,0.7788377698645528,0.7072656556784382,,2.865241289138794,2.865241289138794,4.011245566678334,3.9860012531280518,3.6059983466044963,,1.1460042775395403,1.1207599639892578,0.7407570574657023,,3.7310049533843994,3.7310049533843994,3.764311608061733,3.8848892349794686,3.928551262162297,,0.033306654677333736,0.15388428159506917,0.19754630877789747,,36.69290542602539,36.69290542602539,41.73924255371094,20.020647048950195,38.344276428222656,,5.046337127685547,-16.672258377075195,1.6513710021972656,,37.15555474036456,37.15555474036456,43.791269785517834,15.344282541230317,39.81677967661731,,6.635715045153276,-21.81127219913424,2.6612249362527507,,,,0.0,0.0,0.0,,,,,,,,0.8958807491873163,0.8984962206288992,0.9168841319390569,,,,,,,,0.8598875627251314,0.85493,0.8453808024705174,,,,,
urgent_test-blind_0265_429__p008000,8,3.085001931074154,3.085001931074154,3.187178875049633,3.0808028625099375,3.067695161884132,,0.10217694397547916,-0.004199068564216368,-0.017306769190021942,,3.385375738143921,3.385375738143921,3.3993454036942445,3.2823985800685653,3.444607953948668,,0.01396966555032364,-0.10297715807535557,0.059232215804747135,,2.4898757934570312,2.4898757934570312,2.1796877211835013,1.9622897153877352,2.5060901957822126,,-0.31018807227352996,-0.527586078069296,0.016214402325181343,,2.3717129230499268,2.3717129230499268,2.96534251707146,2.82315673828125,2.7433993513804364,,0.5936295940215333,0.45144381523132315,0.3716864283305097,,3.9876611550649006,3.9876611550649006,3.612587761400215,3.9737770714434273,4.2766554302639435,,-0.37507339366468573,-0.013884083621473309,0.28899427519904286,,3.7706797122955322,3.7706797122955322,2.875215337937137,3.003086417554372,3.612003642871197,,-0.8954643743583954,-0.7675932947411601,-0.15867606942433543,,3.7868688106536865,3.7868688106536865,3.7479782233755277,3.9860012531280518,3.3862234799258673,,-0.03889058727815886,0.19913244247436523,-0.40064533072781927,,4.21420955657959,4.21420955657959,3.764311608061733,3.8848892349794686,4.531355365691894,,-0.4498979485178567,-0.32932032160012126,0.3171458091123043,,35.913421630859375,35.913421630859375,42.316993713378906,38.33367919921875,41.73924255371094,,6.403572082519531,2.420257568359375,5.8258209228515625,,36.373649380688,36.373649380688,43.791269785517834,38.28654816687972,42.7296377254337,,7.417620404829833,1.9128987861917182,6.355988344745697,,,,0.0,0.0,0.0,,,,,,,,0.8532589994759924,0.8288424273571336,0.8606668361219536,,,,,,,,0.8598875627251314,0.7538637195725038,0.8453808024705174,,,,,
urgent_test-blind_0265_474__p008000,8,3.1006534387793314,3.1006534387793314,2.633601304863325,3.0109477259358424,3.0587917036867385,,-0.46705213391600653,-0.08970571284348905,-0.041861735092592944,,3.1844990253448486,3.1844990253448486,3.3993454036942445,3.035421133041382,3.444607953948668,,0.2148463783493959,-0.1490778923034668,0.2601089286038194,,2.465869903564453,2.465869903564453,2.1796877211835013,2.4810056686401367,2.5060901957822126,,-0.28618218238095183,0.015135765075683594,0.04022029221775947,,3.1338769435882567,3.1338769435882567,2.96534251707146,2.82315673828125,2.7595813303108674,,-0.16853442651679673,-0.31072020530700684,-0.37429561327738936,,3.679235410690308,3.679235410690308,3.612587761400215,3.9737770714434273,3.9040776577021385,,-0.06664764929009293,0.2945416607531195,0.22484224701183075,,3.1670687198638916,3.1670687198638916,2.875215337937137,3.003086417554372,2.9315143033682576,,-0.2918533819267548,-0.1639823023095195,-0.23555441649563402,,2.5479652881622314,2.5479652881622314,3.1657044054513954,2.562039852142334,2.773147483427362,,0.617739117289164,0.014074563980102539,0.2251821952651305,,4.2053070068359375,4.2053070068359375,4.0373803851116135,3.8848892349794686,4.3614301681518555,,-0.16792662172432404,-0.3204177718564689,0.15612316131591797,,19.682100296020508,19.682100296020508,25.09438239714228,17.370468139648438,29.855589035524435,,5.412282101121772,-2.3116321563720703,10.173488739503927,,19.777820759356164,19.777820759356164,25.202146780101433,13.375461168411661,30.05884296600842,,5.424326020745269,-6.402359590944503,10.281022206652256,,,,0.0,0.0,0.0,,,,,,,,0.8755262415093111,0.8168763518333435,0.8606668361219536,,,,,,,,0.8598875627251314,0.6533812880516052,0.7622562882864343,,,,,
urgent_test-blind_0271_440__p008000,8,2.480689104330497,2.480689104330497,2.9144293797079417,3.0109477259358424,2.7434712627911653,,0.43374027537744464,0.5302586216053453,0.2627821584606682,,3.759594202041626,3.759594202041626,3.68261251679386,3.349735975265503,4.132681272116052,,-0.07698168524776605,-0.40985822677612305,0.3730870700744262,,2.325991630554199,2.325991630554199,2.5115185013736583,2.499022598726204,2.258863271958378,,0.18552687081945907,0.17303096817200458,-0.06712835859582134,,3.0152968883514406,3.0152968883514406,2.96534251707146,2.82315673828125,2.7595813303108674,,-0.04995437127998059,-0.1921401500701907,-0.2557155580405732,,3.895772854487101,3.895772854487101,3.612587761400215,3.9737770714434273,3.6732178850825052,,-0.2831850930868862,0.0780042169563262,-0.22255496940459585,,3.9383938312530518,3.9383938312530518,3.513752831033913,3.003086417554372,3.612003642871197,,-0.42464100021913875,-0.9353074136986796,-0.32639018838185496,,3.9385831356048584,3.9385831356048584,3.6455966981060532,3.9860012531280518,4.25769880785042,,-0.29298643749880515,0.04741811752319336,0.3191156722455615,,4.45115852355957,4.45115852355957,4.295161913676434,3.8848892349794686,3.871898666443116,,-0.15599660988313602,-0.5662692885801017,-0.5792598571164542,,15.470643043518066,15.470643043518066,25.09438239714228,14.87355550896212,13.059100162552063,,9.623739353624213,-0.5970875345559463,-2.411542880966003,,15.509278723296983,15.509278723296983,25.202146780101433,13.375461168411661,11.525480238086931,,9.69286805680445,-2.133817554885322,-3.983798485210052,,,,0.0,0.0,0.0,,,,,,,,0.9313854828895813,0.9459272027015686,0.9546775951921701,,,,,,,,0.9644771232662431,0.9953312352618022,0.958817387824001,,,,,
urgent_test-blind_0271_491__p008000,8,2.296661484478626,2.296661484478626,2.9144293797079417,3.0109477259358424,2.7434712627911653,,0.6177678952293157,0.7142862414572164,0.4468097783125393,,3.7961065769195557,3.7961065769195557,3.68261251679386,3.349735975265503,3.8671293000140823,,-0.11349406012569574,-0.44637060165405273,0.07102272309452662,,2.361806869506836,2.361806869506836,2.5115185013736583,2.499022598726204,2.258863271958378,,0.14971163186682235,0.13721572921936787,-0.10294359754845805,,2.665484094619751,2.665484094619751,2.96534251707146,2.82315673828125,2.7595813303108674,,0.29985842245170913,0.15767264366149902,0.0940972356911165,,3.8041788895924884,3.8041788895924884,3.612587761400215,1.8128407716751098,3.6732178850825052,,-0.19159112819227353,-1.9913381179173786,-0.13096100450998316,,4.352018356323242,4.352018356323242,3.513752831033913,3.003086417554372,3.612003642871197,,-0.8382655252893292,-1.34893193876887,-0.7400147134520454,,4.275694370269775,4.275694370269775,3.6455966981060532,3.5392496212419258,4.25769880785042,,-0.6300976721637221,-0.7364447490278496,-0.017995562419355515,,4.562520980834961,4.562520980834961,4.295161913676434,3.8848892349794686,3.871898666443116,,-0.26735906715852664,-0.6776317458554924,-0.6906223143918448,,15.038396835327148,15.038396835327148,25.09438239714228,14.7477498188555,13.059100162552063,,10.055985561815131,-0.2906470164716488,-1.9792966727750851,,15.077361965403675,15.077361965403675,25.202146780101433,13.375461168411661,11.525480238086931,,10.124784814697758,-1.701900796992014,-3.5518817273167436,,,,0.0,0.0,0.0,,,,,,,,0.9313854828895813,0.9459272027015686,0.9546775951921701,,,,,,,,0.9644771232662431,0.9953312352618022,0.958817387824001,,,,,
urgent_test-blind_0271_493__p008000,8,2.3767245399487686,2.3767245399487686,2.9144293797079417,3.0109477259358424,2.7434712627911653,,0.537704839759173,0.6342231859870737,0.3667467228423966,,3.8219211101531982,3.8219211101531982,3.68261251679386,3.349735975265503,3.8671293000140823,,-0.13930859335933832,-0.4721851348876953,0.04520818986088404,,2.3210887908935547,2.3210887908935547,2.5115185013736583,2.499022598726204,2.258863271958378,,0.1904297104801036,0.17793380783264912,-0.062225518935176805,,2.8249193668365478,2.8249193668365478,2.96534251707146,2.82315673828125,2.7433993513804364,,0.14042315023491225,-0.0017626285552978516,-0.08152001545611132,,3.7724759101867678,3.7724759101867678,3.612587761400215,3.9670161406199136,3.6732178850825052,,-0.15988814878655289,0.19454023043314583,-0.09925802510426252,,4.078852653503418,4.078852653503418,3.513752831033913,3.003086417554372,3.612003642871197,,-0.565099822469505,-1.0757662359490459,-0.4668490106322212,,3.925842046737671,3.925842046737671,3.6455966981060532,3.5392496212419258,3.684876632498929,,-0.28024534863161765,-0.38659242549574513,-0.24096541423874207,,4.468961238861084,4.468961238861084,4.295161913676434,3.8848892349794686,3.871898666443116,,-0.1737993251846497,-0.5840720038816154,-0.5970625724179679,,15.216927528381348,15.216927528381348,25.09438239714228,14.7477498188555,13.059100162552063,,9.877454868760932,-0.46917770952584803,-2.1578273658292844,,15.256606818497097,15.256606818497097,25.202146780101433,13.375461168411661,11.525480238086931,,9.945539961604336,-1.8811456500854362,-3.731126580410166,,,,0.0,0.0,0.0,,,,,,,,0.9313854828895813,0.9459272027015686,0.9546775951921701,,,,,,,,0.9644771232662431,0.9953312352618022,0.958817387824001,,,,,
urgent_test-blind_0271_496__p008000,8,2.568197307849996,2.568197307849996,2.9144293797079417,3.0109477259358424,2.7434712627911653,,0.3462320718579459,0.4427504180858466,0.17527395494116949,,3.937650203704834,3.937650203704834,3.847205618777907,3.5265117093741174,3.8671293000140823,,-0.09044458492692709,-0.4111384943307166,-0.0705209036907517,,2.3742852210998535,2.3742852210998535,2.5115185013736583,2.499022598726204,2.258863271958378,,0.13723328027380477,0.12473737762635029,-0.11542194914147563,,2.7059756755828857,2.7059756755828857,2.96534251707146,2.82315673828125,2.7433993513804364,,0.25936684148857436,0.11718106269836426,0.03742367579755079,,3.875424273808797,3.875424273808797,4.22817462783262,1.7995043436686198,3.6732178850825052,,0.3527503540238226,-2.075919930140177,-0.20220638872629193,,4.128847599029541,4.128847599029541,3.513752831033913,3.003086417554372,4.484505173671676,,-0.615094767995628,-1.125761181475169,0.35565757464213466,,4.052155494689941,4.052155494689941,3.9595354465116936,3.9860012531280518,4.25769880785042,,-0.09262004817824776,-0.06615424156188965,0.20554331316047847,,4.52467155456543,4.52467155456543,4.619546763868217,3.8848892349794686,3.871898666443116,,0.09487520930278759,-0.6397823195859611,-0.6527728881223136,,16.39070701599121,16.39070701599121,25.09438239714228,17.370468139648438,13.059100162552063,,8.703675381151069,0.9797611236572266,-3.3316068534391476,,16.41284181719803,16.41284181719803,42.366300781778975,13.375461168411661,11.525480238086931,,25.953458964580946,-3.0373806487863675,-4.887361579111097,,,,0.0,0.0,0.0,,,,,,,,0.9313854828895813,0.9459272027015686,0.9546775951921701,,,,,,,,0.9644771232662431,0.9953312352618022,0.958817387824001,,,,,
urgent_test-blind_0357_450__p008000,8,3.1618160912435327,3.1618160912435327,3.447478152187994,3.365187941105417,3.2865507248906676,,0.28566206094446134,0.20337184986188417,0.12473463364713488,,3.9876720905303955,3.9876720905303955,4.092316354613706,3.999065631843475,4.132681272116052,,0.10464426408331029,0.01139354131307968,0.14500918158565668,,3.9101338386535645,3.9101338386535645,4.060785678495844,3.924741744995117,3.8371845325791694,,0.15065183984227914,0.014607906341552734,-0.07294930607439509,,3.7049102783203125,3.7049102783203125,3.925560276479606,3.600833463668823,3.0768062677728123,,0.22064999815929331,-0.10407681465148944,-0.6281040105475002,,4.1999813715616865,4.1999813715616865,4.817865442559421,4.652661832173665,4.428869763084524,,0.6178840709977349,0.45268046061197875,0.2288883915228377,,4.384734153747559,4.384734153747559,4.890166926096721,5.016104916492144,5.0101095452366105,,0.5054327723491623,0.6313707627445853,0.6253753914890519,,4.283722400665283,4.283722400665283,4.7164740562438965,4.566967964172363,4.607645464709485,,0.4327516555786133,0.2832455635070801,0.3239230640442017,,4.703320503234863,4.703320503234863,4.836176033479622,4.913525581359863,4.830354044236333,,0.1328555302447585,0.210205078125,0.12703354100146935,,41.944976806640625,41.944976806640625,42.316993713378906,42.37028503417969,41.73924255371094,,0.37201690673828125,0.4253082275390625,-0.2057342529296875,,43.124462677059554,43.124462677059554,43.791269785517834,44.00420015714539,43.94723624135117,,0.6668071084582792,0.8797374800858364,0.8227735642916159,,,,0.0,0.0,0.0,,,,,,0.9572120308876038,0.9572120308876038,0.9741742761738329,0.9459272027015686,0.9647253785267411,,0.01696224528622914,-0.011284828186035156,0.007513347639137358,,0.67232037,0.67232037,0.9644771232662431,0.9670616984367371,0.9950345898249063,,0.29215675326624313,0.29474132843673706,0.32271421982490633,
urgent_test-blind_0357_514__p008000,8,3.283317532670558,3.283317532670558,3.447478152187994,3.365187941105417,3.2865507248906676,,0.16416061951743588,0.08187040843485871,0.0032331922201094265,,3.952981948852539,3.952981948852539,4.092316354613706,3.9014344215393066,4.132681272116052,,0.13933440576116674,-0.05154752731323242,0.17969932326351312,,3.8603172302246094,3.8603172302246094,3.954536357557917,3.924741744995117,3.706664647443228,,0.09421912733330773,0.06442451477050781,-0.1536525827813815,,3.598017120361328,3.598017120361328,3.925560276479606,3.4658153126038704,3.0768062677728123,,0.3275431561182778,-0.1322018077574576,-0.5212108525885157,,4.464044761657715,4.464044761657715,4.817865442559421,3.9737770714434273,4.526431086360211,,0.3538206809017064,-0.49026769021428773,0.062386324702496054,,4.741749286651611,4.741749286651611,4.890166926096721,5.016104916492144,5.0101095452366105,,0.14841763944510955,0.2743556298405325,0.2683602585849991,,4.489813327789307,4.489813327789307,4.7164740562438965,4.566967964172363,4.607645464709485,,0.22666072845458984,0.07715463638305664,0.11783213692017824,,4.820243835449219,4.820243835449219,4.908923562750758,4.913525581359863,4.830354044236333,,0.08867972730153895,0.09328174591064453,0.010110208787113883,,42.09333419799805,42.09333419799805,42.316993713378906,42.37028503417969,42.46058654785156,,0.22365951538085938,0.2769508361816406,0.3672523498535156,,43.195876645749294,43.195876645749294,43.791269785517834,44.00420015714539,43.94723624135117,,0.5953931397685395,0.8083235113960967,0.7513595956018762,,,,0.0,0.0,0.0,,,,,,0.9625653028488159,0.9625653028488159,0.9566694577056242,0.9459272027015686,0.9647253785267411,,-0.005895845143191747,-0.016638100147247314,0.0021600756779251995,,0.7233534,0.7233534,0.9228545798355318,0.9060206263253012,0.9950345898249063,,0.19950117983553173,0.1826672263253012,0.2716811898249063,
urgent_test-blind_0404_524__p008000,8,2.741473863476532,2.741473863476532,2.633601304863325,2.5893829857921133,2.7434712627911653,,-0.10787255861320721,-0.15209087768441876,0.0019973993146331637,,3.011516809463501,3.011516809463501,3.2423034058995994,3.035421133041382,3.3930183816626367,,0.23078659643609845,0.02390432357788086,0.3815015721991357,,1.246060848236084,1.246060848236084,1.2752637906246875,1.3172378540039062,1.2701144151419521,,0.029202942388603548,0.07117700576782227,0.02405356690586813,,2.4228506565093992,2.4228506565093992,2.402447387779573,2.1282028916370437,2.2371546574864523,,-0.02040326872982634,-0.29464776487235556,-0.18569599902294698,,2.8797664483388266,2.8797664483388266,3.612587761400215,2.3831069636057656,3.424397902922777,,0.7328213130613883,-0.496659484733061,0.5446314545839503,,1.790828824043274,1.790828824043274,2.875215337937137,2.163616924400788,2.355838153256949,,1.0843865138938629,0.3727881003575142,0.5650093292136749,,3.7462291717529297,3.7462291717529297,3.7479782233755277,3.5392496212419258,3.5000575565430054,,0.0017490516225979746,-0.20697955051100392,-0.24617161520992425,,3.6382930278778076,3.6382930278778076,3.764311608061733,3.8393420770943885,3.8003845526032656,,0.12601858018392553,0.20104904921658084,0.16209152472545796,,33.27824401855469,33.27824401855469,40.34908676147461,27.29269027709961,13.059100162552063,,7.070842742919922,-5.985553741455078,-20.219143856002624,,35.51578781261653,35.51578781261653,43.791269785517834,41.34162749640854,39.81677967661731,,8.275481972901304,5.825839683792012,4.300991864000778,,,,0.0,0.0,0.0,,,,,,0.7658926248550415,0.7658926248550415,0.8755262415093111,0.9030937771481204,0.9032353517042107,,0.10963361665426963,0.13720115229307894,0.13734272684916915,,0.6668381,0.6668381,0.8555067700615696,0.7538637195725038,0.6846697782895651,,0.18866867006156962,0.08702561957250377,0.01783167828956511,
urgent_test-blind_0414_410__p008000,8,2.8805213036973334,2.8805213036973334,2.532496624886359,2.4144577520428183,2.732069293961549,,-0.3480246788109742,-0.4660635516545151,-0.14845200973578443,,3.327308177947998,3.327308177947998,3.048080182937254,3.035421133041382,3.444607953948668,,-0.27922799501074413,-0.2918870449066162,0.11729977600066999,,1.353843092918396,1.353843092918396,1.332007497189993,1.3642550520150059,1.4004102586263634,,-0.0218355957284031,0.010411959096609857,0.04656716570796737,,2.397614622116089,2.397614622116089,2.179533685163322,2.1282028916370437,2.2371546574864523,,-0.21808093695276698,-0.2694117304790451,-0.16045996462963652,,3.2321498870849608,3.2321498870849608,3.4801623478471995,3.021787961324056,3.272867266337077,,0.2480124607622387,-0.21036192576090462,0.04071737925211627,,2.375277519226074,2.375277519226074,2.875215337937137,2.51006817817688,2.355838153256949,,0.4999378187110626,0.13479065895080566,-0.019439365969125433,,2.7738966941833496,2.7738966941833496,3.18416780305196,3.5392496212419258,3.2534821004752654,,0.4102711088686104,0.7653529270585762,0.4795854062919158,,3.1241769790649414,3.1241769790649414,3.764311608061733,2.706125951675047,3.1656128354819426,,0.6401346289967917,-0.4180510273898945,0.041435856417001204,,21.65683364868164,21.65683364868164,11.135773340861004,17.370468139648438,26.563229419141408,,-10.521060307820637,-4.286365509033203,4.906395770459767,,21.702885937603238,21.702885937603238,25.202146780101433,38.28654816687972,39.81677967661731,,3.4992608424981952,16.58366222927648,18.11389373901407,,,,0.0,0.0,0.0,,,,,,,,0.7468902686513572,0.7907151579856873,0.7942898524812905,,,,,,,,0.12794155558668466,0.7538637195725038,0.6846697782895651,,,,,
urgent_test-blind_0417_452__p008000,8,3.1480307139953747,3.1480307139953747,3.266863423412649,3.1530025159952157,3.2865507248906676,,0.11883270941727408,0.004971801999841041,0.13852001089529287,,3.7704520225524902,3.7704520225524902,4.092316354613706,4.007903156510318,4.132681272116052,,0.32186433206121556,0.23745113395782802,0.36222924956356195,,3.69865083694458,3.69865083694458,3.6123836988426112,3.3736504675394077,3.151167578965306,,-0.08626713810196884,-0.3250003694051724,-0.5474832579792741,,3.0763810157775877,3.0763810157775877,3.6653030223157037,3.421864988717688,3.0768062677728123,,0.588922006538116,0.34548397294010025,0.0004252519952245848,,4.112440713246664,4.112440713246664,4.497222592840233,3.9670161406199136,3.9040776577021385,,0.3847818795935689,-0.14542457262675024,-0.20836305554452528,,3.9244329929351807,3.9244329929351807,4.890166926096721,4.575345039367676,4.484505173671676,,0.9657339331615402,0.6509120464324951,0.560072180736495,,4.128316402435303,4.128316402435303,4.58849601860506,4.566967964172363,4.607645464709485,,0.4601796161697571,0.43865156173706055,0.47932906227418215,,4.561330795288086,4.561330795288086,4.836176033479622,4.913525581359863,4.761182095631059,,0.27484523819153583,0.35219478607177734,0.19985130034297338,,28.283823013305664,28.283823013305664,41.73924255371094,20.020647048950195,38.344276428222656,,13.455419540405273,-8.263175964355469,10.060453414916992,,28.991909941445456,28.991909941445456,43.791269785517834,22.153136366544626,39.81677967661731,,14.799359844072377,-6.838773574900831,10.824869735171852,,,,0.0,0.0,0.0,,,,,,0.9495146870613098,0.9495146870613098,0.9313854828895813,0.9459272027015686,0.9647253785267411,,-0.018129204171728475,-0.003587484359741211,0.015210691465431303,,0.9367454,0.9367454,0.9644771232662431,0.85493,0.9031822060131303,,0.02773172326624318,-0.08181539999999998,-0.03356319398686969,
urgent_test-blind_0518_505__p008000,8,3.0983593579065984,3.0983593579065984,2.9144293797079417,3.0109477259358424,2.859190057256112,,-0.18392997819865675,-0.08741163197075608,-0.23916930065048625,,3.695359230041504,3.695359230041504,3.5577549584898125,3.2823985800685653,3.693037991542893,,-0.13760427155169141,-0.4129606499729386,-0.002321238498610878,,1.3083751201629639,1.3083751201629639,1.5313415972583266,1.3807680937181037,1.3144711720416824,,0.22296647709536277,0.07239297355513985,0.006096051878718534,,3.3649956226348876,3.3649956226348876,2.96534251707146,2.82315673828125,2.7433993513804364,,-0.3996531055634276,-0.5418388843536377,-0.6215962712544512,,3.172576967875163,3.172576967875163,3.612587761400215,3.9670161406199136,3.424397902922777,,0.4400107935250519,0.7944391727447506,0.25182093504761394,,2.637941598892212,2.637941598892212,2.875215337937137,3.003086417554372,2.9315143033682576,,0.23727373904492488,0.3651448186621602,0.29357270447604566,,3.567462682723999,3.567462682723999,3.7479782233755277,3.5392496212419258,3.410093944714251,,0.18051554065152864,-0.028213061482073254,-0.15736873800974793,,2.6847550868988037,2.6847550868988037,4.0373803851116135,3.8393420770943885,3.1656128354819426,,1.3526252982128097,1.1545869901955848,0.4808577485831389,,41.11411666870117,41.11411666870117,40.293331146240234,17.921680450439453,38.344276428222656,,-0.8207855224609375,-23.19243621826172,-2.7698402404785156,,42.07790580301227,42.07790580301227,42.366300781778975,35.4257667017665,41.57980506838772,,0.2883949787667035,-6.652139101245773,-0.4981007346245505,,,,0.0,0.0,0.0,,,,,,,,0.9313854828895813,0.9459272027015686,0.9168841319390569,,,,,,,,0.9215558212851407,0.85493,0.8453808024705174,,,,,
urgent_test-blind_0542_450__p008000,8,3.129605026527223,3.129605026527223,3.187178875049633,3.0109477259358424,3.1154742440839707,,0.05757384852241021,-0.11865730059138047,-0.014130782443252166,,3.3012208938598633,3.3012208938598633,4.092316354613706,3.9014344215393066,3.693037991542893,,0.7910954607538425,0.6002135276794434,0.39181709768302975,,3.2689266204833984,3.2689266204833984,3.1971346671322745,2.8743040561676025,2.9320456665682504,,-0.07179195335112398,-0.3946225643157959,-0.33688095391514805,,2.4486820220947267,2.4486820220947267,2.96534251707146,2.82315673828125,2.7433993513804364,,0.5166604949767333,0.37447471618652317,0.2947173292857097,,4.176564153035482,4.176564153035482,3.612587761400215,3.9737770714434273,3.9040776577021385,,-0.5639763916352671,-0.20278708159205472,-0.27248649533334346,,3.8847179412841797,3.8847179412841797,4.396914752132921,3.864074945449829,4.484505173671676,,0.5121968108487414,-0.020642995834350586,0.599787232387496,,4.255857944488525,4.255857944488525,4.477402284920934,4.566967964172363,4.25769880785042,,0.22154434043240823,0.3111100196838379,0.0018408633618944847,,4.463560104370117,4.463560104370117,4.8216062683656995,4.711663246154785,4.761182095631059,,0.3580461639955823,0.24810314178466797,0.29762199126094213,,42.79228591918945,42.79228591918945,42.316993713378906,42.84180450439453,42.46058654785156,,-0.4752922058105469,0.049518585205078125,-0.3316993713378906,,44.25895575173483,44.25895575173483,43.791269785517834,44.00420015714539,43.82666147389919,,-0.46768596621699743,-0.2547555945894402,-0.4322942778356378,,,,0.0,0.0,0.0,,,,,,,,0.9313854828895813,0.9459272027015686,0.9546775951921701,,,,,,,,0.8598875627251314,0.85493,0.9031822060131303,,,,,
urgent_test-blind_0542_496__p008000,8,3.0161967316362928,3.0161967316362928,3.187178875049633,3.0109477259358424,2.732069293961549,,0.17098214341334028,-0.005249005700450393,-0.2841274376747438,,3.3110122680664062,3.3110122680664062,3.4638023376464844,3.5265117093741174,3.444607953948668,,0.15279006958007812,0.21549944130771115,0.13359568588226178,,2.990710973739624,2.990710973739624,2.5203774463699524,2.4810056686401367,2.5060901957822126,,-0.4703335273696716,-0.5097053050994873,-0.48462077795741143,,2.968119812011719,2.968119812011719,2.96534251707146,2.82315673828125,2.7433993513804364,,-0.002777294940258912,-0.14496307373046902,-0.22472046063128248,,3.3860816319783527,3.3860816319783527,3.612587761400215,3.9737770714434273,3.9040776577021385,,0.2265061294218622,0.5876954394650746,0.5179960257237859,,3.439758539199829,3.439758539199829,3.400463463312172,3.864074945449829,3.612003642871197,,-0.03929507588765713,0.42431640625,0.1722451036713677,,3.0996170043945312,3.0996170043945312,3.9595354465116936,3.9860012531280518,3.6059983466044963,,0.8599184421171624,0.8863842487335205,0.506381342209965,,4.470490455627441,4.470490455627441,4.295161913676434,4.515913963317871,3.871898666443116,,-0.1753285419510071,0.04542350769042969,-0.5985917891843253,,42.14393615722656,42.14393615722656,41.73924255371094,17.370468139648438,38.344276428222656,,-0.404693603515625,-24.773468017578125,-3.7996597290039062,,43.81706621650943,43.81706621650943,42.366300781778975,22.153136366544626,39.81677967661731,,-1.4507654347304566,-21.663929849964806,-4.000286539892123,,,,0.0,0.0,0.0,,,,,,,,0.8755262415093111,0.8168763518333435,0.843022027887015,,,,,,,,0.8555067700615696,0.85493,0.9031822060131303,,,,,
urgent_test-blind_0542_501__p008000,8,3.249566789777305,3.249566789777305,3.187178875049633,3.0109477259358424,3.0587917036867385,,-0.06238791472767202,-0.2386190638414627,-0.1907750860905666,,3.3711776733398438,3.3711776733398438,3.847205618777907,3.786478042602539,3.693037991542893,,0.47602794543806315,0.4153003692626953,0.3218603182030493,,3.1716718673706055,3.1716718673706055,2.8687779874686736,2.8743040561676025,2.9320456665682504,,-0.30289387990193184,-0.29736781120300293,-0.23962620080235508,,2.5694863319396974,2.5694863319396974,2.96534251707146,2.82315673828125,2.7433993513804364,,0.3958561851317626,0.25367040634155247,0.173913019440739,,3.5208849906921387,3.5208849906921387,3.612587761400215,3.9670161406199136,3.9040776577021385,,0.0917027707080762,0.4461311499277749,0.3831926670099999,,4.19724178314209,4.19724178314209,4.305478222398873,3.864074945449829,4.484505173671676,,0.10823643925678272,-0.33316683769226074,0.2872633905295858,,4.29250431060791,4.29250431060791,4.321376662656485,4.566967964172363,4.25769880785042,,0.028872352048574967,0.2744636535644531,-0.03480550275749028,,4.44634485244751,4.44634485244751,4.630159099417996,4.711663246154785,4.528436867587538,,0.18381424697048665,0.2653183937072754,0.08209201514002817,,42.56212615966797,42.56212615966797,42.316993713378906,42.84180450439453,42.46058654785156,,-0.2451324462890625,0.2796783447265625,-0.10153961181640625,,44.205714832801554,44.205714832801554,43.791269785517834,44.00420015714539,43.82666147389919,,-0.41444504728372067,-0.20151467565616343,-0.379053358902361,,,,0.0,0.0,0.0,,,,,,,,0.8958807491873163,0.9459272027015686,0.9168841319390569,,,,,,,,0.8598875627251314,0.85493,0.9031822060131303,,,,,
urgent_test-blind_0569_421__p008000,8,2.8724972990426845,2.8724972990426845,3.187178875049633,3.0109477259358424,3.0587917036867385,,0.31468157600694857,0.1384504268931579,0.186294404644054,,3.919872522354126,3.919872522354126,3.847205618777907,3.5265117093741174,4.132681272116052,,-0.07266690357621908,-0.3933608129800086,0.2128087497619262,,3.165087938308716,3.165087938308716,2.5115185013736583,2.5317776203155518,2.815997765724917,,-0.6535694369350575,-0.6333103179931641,-0.3490901725837987,,3.177331829071045,3.177331829071045,2.96534251707146,2.82315673828125,2.7433993513804364,,-0.21198931199958482,-0.3541750907897949,-0.4339324776906084,,4.386404863993326,4.386404863993326,3.612587761400215,2.3831069636057656,3.9040776577021385,,-0.7738171025931115,-2.003297900387561,-0.48232720629118786,,3.712566614151001,3.712566614151001,3.513752831033913,3.003086417554372,3.612003642871197,,-0.19881378311708797,-0.7094801965966289,-0.10056297127980418,,4.103484630584717,4.103484630584717,4.09345537208649,3.5392496212419258,4.25769880785042,,-0.010029258498226667,-0.564235009342791,0.15421417726570308,,4.23374080657959,4.23374080657959,4.0373803851116135,3.8848892349794686,4.528436867587538,,-0.1963604214679764,-0.34885157160012126,0.2946960610079481,,41.46957778930664,41.46957778930664,41.73924255371094,20.020647048950195,41.73924255371094,,0.2696647644042969,-21.448930740356445,0.2696647644042969,,43.05012153149198,43.05012153149198,43.791269785517834,19.959982656587627,42.7296377254337,,0.7411482540258518,-23.090138874904355,-0.3204838060582844,,,,0.0,0.0,0.0,,,,,,0.9218729138374329,0.9218729138374329,0.9313854828895813,0.9459272027015686,0.9168841319390569,,0.009512569052148478,0.024054288864135742,-0.004988781898375927,,0.8727207,0.8727207,0.9228545798355318,0.85493,0.9031822060131303,,0.05013387983553175,-0.017790700000000048,0.030461506013130246,
urgent_test-blind_0569_522__p008000,8,3.0763658151931903,3.0763658151931903,3.187178875049633,3.0109477259358424,3.0587917036867385,,0.11081305985644274,-0.06541808925734793,-0.01757411150645183,,4.074113368988037,4.074113368988037,3.847205618777907,3.786478042602539,4.132681272116052,,-0.2269077502101302,-0.28763532638549805,0.058567903128015075,,3.7815990447998047,3.7815990447998047,3.1971346671322745,2.8743040561676025,2.9320456665682504,,-0.5844643776675302,-0.9072949886322021,-0.8495533782315543,,2.710928440093994,2.710928440093994,2.96534251707146,2.82315673828125,3.0768062677728123,,0.2544140769774659,0.11222829818725577,0.36587782767881816,,4.539055379231771,4.539055379231771,4.22817462783262,3.9670161406199136,3.9288912122029376,,-0.31088075139915095,-0.5720392386118571,-0.6101641670288331,,4.377577781677246,4.377577781677246,4.090921924774905,3.864074945449829,4.484505173671676,,-0.28665585690234074,-0.513502836227417,0.10692739199442958,,4.23884391784668,4.23884391784668,4.321376662656485,3.9860012531280518,4.381644404078104,,0.08253274480980544,-0.25284266471862793,0.14280048623142427,,4.486608028411865,4.486608028411865,4.619546763868217,4.300492355622441,4.830354044236333,,0.13293873545635204,-0.1861156727894242,0.3437460158244674,,40.8733024597168,40.8733024597168,41.73924255371094,20.020647048950195,41.73924255371094,,0.8659400939941406,-20.8526554107666,0.8659400939941406,,42.82339907684271,42.82339907684271,43.791269785517834,19.959982656587627,42.22886501482761,,0.9678707086751217,-22.863416420255085,-0.5945340620151001,,,,0.0,0.0,0.0,,,,,,0.9408627152442932,0.9408627152442932,0.9313854828895813,0.9459272027015686,0.9647253785267411,,-0.009477232354711873,0.005064487457275391,0.023862663282447905,,0.9306919,0.9306919,0.9228545798355318,0.85493,0.9759322871644813,,-0.007837320164468253,-0.07576190000000005,0.04524038716448131,
urgent_test-blind_0643_417__p008000,8,3.225900304300783,3.225900304300783,3.187178875049633,3.1530025159952157,3.0587917036867385,,-0.038721429251149964,-0.07289778830556726,-0.16710860061404453,,3.9201765060424805,3.9201765060424805,3.847205618777907,3.5265117093741174,3.8671293000140823,,-0.07297088726457357,-0.39366479666836307,-0.053047206028398186,,2.565340995788574,2.565340995788574,2.5115185013736583,2.5317776203155518,2.1640160203458807,,-0.05382249441491593,-0.03356337547302246,-0.4013249754426935,,3.2706062316894533,3.2706062316894533,2.96534251707146,2.82315673828125,2.7433993513804364,,-0.3052637146179933,-0.4474494934082034,-0.5272068803090169,,4.488185437520345,4.488185437520345,4.22817462783262,3.9737770714434273,4.428869763084524,,-0.26001080968772516,-0.5144083660769176,-0.05931567443582075,,3.3621277809143066,3.3621277809143066,4.090921924774905,3.864074945449829,4.484505173671676,,0.7287941438605987,0.5019471645355225,1.122377392757369,,3.930649757385254,3.930649757385254,3.9595354465116936,3.9860012531280518,4.25769880785042,,0.02888568912643974,0.05535149574279785,0.32704905046516597,,3.0536410808563232,3.0536410808563232,1.5425501846405396,4.515913963317871,4.531355365691894,,-1.5110908962157836,1.4622728824615479,1.4777142848355709,,42.05992126464844,42.05992126464844,41.73924255371094,40.71783447265625,41.73924255371094,,-0.3206787109375,-1.3420867919921875,-0.3206787109375,,43.81668708754573,43.81668708754573,43.791269785517834,43.4873616866321,42.22886501482761,,-0.025417302027896937,-0.32932540091363194,-1.5878220727181187,,,,0.0,0.0,0.0,,,,,,0.9012786746025085,0.9012786746025085,0.8958807491873163,0.9459272027015686,0.9647253785267411,,-0.0053979254151922396,0.04464852809906006,0.06344670392423257,,0.94782025,0.94782025,0.819221969349796,0.85493,0.9031822060131303,,-0.12859828065020407,-0.09289025000000006,-0.04463804398686977,
urgent_test-blind_0643_440__p008000,8,3.2686813171967204,3.2686813171967204,3.402553986202744,3.249502302100756,3.2865507248906676,,0.13387266900602368,-0.019179015095964314,0.01786940769394718,,3.819361448287964,3.819361448287964,4.092316354613706,3.786478042602539,4.132681272116052,,0.27295490632574193,-0.032883405685424805,0.3133198238280883,,2.783496379852295,2.783496379852295,2.8687779874686736,2.8743040561676025,2.5060901957822126,,0.08528160761637871,0.09080767631530762,-0.27740618407008233,,3.5710769176483153,3.5710769176483153,2.96534251707146,2.82315673828125,3.0768062677728123,,-0.6057344005768552,-0.7479201793670653,-0.49427064987550295,,4.711662292480469,4.711662292480469,4.497222592840233,4.416389624277751,4.428869763084524,,-0.21443969964023601,-0.2952726682027178,-0.28279252939594457,,4.607471942901611,4.607471942901611,4.6822365335671305,4.575345039367676,4.584327113676262,,0.07476459066551921,-0.03212690353393555,-0.023144829225349106,,4.430139541625977,4.430139541625977,4.477402284920934,4.566967964172363,4.381644404078104,,0.047262743294957055,0.13682842254638672,-0.0484951375478726,,4.649076461791992,4.649076461791992,4.836176033479622,4.711663246154785,4.830354044236333,,0.18709957168762958,0.06258678436279297,0.18127758244434045,,42.27307891845703,42.27307891845703,42.316993713378906,42.37028503417969,41.832984924316406,,0.043914794921875,0.09720611572265625,-0.440093994140625,,44.004676802777745,44.004676802777745,43.791269785517834,43.798571638281274,43.24447976954628,,-0.21340701725991096,-0.20610516449647065,-0.7601970332314636,,,,0.0,0.0,0.0,,,,,,0.9189391136169434,0.9189391136169434,0.9411847373567911,0.9459272027015686,0.9647253785267411,,0.02224562373984773,0.026988089084625244,0.04578626490979776,,0.942789,0.942789,0.9228545798355318,0.85493,0.9031822060131303,,-0.019934420164468225,-0.08785900000000002,-0.039606793986869726,
urgent_test-blind_0643_451__p008000,8,3.1814640812761876,3.1814640812761876,3.187178875049633,3.1530025159952157,3.2865507248906676,,0.005714793773445415,-0.02846156528097188,0.10508664361447995,,3.7825164794921875,3.7825164794921875,3.847205618777907,3.786478042602539,3.8671293000140823,,0.0646891392857194,0.0039615631103515625,0.08461282052189478,,2.468722343444824,2.468722343444824,2.1796877211835013,2.4810056686401367,2.1640160203458807,,-0.2890346222613229,0.0122833251953125,-0.3047063230989435,,2.9599668979644775,2.9599668979644775,2.96534251707146,2.82315673828125,2.7433993513804364,,0.005375619106982477,-0.13681015968322763,-0.2165675465840411,,4.627402019500733,4.627402019500733,4.22817462783262,3.9737770714434273,4.2766554302639435,,-0.39922739166811283,-0.6536249480573053,-0.35074658923678914,,2.565190315246582,2.565190315246582,4.090921924774905,3.864074945449829,3.612003642871197,,1.5257316095283233,1.298884630203247,1.0468133276246148,,3.827784299850464,3.827784299850464,4.321376662656485,3.9860012531280518,4.25769880785042,,0.49359236280602126,0.1582169532775879,0.429914507999956,,2.5402204990386963,2.5402204990386963,4.619546763868217,3.8848892349794686,3.871898666443116,,2.079326264829521,1.3446687359407723,1.3316781674044198,,42.186553955078125,42.186553955078125,41.73924255371094,40.71783447265625,41.73924255371094,,-0.4473114013671875,-1.468719482421875,-0.4473114013671875,,43.396250272711356,43.396250272711356,43.791269785517834,44.11310060477105,43.24447976954628,,0.39501951280647774,0.7168503320596926,-0.1517705031650749,,,,0.0,0.0,0.0,,,,,,0.9008837938308716,0.9008837938308716,0.9313854828895813,0.9459272027015686,0.9168841319390569,,0.030501689058709758,0.04504340887069702,0.016000338108185352,,0.66128033,0.66128033,0.9228545798355318,0.85493,0.9031822060131303,,0.2615742498355318,0.19364967,0.2419018760131303,
urgent_test-blind_0643_454__p008000,8,3.225900304300783,3.225900304300783,3.187178875049633,3.1530025159952157,3.0587917036867385,,-0.038721429251149964,-0.07289778830556726,-0.16710860061404453,,3.9201765060424805,3.9201765060424805,3.847205618777907,3.5265117093741174,3.8671293000140823,,-0.07297088726457357,-0.39366479666836307,-0.053047206028398186,,2.565340995788574,2.565340995788574,2.5115185013736583,2.5317776203155518,2.1640160203458807,,-0.05382249441491593,-0.03356337547302246,-0.4013249754426935,,3.5786428928375242,3.5786428928375242,2.96534251707146,2.82315673828125,2.7433993513804364,,-0.6133003757660642,-0.7554861545562743,-0.8352435414570878,,4.483902072906494,4.483902072906494,4.22817462783262,3.9737770714434273,4.428869763084524,,-0.255727445073874,-0.5101250014630665,-0.055032309821969605,,3.3621277809143066,3.3621277809143066,4.090921924774905,3.864074945449829,4.484505173671676,,0.7287941438605987,0.5019471645355225,1.122377392757369,,3.930649757385254,3.930649757385254,3.9595354465116936,3.9860012531280518,4.25769880785042,,0.02888568912643974,0.05535149574279785,0.32704905046516597,,3.0536410808563232,3.0536410808563232,1.5425501846405396,4.515913963317871,4.531355365691894,,-1.5110908962157836,1.4622728824615479,1.4777142848355709,,42.06825256347656,42.06825256347656,41.73924255371094,40.71783447265625,41.73924255371094,,-0.329010009765625,-1.3504180908203125,-0.329010009765625,,43.81668679224867,43.81668679224867,43.791269785517834,43.4873616866321,42.22886501482761,,-0.02541700673083369,-0.3293251056165687,-1.5878217774210555,,,,0.0,0.0,0.0,,,,,,0.9012786746025085,0.9012786746025085,0.8958807491873163,0.9459272027015686,0.9647253785267411,,-0.0053979254151922396,0.04464852809906006,0.06344670392423257,,0.94782025,0.94782025,0.819221969349796,0.85493,0.9031822060131303,,-0.12859828065020407,-0.09289025000000006,-0.04463804398686977,
urgent_test-blind_0716_483__p008000,8,3.2719389475421363,3.2719389475421363,3.402553986202744,3.249502302100756,3.2865507248906676,,0.13061503866060775,-0.022436645441380243,0.014611777348531252,,3.8971800804138184,3.8971800804138184,4.092316354613706,3.94991135597229,4.132681272116052,,0.19513627419988744,0.05273127555847168,0.23550119170223383,,3.595379114151001,3.595379114151001,3.6123836988426112,3.3736504675394077,3.706664647443228,,0.01700458469161026,-0.2217286466115933,0.1112855332922269,,3.598528242111206,3.598528242111206,3.6653030223157037,3.2523393630981445,3.818478139433037,,0.06677478020449756,-0.3461888790130616,0.2199498973218308,,4.155323155721029,4.155323155721029,4.497222592840233,3.9670161406199136,4.526431086360211,,0.3418994371192037,-0.18830701510111547,0.371107930639182,,4.914485931396484,4.914485931396484,4.890166926096721,4.575345039367676,5.0101095452366105,,-0.024319005299763496,-0.3391408920288086,0.09562361384012608,,4.631887912750244,4.631887912750244,4.58849601860506,4.566967964172363,4.607645464709485,,-0.043391894145184295,-0.06491994857788086,-0.024242448040759257,,4.883089542388916,4.883089542388916,4.836176033479622,4.711663246154785,4.830354044236333,,-0.046913508909294244,-0.17142629623413086,-0.05273549815258338,,41.944976806640625,41.944976806640625,42.316993713378906,40.71783447265625,42.46058654785156,,0.37201690673828125,-1.227142333984375,0.5156097412109375,,43.32621641013374,43.32621641013374,43.791269785517834,43.798571638281274,43.94723624135117,,0.46505337538409464,0.47235522814753494,0.6210198312174313,,,,0.0,0.0,0.0,,,,,,0.9329379200935364,0.9329379200935364,0.9566694577056242,0.9459272027015686,0.9647253785267411,,0.023731537612087794,0.012989282608032227,0.03178745843320474,,0.9015488,0.9015488,0.9644771232662431,0.9670616984367371,0.9950345898249063,,0.06292832326624309,0.06551289843673702,0.0934857898249063,
urgent_test-blind_0763_532__p008000,8,2.999718889569188,2.999718889569188,3.187178875049633,3.1530025159952157,3.2865507248906676,,0.18745998548044485,0.15328362642602755,0.2868318353214794,,3.736952304840088,3.736952304840088,3.68261251679386,3.5265117093741174,3.693037991542893,,-0.054339788046227966,-0.2104405954659705,-0.04391431329719486,,2.49696946144104,2.49696946144104,2.4434543632599244,2.499022598726204,2.1640160203458807,,-0.05351509818111566,0.002053137285163764,-0.33295344109515934,,2.944104814529419,2.944104814529419,2.96534251707146,2.82315673828125,2.7595813303108674,,0.02123770254204116,-0.12094807624816895,-0.18452348421855147,,3.8073615550994875,3.8073615550994875,4.22817462783262,1.7995043436686198,3.6732178850825052,,0.4208130727331323,-2.007857211430868,-0.13414367001698224,,3.9136531352996826,3.9136531352996826,3.513752831033913,3.864074945449829,3.612003642871197,,-0.3999003042657696,-0.049578189849853516,-0.3016494924284858,,4.246371269226074,4.246371269226074,3.9595354465116936,3.9860012531280518,4.25769880785042,,-0.2868358227143806,-0.26037001609802246,0.011327538624345657,,4.578185558319092,4.578185558319092,4.4369019427931455,4.515913963317871,3.928551262162297,,-0.14128361552594626,-0.0622715950012207,-0.6496342961567949,,41.928794860839844,41.928794860839844,40.293331146240234,20.020647048950195,18.989276457024385,,-1.6354637145996094,-21.90814781188965,-22.93951840381546,,43.892234092294615,43.892234092294615,42.366300781778975,15.344282541230317,19.233737300671013,,-1.52593331051564,-28.547951551064298,-24.6584967916236,,,,0.0,0.0,0.0,,,,,,,,0.9313854828895813,0.9459272027015686,0.9647253785267411,,,,,,,,0.9644771232662431,0.8639521598815918,0.958817387824001,,,,,
urgent_test-blind_0801_455__p008000,8,2.727844997455682,2.727844997455682,2.33905517046609,2.332197092064295,2.51490741576413,,-0.3887898269895924,-0.39564790539138706,-0.2129375816915524,,2.8814432621002197,2.8814432621002197,3.2423034058995994,2.9189110663999993,2.839452436171382,,0.3608601437993797,0.037467804299779583,-0.041990825928837516,,1.3400324583053589,1.3400324583053589,1.3166314708181175,1.2770386934280396,1.3144711720416824,,-0.023400987487241398,-0.06299376487731934,-0.025561286263676486,,1.7976871967315673,1.7976871967315673,2.179533685163322,2.1282028916370437,1.946901224703195,,0.3818464884317545,0.3305156949054764,0.14921402797162764,,2.189395793279012,2.189395793279012,2.905926442050551,2.3831069636057656,2.8460707390643507,,0.7165306487715388,0.19371117032675356,0.6566749457853387,,2.2980029582977295,2.2980029582977295,2.875215337937137,2.0853068828582764,2.355838153256949,,0.5772123796394073,-0.21269607543945312,0.057835194959219294,,2.922367811203003,2.922367811203003,3.18416780305196,3.5392496212419258,2.773147483427362,,0.2617999918489571,0.6168818100389228,-0.14922032777564098,,3.1540095806121826,3.1540095806121826,3.764311608061733,2.706125951675047,3.1656128354819426,,0.6103020274495505,-0.44788362893713574,0.011603254869759994,,37.375022888183594,37.375022888183594,39.603267669677734,17.370468139648438,38.344276428222656,,2.2282447814941406,-20.004554748535156,0.9692535400390625,,38.18221724110113,38.18221724110113,35.85671727586167,44.76826328911652,29.50023889907705,,-2.325499965239459,6.58604604801539,-8.681978342024077,,,,0.0,0.0,0.0,,,,,,0.774182915687561,0.774182915687561,0.7270962193787817,0.6995345562337393,0.7390830727466139,,-0.047086696308779374,-0.07464835945382176,-0.035099842940947146,,0.3588304,0.3588304,0.12794155558668466,0.7538637195725038,0.46247691813721714,,-0.23088884441331534,0.39503331957250376,0.10364651813721715,
urgent_test-blind_0801_459__p008000,8,2.6386275059363555,2.6386275059363555,1.961464750681442,1.6061153759472475,1.9495668063148022,,-0.6771627552549135,-1.032512129989108,-0.6890606996215534,,2.329663038253784,2.329663038253784,2.506017919046333,2.456054449081421,2.4170224853308806,,0.17635488079254902,0.12639141082763672,0.08735944707709642,,1.3014639616012573,1.3014639616012573,1.3166314708181175,1.2598223686218262,1.2701144151419521,,0.015167509216860164,-0.04164159297943115,-0.03134954645930521,,1.7564461708068848,1.7564461708068848,1.7044373755474167,1.7940048217773437,1.7205357574554812,,-0.05200879525946811,0.03755865097045885,-0.03591041335140366,,1.3995797077814738,1.3995797077814738,2.6023343245188397,1.6903308788935343,1.733218263047766,,1.202754616737366,0.2907511711120605,0.33363855526629216,,0.9872192740440369,0.9872192740440369,1.6865811908101462,1.1118789911270142,1.5732554288274314,,0.6993619167661094,0.1246597170829773,0.5860361547833945,,2.1857638359069824,2.1857638359069824,2.599264170750078,2.009313520178737,2.158210823334843,,0.41350033484309545,-0.17645031572824532,-0.02755301257213949,,3.347097396850586,3.347097396850586,3.667062759399414,2.706125951675047,3.1656128354819426,,0.3199653625488281,-0.6409714451755391,-0.18148456136864333,,15.241104125976562,15.241104125976562,11.135773340861004,10.081348419189453,13.059100162552063,,-4.105330785115559,-5.159755706787109,-2.182003963424499,,15.278123960813183,15.278123960813183,12.707445682971976,7.506840487240041,11.525480238086931,,-2.570678277841207,-7.771283473573142,-3.7526437227262512,,,,0.0,0.0,0.0,,,,,,0.6539775729179382,0.6539775729179382,0.7270962193787817,0.6807832717895508,0.6905761009239288,,0.07311864646084343,0.02680569887161255,0.036598528005990616,,0.14956535,0.14956535,0.12794155558668466,0.2892498,0.46247691813721714,,-0.021623794413315356,0.13968445,0.3129115681372171,
urgent_test-blind_0801_468__p008000,8,2.684051002307226,2.684051002307226,2.532496624886359,2.571678862714249,2.51490741576413,,-0.15155437742086697,-0.11237213959297732,-0.16914358654309636,,3.177006721496582,3.177006721496582,3.3993454036942445,3.2823985800685653,3.3930183816626367,,0.2223386821976625,0.1053918585719833,0.21601166016605466,,1.3157093524932861,1.3157093524932861,1.332007497189993,1.3642550520150059,1.4004102586263634,,0.016298144696706762,0.04854569952171972,0.08470090613307724,,1.8402361392974853,1.8402361392974853,2.179533685163322,2.1282028916370437,2.2371546574864523,,0.3392975458658365,0.2879667523395584,0.39691851818896695,,2.3487377802530927,2.3487377802530927,3.4801623478471995,2.3831069636057656,3.272867266337077,,1.1314245675941068,0.034369183352672916,0.9241294860839844,,2.9085824489593506,2.9085824489593506,2.875215337937137,2.163616924400788,2.355838153256949,,-0.03336711102221379,-0.7449655245585625,-0.5527442957024018,,3.9116671085357666,3.9116671085357666,3.7479782233755277,3.795878034040152,3.3862234799258673,,-0.16368888516023894,-0.11578907449561449,-0.5254436286098993,,3.8824546337127686,3.8824546337127686,3.764311608061733,1.9989220722612127,3.871898666443116,,-0.1181430256510354,-1.883532561451556,-0.010555967269652466,,9.590417861938477,9.590417861938477,42.34355926513672,27.29269027709961,9.715840253485254,,32.75314140319824,17.702272415161133,0.1254223915467776,,9.915670351488403,9.915670351488403,44.8520983684421,44.76826328911652,39.81677967661731,,34.9364280169537,34.85259293762812,29.901109325128907,,,,0.0,0.0,0.0,,,,,,0.8205379247665405,0.8205379247665405,0.8339530495275934,0.7907151579856873,0.7592826751341303,,0.013415124761052888,-0.02982276678085327,-0.06125524963241025,,0.43893132,0.43893132,0.3552078536475997,0.7538637195725038,0.6846697782895651,,-0.0837234663524003,0.31493239957250374,0.2457384582895651,
urgent_test-blind_0804_447__p008000,8,2.330600993559453,2.330600993559453,2.33905517046609,1.914404993512341,1.9495668063148022,,0.008454176906636857,-0.4161960000471119,-0.38103418724465077,,3.1463794708251953,3.1463794708251953,3.036951092831102,2.730695267757737,2.950676418212523,,-0.10942837799409322,-0.4156842030674581,-0.1957030526126724,,1.263290524482727,1.263290524482727,1.2462396621704102,1.2598223686218262,1.2423320369548108,,-0.017050862312316895,-0.003468155860900879,-0.020958487527916292,,1.9935224533081055,1.9935224533081055,2.179533685163322,2.1282028916370437,2.0609634577509865,,0.18601123185521629,0.13468043832893817,0.06744100444288104,,2.866141907374064,2.866141907374064,2.905926442050551,2.3831069636057656,2.9756688731422067,,0.03978453467648668,-0.4830349437682986,0.10952696576814258,,1.8188713788986206,1.8188713788986206,1.6865811908101462,1.6024618608405792,2.0512023359896188,,-0.13229018808847437,-0.21640951805804143,0.23233095709099816,,3.1415112018585205,3.1415112018585205,3.18416780305196,3.5392496212419258,2.773147483427362,,0.0426566011934395,0.39773841938340526,-0.36836371843115856,,3.262483835220337,3.262483835220337,1.799605076571545,2.706125951675047,2.1205695091959944,,-1.462878758648792,-0.55635788354529,-1.1419143260243425,,39.54692077636719,39.54692077636719,5.218179266136812,-17.183237719248577,-8.64126807523061,,-34.32874151023037,-56.73015849561577,-48.1881888515978,,40.49033281218952,40.49033281218952,40.156060977297116,7.506840487240041,-0.7119967239552988,,-0.3342718348924052,-32.98349232494948,-41.20232953614482,,,,0.0,0.0,0.0,,,,,,,,0.7270962193787817,0.7375310034636992,0.7390830727466139,,,,,,,,0.4107864313575637,0.7538637195725038,0.46247691813721714,,,,,
urgent_test-blind_0825_443__p008000,8,2.139134755928223,2.139134755928223,2.33905517046609,2.2511874260427778,1.3574698774258431,,0.1999204145378668,0.11205267011455478,-0.7816648785023799,,3.06086802482605,3.06086802482605,3.155165635917081,2.730695267757737,2.839452436171382,,0.09429761109103119,-0.3301727570683126,-0.2214155886546676,,1.2547131776809692,1.2547131776809692,1.2752637906246875,1.2598223686218262,1.2423320369548108,,0.020550612943718294,0.005109190940856934,-0.01238114072615848,,1.955368661880493,1.955368661880493,2.179533685163322,2.1282028916370437,2.0609634577509865,,0.22416502328282872,0.1728342297565506,0.10559479587049347,,2.6760416348775227,2.6760416348775227,2.905926442050551,2.3831069636057656,2.5688801321159884,,0.22988480717302817,-0.2929346712717571,-0.10716150276153424,,1.8424931764602661,1.8424931764602661,1.6865811908101462,1.6024618608405792,1.5732554288274314,,-0.15591198565011988,-0.24003131561968694,-0.2692377476328347,,1.6940367221832275,1.6940367221832275,2.2671076676931725,2.009313520178737,1.910053672081974,,0.573070945509945,0.31527679799550956,0.21601694989874654,,2.289278745651245,2.289278745651245,3.667062759399414,2.706125951675047,3.1656128354819426,,1.377784013748169,0.41684720602380176,0.8763340898306975,,36.803131103515625,36.803131103515625,25.09438239714228,9.976408958435059,25.31194503048816,,-11.708748706373346,-26.826722145080566,-11.491186073027464,,37.29789004121247,37.29789004121247,25.3677207978613,13.375461168411661,26.628416550351375,,-11.93016924335117,-23.922428872800808,-10.669473490861094,,,,0.0,0.0,0.0,,,,,,,,0.8436501145841606,0.7907151579856873,0.7390830727466139,,,,,,,,0.7919414926724262,0.85493,0.6846697782895651,,,,,
urgent_test-blind_0825_517__p008000,8,2.3932615011765677,2.3932615011765677,2.33905517046609,2.50074513121587,2.51490741576413,,-0.05420633071047787,0.10748363003930228,0.12164591458756213,,3.1660549640655518,3.1660549640655518,2.9317514561266305,2.8491427898406982,3.007784935843992,,-0.2343035079389213,-0.3169121742248535,-0.15827002822155967,,1.2781610488891602,1.2781610488891602,1.2752637906246875,1.2770386934280396,1.2423320369548108,,-0.002897258264472624,-0.0011223554611206055,-0.0358290119343494,,1.9055005073547364,1.9055005073547364,2.1746742607599283,2.1282028916370437,2.2371546574864523,,0.2691737534051919,0.22270238428230726,0.33165415013171584,,2.6353538354237873,2.6353538354237873,3.308780992844976,1.4681542585173764,2.9756688731422067,,0.6734271574211887,-1.167199576906411,0.3403150377184194,,2.140369176864624,2.140369176864624,1.9993238090032555,2.217057466506958,2.0590989790767074,,-0.14104536786136856,0.07668828964233398,-0.08127019778791666,,1.8227207660675049,1.8227207660675049,2.7466313063380228,2.009313520178737,2.4537845845203323,,0.9239105402705179,0.18659275411123222,0.6310638184528274,,3.738661766052246,3.738661766052246,3.764311608061733,3.1096510887145996,3.871898666443116,,0.025649842009487056,-0.6290106773376465,0.13323690039087,,38.29154586791992,38.29154586791992,18.791551452085187,17.921680450439453,25.31194503048816,,-19.499994415834735,-20.36986541748047,-12.97960083743176,,38.8817140823966,38.8817140823966,19.34404457206174,15.344282541230317,11.525480238086931,,-19.537669510334858,-23.53743154116628,-27.356233844309667,,,,0.0,0.0,0.0,,,,,,,,0.8755262415093111,0.819348156452179,0.802390929685539,,,,,,,,0.8555067700615696,0.85493,0.8453808024705174,,,,,
urgent_test-blind_0867_421__p008000,8,2.630578336575243,2.630578336575243,2.33905517046609,2.2511874260427778,2.51490741576413,,-0.2915231661091533,-0.3793909105324653,-0.1156709208111133,,2.809223175048828,2.809223175048828,2.9317514561266305,2.730695267757737,3.007784935843992,,0.12252828107780234,-0.07852790729109094,0.19856176079516397,,1.2428404092788696,1.2428404092788696,1.2462396621704102,1.2598223686218262,1.2279622549991531,,0.0033992528915405273,0.016981959342956543,-0.014878154279716505,,2.0506198406219482,2.0506198406219482,2.179533685163322,2.1282028916370437,1.946901224703195,,0.12891384454137356,0.07758305101509544,-0.10371861591875331,,3.33380659421285,3.33380659421285,2.905926442050551,1.375575335820516,2.9756688731422067,,-0.42788015216229924,-1.958231258392334,-0.35813772107064334,,2.47786283493042,2.47786283493042,1.6865811908101462,1.6024618608405792,1.5732554288274314,,-0.7912816441202737,-0.8754009740898407,-0.9046074061029885,,2.7099289894104004,2.7099289894104004,2.7466313063380228,2.562039852142334,2.773147483427362,,0.03670231692762238,-0.1478891372680664,0.06321849401696156,,4.016177654266357,4.016177654266357,3.667062759399414,2.706125951675047,2.1205695091959944,,-0.34911489486694336,-1.3100517025913105,-1.895608145070363,,33.12871551513672,33.12871551513672,25.09438239714228,27.29269027709961,25.31194503048816,,-8.03433311799444,-5.836025238037109,-7.816770484648558,,35.72107314481117,35.72107314481117,29.557516334928224,16.429102280995643,26.628416550351375,,-6.163556809882948,-19.29197086381553,-9.092656594459797,,,,0.0,0.0,0.0,,,,,,,,0.7468902686513572,0.7907151579856873,0.7390830727466139,,,,,,,,0.12794155558668466,0.43203091621398926,0.40332496317269073,,,,,
urgent_test-blind_0927_490__p008000,8,2.637130175804639,2.637130175804639,2.633601304863325,2.5893829857921133,2.859190057256112,,-0.003528870941313933,-0.047747190012525476,0.22205988145147337,,2.489037275314331,2.489037275314331,3.3993454036942445,3.2823985800685653,3.444607953948668,,0.9103081283799135,0.7933613047542343,0.955570678634337,,1.464199185371399,1.464199185371399,1.332007497189993,1.3807680937181037,1.4004102586263634,,-0.13219168818140603,-0.08343109165329521,-0.06378892674503556,,2.5402016162872316,2.5402016162872316,2.402447387779573,2.1282028916370437,2.2371546574864523,,-0.13775422850765873,-0.41199872465018794,-0.30304695880077936,,4.563501930236816,4.563501930236816,3.612587761400215,2.3831069636057656,3.424397902922777,,-0.9509141688366012,-2.1803949666310505,-1.1391040273140391,,2.8253989219665527,2.8253989219665527,2.875215337937137,2.51006817817688,2.9315143033682576,,0.04981641597058406,-0.31533074378967285,0.10611538140170484,,3.217122793197632,3.217122793197632,3.7479782233755277,3.9860012531280518,3.410093944714251,,0.5308554301778958,0.7688784599304199,0.19297115151661925,,3.30369234085083,3.30369234085083,3.764311608061733,3.8393420770943885,3.928551262162297,,0.46061926721090307,0.5356497362435584,0.6248589213114668,,39.76210403442383,39.76210403442383,40.293331146240234,20.020647048950195,38.344276428222656,,0.5312271118164062,-19.741456985473633,-1.4178276062011719,,40.977845145780464,40.977845145780464,42.366300781778975,15.344282541230317,39.81677967661731,,1.3884556359985112,-25.633562604550146,-1.1610654691631552,,,,0.0,0.0,0.0,,,,,,0.8587958216667175,0.8587958216667175,0.8339530495275934,0.8288424273571336,0.843022027887015,,-0.024842772139124114,-0.02995339430958388,-0.01577379377970256,,0.8676384,0.8676384,0.8555067700615696,0.85493,0.7622562882864343,,-0.012131629938430422,-0.012708400000000064,-0.10538211171356571,
urgent_test-blind_0975_469__p008000,8,2.9933437200347512,2.9933437200347512,3.187178875049633,3.192565428013972,3.148608149700061,,0.1938351550148818,0.19922170797922067,0.15526442966530984,,3.6345694065093994,3.6345694065093994,3.847205618777907,3.786478042602539,3.693037991542893,,0.21263621226850749,0.15190863609313965,0.058468585033493614,,2.0772318840026855,2.0772318840026855,2.8687779874686736,2.549746277820633,2.5060901957822126,,0.7915461034659881,0.47251439381794746,0.42885831177952705,,2.9097238063812254,2.9097238063812254,2.96534251707146,2.82315673828125,3.0768062677728123,,0.05561871069023461,-0.0865670680999755,0.1670824613915869,,2.9389689763387046,2.9389689763387046,4.22817462783262,3.9737770714434273,3.9040776577021385,,1.2892056514939152,1.0348080951047227,0.965108681363434,,4.332660675048828,4.332660675048828,4.4568971984357715,4.575345039367676,4.555389162048279,,0.12423652338694335,0.24268436431884766,0.22272848699945058,,4.335922718048096,4.335922718048096,4.321376662656485,4.566967964172363,4.381644404078104,,-0.01454605539161058,0.23104524612426758,0.04572168603000826,,4.731818199157715,4.731818199157715,4.619546763868217,4.711663246154785,4.388563213578189,,-0.11227143528949757,-0.020154953002929688,-0.3432549855795255,,36.49665832519531,36.49665832519531,42.316993713378906,40.71783447265625,38.344276428222656,,5.820335388183594,4.2211761474609375,1.8476181030273438,,37.026111718376136,37.026111718376136,43.791269785517834,19.959982656587627,39.81677967661731,,6.765158067141698,-17.06612906178851,2.7906679582411726,,,,0.0,0.0,0.0,,,,,,,,0.8958807491873163,0.9090551733970642,0.9168841319390569,,,,,,,,0.8598875627251314,0.85493,0.9031822060131303,,,,,
